"producto","mes_corte","ventas_mes_anterior","promedio_movil_ventas_3_meses","promedio_movil_ventas_6_meses","promedio_movil_ventas_12_meses","vistas_producto_mes_anterior","promedio_movil_vistas_3_meses","ventas_mes_siguiente"
"Adidas Aeroready Tank Negro","2023-06","9","10.33","9.83","10.00","78","63.67","10"
"Adidas Aeroready Tank Negro","2023-07","10","10.67","9.67","10.00","58","64.33","7"
"Adidas Aeroready Tank Negro","2023-08","7","8.67","9.50","9.75","40","58.67","8"
"Adidas Aeroready Tank Negro","2023-09","8","8.33","9.33","9.75","59","52.33","9"
"Adidas Aeroready Tank Negro","2023-10","9","8.00","9.33","9.67","54","51.00","13"
"Adidas Aeroready Tank Negro","2023-11","13","10.00","9.33","9.67","101","71.33","10"
"Adidas Aeroready Tank Negro","2023-12","10","10.67","9.50","9.67","54","69.67","12"
"Adidas Aeroready Tank Negro","2024-01","12","11.67","9.83","9.75","57","70.67","10"
"Adidas Aeroready Tank Negro","2024-02","10","10.67","10.33","9.92","48","53.00","10"
"Adidas Aeroready Tank Negro","2024-03","10","10.67","10.67","10.00","77","60.67","12"
"Adidas Aeroready Tank Negro","2024-04","12","10.67","11.17","10.25","71","65.33","10"
"Adidas Aeroready Tank Negro","2024-05","10","10.67","10.67","10.00","69","72.33","11"
"Adidas Aeroready Tank Negro","2024-06","11","11.00","10.83","10.17","56","65.33","26"
"Adidas Aeroready Tank Negro","2024-07","26","15.67","13.17","11.50","53","59.33","33"
"Adidas Aeroready Tank Negro","2024-08","33","23.33","17.00","13.67","44","51.00","23"
"Adidas Aeroready Tank Negro","2024-09","23","27.33","19.17","14.92","62","53.00","30"
"Adidas Aeroready Tank Negro","2024-10","30","28.67","22.17","16.67","46","50.67","31"
"Adidas Aeroready Tank Negro","2024-11","31","28.00","25.67","18.17","57","55.00","11"
"Adidas Aeroready Tank Negro","2024-12","11","24.00","25.67","18.25","56","53.00","27"
"Adidas Aeroready Tank Negro","2025-01","27","23.00","25.83","19.50","60","57.67","37"
"Adidas Aeroready Tank Negro","2025-02","37","25.00","26.50","21.75","58","58.00","29"
"Adidas Aeroready Tank Negro","2025-03","29","31.00","27.50","23.33","73","63.67","25"
"Adidas Aeroready Tank Negro","2025-04","25","30.33","26.67","24.42","77","69.33","29"
"Adidas Aeroready Tank Negro","2025-05","29","27.67","26.33","26.00","78","76.00","31"
"Adidas Aeroready Tank Negro","2025-06","31","28.33","29.67","27.67","54","69.67","21"
"Adidas Aeroready Tank Negro","2025-07","21","27.00","28.67","27.25","62","64.67","28"
"Adidas Aeroready Tank Negro","2025-08","28","26.67","27.17","26.83","51","55.67","34"
"Adidas Aeroready Tank Negro","2025-09","34","27.67","28.00","27.75","45","52.67","34"
"Adidas Aeroready Tank Negro","2025-10","34","32.00","29.50","28.08","53","49.67","40"
"Adidas Aeroready Tank Negro","2025-11","40","36.00","31.33","28.83","45","47.67","11"
"Adidas Aeroready Tank Negro","2025-12","11","28.33","28.00","28.83","84","60.67","32"
"Adidas Aeroready Tank Negro","2026-01","32","27.67","29.83","29.25","54","61.00","30"
"Adidas Aeroready Tank Negro","2026-02","30","24.33","30.17","28.67","49","62.33","36"
"Adidas Aeroready Tank Negro","2026-03","36","32.67","30.50","29.25","42","48.33","38"
"Adidas Aeroready Tank Negro","2026-04","38","34.67","31.17","30.33","51","47.33","45"
"Adidas Aeroready Tank Negro","2026-05","45","39.67","32.00","31.67","64","52.33","36"
"Adidas Core Cotton Tank Negro","2023-06","1","1.00","0.83","0.58","74","65.67","1"
"Adidas Core Cotton Tank Negro","2023-07","1","1.00","0.83","0.67","58","62.33","1"
"Adidas Core Cotton Tank Negro","2023-08","1","1.00","1.00","0.67","73","68.33","1"
"Adidas Core Cotton Tank Negro","2023-09","1","1.00","1.00","0.75","48","59.67","1"
"Adidas Core Cotton Tank Negro","2023-10","1","1.00","1.00","0.75","70","63.67","0"
"Adidas Core Cotton Tank Negro","2023-11","0","0.67","0.83","0.75","77","65.00","1"
"Adidas Core Cotton Tank Negro","2023-12","1","0.67","0.83","0.83","44","63.67","1"
"Adidas Core Cotton Tank Negro","2024-01","1","0.67","0.83","0.83","68","63.00","1"
"Adidas Core Cotton Tank Negro","2024-02","1","1.00","0.83","0.92","64","58.67","0"
"Adidas Core Cotton Tank Negro","2024-03","0","0.67","0.67","0.83","0","44.00","1"
"Adidas Core Cotton Tank Negro","2024-04","1","0.67","0.67","0.83","55","39.67","0"
"Adidas Core Cotton Tank Negro","2024-05","0","0.33","0.67","0.75","64","39.67","1"
"Adidas Core Cotton Tank Negro","2024-06","1","0.67","0.67","0.75","74","64.33","1"
"Adidas Core Cotton Tank Negro","2024-07","1","0.67","0.67","0.75","60","66.00","1"
"Adidas Core Cotton Tank Negro","2024-08","1","1.00","0.67","0.75","52","62.00","2"
"Adidas Core Cotton Tank Negro","2024-09","2","1.33","1.00","0.83","68","60.00","0"
"Adidas Core Cotton Tank Negro","2024-10","0","1.00","0.83","0.75","62","60.67","6"
"Adidas Core Cotton Tank Negro","2024-11","6","2.67","1.83","1.25","76","68.67","4"
"Adidas Core Cotton Tank Negro","2024-12","4","3.33","2.33","1.50","48","62.00","1"
"Adidas Core Cotton Tank Negro","2025-01","1","3.67","2.33","1.50","59","61.00","3"
"Adidas Core Cotton Tank Negro","2025-02","3","2.67","2.67","1.67","82","63.00","4"
"Adidas Core Cotton Tank Negro","2025-03","4","2.67","3.00","2.00","82","74.33","7"
"Adidas Core Cotton Tank Negro","2025-04","7","4.67","4.17","2.50","46","70.00","1"
"Adidas Core Cotton Tank Negro","2025-05","1","4.00","3.33","2.58","60","62.67","1"
"Adidas Core Cotton Tank Negro","2025-06","1","3.00","2.83","2.58","71","59.00","1"
"Adidas Core Cotton Tank Negro","2025-07","1","1.00","2.83","2.58","66","65.67","0"
"Adidas Core Cotton Tank Negro","2025-08","0","0.67","2.33","2.50","85","74.00","4"
"Adidas Core Cotton Tank Negro","2025-09","4","1.67","2.33","2.67","70","73.67","1"
"Adidas Core Cotton Tank Negro","2025-10","1","1.67","1.33","2.75","67","74.00","3"
"Adidas Core Cotton Tank Negro","2025-11","3","2.67","1.67","2.50","88","75.00","3"
"Adidas Core Cotton Tank Negro","2025-12","3","2.33","2.00","2.42","77","77.33","4"
"Adidas Core Cotton Tank Negro","2026-01","4","3.33","2.50","2.67","68","77.67","1"
"Adidas Core Cotton Tank Negro","2026-02","1","2.67","2.67","2.50","39","61.33","7"
"Adidas Core Cotton Tank Negro","2026-03","7","4.00","3.17","2.75","92","66.33","7"
"Adidas Core Cotton Tank Negro","2026-04","7","5.00","4.17","2.75","74","68.33","8"
"Adidas Core Cotton Tank Negro","2026-05","8","7.33","5.00","3.33","83","83.00","16"
"Adidas Designed 4 Training Tee Negro","2023-06","5","4.67","4.33","4.00","43","35.33","5"
"Adidas Designed 4 Training Tee Negro","2023-07","5","5.00","4.50","4.00","32","33.00","5"
"Adidas Designed 4 Training Tee Negro","2023-08","5","5.00","4.83","4.08","34","36.33","3"
"Adidas Designed 4 Training Tee Negro","2023-09","3","4.33","4.50","4.33","37","34.33","5"
"Adidas Designed 4 Training Tee Negro","2023-10","5","4.33","4.67","4.58","42","37.67","6"
"Adidas Designed 4 Training Tee Negro","2023-11","6","4.67","4.83","4.58","38","39.00","4"
"Adidas Designed 4 Training Tee Negro","2023-12","4","5.00","4.67","4.50","31","37.00","4"
"Adidas Designed 4 Training Tee Negro","2024-01","4","4.67","4.50","4.50","35","34.67","5"
"Adidas Designed 4 Training Tee Negro","2024-02","5","4.33","4.50","4.67","44","36.67","3"
"Adidas Designed 4 Training Tee Negro","2024-03","3","4.00","4.50","4.50","23","34.00","5"
"Adidas Designed 4 Training Tee Negro","2024-04","5","4.33","4.50","4.58","39","35.33","4"
"Adidas Designed 4 Training Tee Negro","2024-05","4","4.00","4.17","4.50","32","31.33","4"
"Adidas Designed 4 Training Tee Negro","2024-06","4","4.33","4.17","4.42","39","36.67","9"
"Adidas Designed 4 Training Tee Negro","2024-07","9","5.67","5.00","4.75","37","36.00","4"
"Adidas Designed 4 Training Tee Negro","2024-08","4","5.67","4.83","4.67","37","37.67","13"
"Adidas Designed 4 Training Tee Negro","2024-09","13","8.67","6.50","5.50","26","33.33","14"
"Adidas Designed 4 Training Tee Negro","2024-10","14","10.33","8.00","6.25","28","30.33","15"
"Adidas Designed 4 Training Tee Negro","2024-11","15","14.00","9.83","7.00","31","28.33","11"
"Adidas Designed 4 Training Tee Negro","2024-12","11","13.33","11.00","7.58","37","32.00","12"
"Adidas Designed 4 Training Tee Negro","2025-01","12","12.67","11.50","8.25","41","36.33","8"
"Adidas Designed 4 Training Tee Negro","2025-02","8","10.33","12.17","8.50","34","37.33","3"
"Adidas Designed 4 Training Tee Negro","2025-03","3","7.67","10.50","8.50","23","32.67","5"
"Adidas Designed 4 Training Tee Negro","2025-04","5","5.33","9.00","8.50","33","30.00","5"
"Adidas Designed 4 Training Tee Negro","2025-05","5","4.33","7.33","8.58","29","28.33","10"
"Adidas Designed 4 Training Tee Negro","2025-06","10","6.67","7.17","9.08","33","31.67","4"
"Adidas Designed 4 Training Tee Negro","2025-07","4","6.33","5.83","8.67","27","29.67","4"
"Adidas Designed 4 Training Tee Negro","2025-08","4","6.00","5.17","8.67","24","28.00","16"
"Adidas Designed 4 Training Tee Negro","2025-09","16","8.00","7.33","8.92","30","27.00","12"
"Adidas Designed 4 Training Tee Negro","2025-10","12","10.67","8.50","8.75","27","27.00","14"
"Adidas Designed 4 Training Tee Negro","2025-11","14","14.00","10.00","8.67","32","29.67","5"
"Adidas Designed 4 Training Tee Negro","2025-12","5","10.33","9.17","8.17","47","35.33","8"
"Adidas Designed 4 Training Tee Negro","2026-01","8","9.00","9.83","7.83","23","34.00","13"
"Adidas Designed 4 Training Tee Negro","2026-02","13","8.67","11.33","8.25","22","30.67","1"
"Adidas Designed 4 Training Tee Negro","2026-03","1","7.33","8.83","8.08","18","21.00","14"
"Adidas Designed 4 Training Tee Negro","2026-04","14","9.33","9.17","8.83","40","26.67","12"
"Adidas Designed 4 Training Tee Negro","2026-05","12","9.00","8.83","9.42","31","29.67","18"
"Adidas Entrada Jacket Azul Marino","2023-06","2","2.00","1.67","1.67","35","28.33","1"
"Adidas Entrada Jacket Azul Marino","2023-07","1","1.67","1.83","1.67","17","26.00","0"
"Adidas Entrada Jacket Azul Marino","2023-08","0","1.00","1.50","1.58","17","23.00","2"
"Adidas Entrada Jacket Azul Marino","2023-09","2","1.00","1.50","1.58","23","19.00","2"
"Adidas Entrada Jacket Azul Marino","2023-10","2","1.33","1.50","1.58","27","22.33","1"
"Adidas Entrada Jacket Azul Marino","2023-11","1","1.67","1.33","1.50","32","27.33","0"
"Adidas Entrada Jacket Azul Marino","2023-12","0","1.00","1.00","1.33","29","29.33","2"
"Adidas Entrada Jacket Azul Marino","2024-01","2","1.00","1.17","1.50","35","32.00","1"
"Adidas Entrada Jacket Azul Marino","2024-02","1","1.00","1.33","1.42","16","26.67","0"
"Adidas Entrada Jacket Azul Marino","2024-03","0","1.00","1.00","1.25","18","23.00","2"
"Adidas Entrada Jacket Azul Marino","2024-04","2","1.00","1.00","1.25","24","19.33","2"
"Adidas Entrada Jacket Azul Marino","2024-05","2","1.33","1.17","1.25","33","25.00","0"
"Adidas Entrada Jacket Azul Marino","2024-06","0","1.33","1.17","1.08","20","25.67","8"
"Adidas Entrada Jacket Azul Marino","2024-07","8","3.33","2.17","1.67","21","24.67","8"
"Adidas Entrada Jacket Azul Marino","2024-08","8","5.33","3.33","2.33","20","20.33","1"
"Adidas Entrada Jacket Azul Marino","2024-09","1","5.67","3.50","2.25","14","18.33","6"
"Adidas Entrada Jacket Azul Marino","2024-10","6","5.00","4.17","2.58","32","22.00","7"
"Adidas Entrada Jacket Azul Marino","2024-11","7","4.67","5.00","3.08","23","23.00","10"
"Adidas Entrada Jacket Azul Marino","2024-12","10","7.67","6.67","3.92","21","25.33","11"
"Adidas Entrada Jacket Azul Marino","2025-01","11","9.33","7.17","4.67","32","25.33","12"
"Adidas Entrada Jacket Azul Marino","2025-02","12","11.00","7.83","5.58","29","27.33","10"
"Adidas Entrada Jacket Azul Marino","2025-03","10","11.00","9.33","6.42","31","30.67","11"
"Adidas Entrada Jacket Azul Marino","2025-04","11","11.00","10.17","7.17","37","32.33","12"
"Adidas Entrada Jacket Azul Marino","2025-05","12","11.00","11.00","8.00","29","32.33","9"
"Adidas Entrada Jacket Azul Marino","2025-06","9","10.67","10.83","8.75","33","33.00","1"
"Adidas Entrada Jacket Azul Marino","2025-07","1","7.33","9.17","8.17","27","29.67","10"
"Adidas Entrada Jacket Azul Marino","2025-08","10","6.67","8.83","8.33","14","24.67","9"
"Adidas Entrada Jacket Azul Marino","2025-09","9","6.67","8.67","9.00","29","23.33","2"
"Adidas Entrada Jacket Azul Marino","2025-10","2","7.00","7.17","8.67","26","23.00","7"
"Adidas Entrada Jacket Azul Marino","2025-11","7","6.00","6.33","8.67","23","26.00","9"
"Adidas Entrada Jacket Azul Marino","2025-12","9","6.00","6.33","8.58","26","25.00","6"
"Adidas Entrada Jacket Azul Marino","2026-01","6","7.33","7.17","8.17","22","23.67","11"
"Adidas Entrada Jacket Azul Marino","2026-02","11","8.67","7.33","8.08","31","26.33","14"
"Adidas Entrada Jacket Azul Marino","2026-03","14","10.33","8.17","8.42","14","22.33","11"
"Adidas Entrada Jacket Azul Marino","2026-04","11","12.00","9.67","8.42","32","25.67","13"
"Adidas Entrada Jacket Azul Marino","2026-05","13","12.67","10.67","8.50","23","23.00","17"
"Adidas Essentials Hoodie Gris","2023-06","7","5.67","5.67","5.33","75","84.00","5"
"Adidas Essentials Hoodie Gris","2023-07","5","5.33","5.50","5.33","103","87.33","0"
"Adidas Essentials Hoodie Gris","2023-08","0","4.00","4.83","4.92","49","75.67","6"
"Adidas Essentials Hoodie Gris","2023-09","6","3.67","4.67","5.08","101","84.33","6"
"Adidas Essentials Hoodie Gris","2023-10","6","4.00","4.67","5.17","82","77.33","0"
"Adidas Essentials Hoodie Gris","2023-11","0","4.00","4.00","4.75","78","87.00","8"
"Adidas Essentials Hoodie Gris","2023-12","8","4.67","4.17","4.92","118","92.67","5"
"Adidas Essentials Hoodie Gris","2024-01","5","4.33","4.17","4.83","72","89.33","5"
"Adidas Essentials Hoodie Gris","2024-02","5","6.00","5.00","4.92","76","88.67","6"
"Adidas Essentials Hoodie Gris","2024-03","6","5.33","5.00","4.83","125","91.00","7"
"Adidas Essentials Hoodie Gris","2024-04","7","6.00","5.17","4.92","84","95.00","5"
"Adidas Essentials Hoodie Gris","2024-05","5","6.00","6.00","5.00","101","103.33","5"
"Adidas Essentials Hoodie Gris","2024-06","5","5.67","5.50","4.83","104","96.33","7"
"Adidas Essentials Hoodie Gris","2024-07","7","5.67","5.83","5.00","80","95.00","6"
"Adidas Essentials Hoodie Gris","2024-08","6","6.00","6.00","5.50","95","93.00","10"
"Adidas Essentials Hoodie Gris","2024-09","10","7.67","6.67","5.83","91","88.67","8"
"Adidas Essentials Hoodie Gris","2024-10","8","8.00","6.83","6.00","118","101.33","7"
"Adidas Essentials Hoodie Gris","2024-11","7","8.33","7.17","6.58","78","95.67","9"
"Adidas Essentials Hoodie Gris","2024-12","9","8.00","7.83","6.67","135","110.33","7"
"Adidas Essentials Hoodie Gris","2025-01","7","7.67","7.83","6.83","132","115.00","6"
"Adidas Essentials Hoodie Gris","2025-02","6","7.33","7.83","6.92","98","121.67","14"
"Adidas Essentials Hoodie Gris","2025-03","14","9.00","8.50","7.58","129","119.67","8"
"Adidas Essentials Hoodie Gris","2025-04","8","9.33","8.50","7.67","128","118.33","9"
"Adidas Essentials Hoodie Gris","2025-05","9","10.33","8.83","8.00","112","123.00","11"
"Adidas Essentials Hoodie Gris","2025-06","11","9.33","9.17","8.50","121","120.33","7"
"Adidas Essentials Hoodie Gris","2025-07","7","9.00","9.17","8.50","83","105.33","6"
"Adidas Essentials Hoodie Gris","2025-08","6","8.00","9.17","8.50","66","90.00","6"
"Adidas Essentials Hoodie Gris","2025-09","6","6.33","7.83","8.17","72","73.67","9"
"Adidas Essentials Hoodie Gris","2025-10","9","7.00","8.00","8.25","124","87.33","8"
"Adidas Essentials Hoodie Gris","2025-11","8","7.67","7.83","8.33","95","97.00","11"
"Adidas Essentials Hoodie Gris","2025-12","11","9.33","7.83","8.50","111","110.00","9"
"Adidas Essentials Hoodie Gris","2026-01","9","9.33","8.17","8.67","92","99.33","7"
"Adidas Essentials Hoodie Gris","2026-02","7","9.00","8.33","8.75","106","103.00","11"
"Adidas Essentials Hoodie Gris","2026-03","11","9.00","9.17","8.50","89","95.67","13"
"Adidas Essentials Hoodie Gris","2026-04","13","10.33","9.83","8.92","122","105.67","17"
"Adidas Essentials Hoodie Gris","2026-05","17","13.67","11.33","9.58","113","108.00","16"
"Adidas HIIT Training Shorts Negro","2023-06","0","1.33","1.67","1.92","19","27.00","2"
"Adidas HIIT Training Shorts Negro","2023-07","2","1.33","1.67","1.92","13","21.00","2"
"Adidas HIIT Training Shorts Negro","2023-08","2","1.33","1.67","1.92","23","18.33","2"
"Adidas HIIT Training Shorts Negro","2023-09","2","2.00","1.67","1.92","25","20.33","2"
"Adidas HIIT Training Shorts Negro","2023-10","2","2.00","1.67","1.92","28","25.33","2"
"Adidas HIIT Training Shorts Negro","2023-11","2","2.00","1.67","1.92","18","23.67","2"
"Adidas HIIT Training Shorts Negro","2023-12","2","2.00","2.00","1.83","26","24.00","2"
"Adidas HIIT Training Shorts Negro","2024-01","2","2.00","2.00","1.83","19","21.00","2"
"Adidas HIIT Training Shorts Negro","2024-02","2","2.00","2.00","1.83","17","20.67","3"
"Adidas HIIT Training Shorts Negro","2024-03","3","2.33","2.17","1.92","31","22.33","2"
"Adidas HIIT Training Shorts Negro","2024-04","2","2.33","2.17","1.92","21","23.00","2"
"Adidas HIIT Training Shorts Negro","2024-05","2","2.33","2.17","1.92","19","23.67","2"
"Adidas HIIT Training Shorts Negro","2024-06","2","2.00","2.17","2.08","30","23.33","1"
"Adidas HIIT Training Shorts Negro","2024-07","1","1.67","2.00","2.00","20","23.00","2"
"Adidas HIIT Training Shorts Negro","2024-08","2","1.67","2.00","2.00","21","23.67","11"
"Adidas HIIT Training Shorts Negro","2024-09","11","4.67","3.33","2.75","23","21.33","11"
"Adidas HIIT Training Shorts Negro","2024-10","11","8.00","4.83","3.50","21","21.67","11"
"Adidas HIIT Training Shorts Negro","2024-11","11","11.00","6.33","4.25","25","23.00","10"
"Adidas HIIT Training Shorts Negro","2024-12","10","10.67","7.67","4.92","22","22.67","2"
"Adidas HIIT Training Shorts Negro","2025-01","2","7.67","7.83","4.92","16","21.00","9"
"Adidas HIIT Training Shorts Negro","2025-02","9","7.00","9.00","5.50","26","21.33","6"
"Adidas HIIT Training Shorts Negro","2025-03","6","5.67","8.17","5.75","22","21.33","9"
"Adidas HIIT Training Shorts Negro","2025-04","9","8.00","7.83","6.33","22","23.33","6"
"Adidas HIIT Training Shorts Negro","2025-05","6","7.00","7.00","6.67","11","18.33","13"
"Adidas HIIT Training Shorts Negro","2025-06","13","9.33","7.50","7.58","30","21.00","2"
"Adidas HIIT Training Shorts Negro","2025-07","2","7.00","7.50","7.67","15","18.67","12"
"Adidas HIIT Training Shorts Negro","2025-08","12","9.00","8.00","8.50","23","22.67","2"
"Adidas HIIT Training Shorts Negro","2025-09","2","5.33","7.33","7.75","26","21.33","13"
"Adidas HIIT Training Shorts Negro","2025-10","13","9.00","8.00","7.92","23","24.00","11"
"Adidas HIIT Training Shorts Negro","2025-11","11","8.67","8.83","7.92","19","22.67","13"
"Adidas HIIT Training Shorts Negro","2025-12","13","12.33","8.83","8.17","20","20.67","9"
"Adidas HIIT Training Shorts Negro","2026-01","9","11.00","10.00","8.75","13","17.33","1"
"Adidas HIIT Training Shorts Negro","2026-02","1","7.67","8.17","8.08","17","16.67","10"
"Adidas HIIT Training Shorts Negro","2026-03","10","6.67","9.50","8.42","16","15.33","11"
"Adidas HIIT Training Shorts Negro","2026-04","11","7.33","9.17","8.58","22","18.33","13"
"Adidas HIIT Training Shorts Negro","2026-05","13","11.33","9.50","9.17","15","17.67","16"
"Adidas Optime Training Leggings Morado","2023-06","4","3.33","3.17","2.67","20","19.00","3"
"Adidas Optime Training Leggings Morado","2023-07","3","3.33","3.17","2.67","15","18.00","3"
"Adidas Optime Training Leggings Morado","2023-08","3","3.33","3.17","2.92","15","16.67","3"
"Adidas Optime Training Leggings Morado","2023-09","3","3.00","3.17","2.92","11","13.67","3"
"Adidas Optime Training Leggings Morado","2023-10","3","3.00","3.17","2.92","16","14.00","4"
"Adidas Optime Training Leggings Morado","2023-11","4","3.33","3.33","2.92","22","16.33","4"
"Adidas Optime Training Leggings Morado","2023-12","4","3.67","3.33","3.25","23","20.33","3"
"Adidas Optime Training Leggings Morado","2024-01","3","3.67","3.33","3.25","23","22.67","3"
"Adidas Optime Training Leggings Morado","2024-02","3","3.33","3.33","3.25","14","20.00","0"
"Adidas Optime Training Leggings Morado","2024-03","0","2.00","2.83","3.00","11","16.00","0"
"Adidas Optime Training Leggings Morado","2024-04","0","1.00","2.33","2.75","15","13.33","0"
"Adidas Optime Training Leggings Morado","2024-05","0","0.00","1.67","2.50","15","13.67","4"
"Adidas Optime Training Leggings Morado","2024-06","4","1.33","1.67","2.50","16","15.33","4"
"Adidas Optime Training Leggings Morado","2024-07","4","2.67","1.83","2.58","22","17.67","7"
"Adidas Optime Training Leggings Morado","2024-08","7","5.00","2.50","2.92","11","16.33","4"
"Adidas Optime Training Leggings Morado","2024-09","4","5.00","3.17","3.00","21","18.00","3"
"Adidas Optime Training Leggings Morado","2024-10","3","4.67","3.67","3.00","15","15.67","5"
"Adidas Optime Training Leggings Morado","2024-11","5","4.00","4.50","3.08","18","18.00","7"
"Adidas Optime Training Leggings Morado","2024-12","7","5.00","5.00","3.33","16","16.33","3"
"Adidas Optime Training Leggings Morado","2025-01","3","5.00","4.83","3.33","21","18.33","3"
"Adidas Optime Training Leggings Morado","2025-02","3","4.33","4.17","3.33","12","16.33","3"
"Adidas Optime Training Leggings Morado","2025-03","3","3.00","4.00","3.58","10","14.33","0"
"Adidas Optime Training Leggings Morado","2025-04","0","2.00","3.50","3.58","13","11.67","3"
"Adidas Optime Training Leggings Morado","2025-05","3","2.00","3.17","3.83","19","14.00","0"
"Adidas Optime Training Leggings Morado","2025-06","0","1.00","2.00","3.50","15","15.67","4"
"Adidas Optime Training Leggings Morado","2025-07","4","2.33","2.17","3.50","13","15.67","3"
"Adidas Optime Training Leggings Morado","2025-08","3","2.33","2.17","3.17","16","14.67","3"
"Adidas Optime Training Leggings Morado","2025-09","3","3.33","2.17","3.08","19","16.00","6"
"Adidas Optime Training Leggings Morado","2025-10","6","4.00","3.17","3.33","15","16.67","4"
"Adidas Optime Training Leggings Morado","2025-11","4","4.33","3.33","3.25","19","17.67","7"
"Adidas Optime Training Leggings Morado","2025-12","7","5.67","4.50","3.25","22","18.67","6"
"Adidas Optime Training Leggings Morado","2026-01","6","5.67","4.83","3.50","19","20.00","8"
"Adidas Optime Training Leggings Morado","2026-02","8","7.00","5.67","3.92","15","18.67","4"
"Adidas Optime Training Leggings Morado","2026-03","4","6.00","5.83","4.00","17","17.00","13"
"Adidas Optime Training Leggings Morado","2026-04","13","8.33","7.00","5.08","24","18.67","12"
"Adidas Optime Training Leggings Morado","2026-05","12","9.67","8.33","5.83","29","23.33","17"
"Adidas Own The Run Tee Verde","2023-06","6","6.00","5.33","5.17","51","48.00","3"
"Adidas Own The Run Tee Verde","2023-07","3","5.00","5.00","5.08","30","40.33","4"
"Adidas Own The Run Tee Verde","2023-08","4","4.33","5.00","5.08","36","39.00","4"
"Adidas Own The Run Tee Verde","2023-09","4","3.67","4.83","5.00","38","34.67","4"
"Adidas Own The Run Tee Verde","2023-10","4","4.00","4.50","4.83","39","37.67","5"
"Adidas Own The Run Tee Verde","2023-11","5","4.33","4.33","4.75","40","39.00","5"
"Adidas Own The Run Tee Verde","2023-12","5","4.67","4.17","4.75","39","39.33","5"
"Adidas Own The Run Tee Verde","2024-01","5","5.00","4.50","4.75","38","39.00","5"
"Adidas Own The Run Tee Verde","2024-02","5","5.00","4.67","4.83","26","34.33","4"
"Adidas Own The Run Tee Verde","2024-03","4","4.67","4.67","4.75","54","39.33","5"
"Adidas Own The Run Tee Verde","2024-04","5","4.67","4.83","4.67","43","41.00","0"
"Adidas Own The Run Tee Verde","2024-05","0","3.00","4.00","4.17","36","44.33","4"
"Adidas Own The Run Tee Verde","2024-06","4","3.00","3.83","4.00","50","43.00","8"
"Adidas Own The Run Tee Verde","2024-07","8","4.00","4.33","4.42","39","41.67","11"
"Adidas Own The Run Tee Verde","2024-08","11","7.67","5.33","5.00","23","37.33","8"
"Adidas Own The Run Tee Verde","2024-09","8","9.00","6.00","5.33","49","37.00","8"
"Adidas Own The Run Tee Verde","2024-10","8","9.00","6.50","5.67","34","35.33","5"
"Adidas Own The Run Tee Verde","2024-11","5","7.00","7.33","5.67","42","41.67","13"
"Adidas Own The Run Tee Verde","2024-12","13","8.67","8.83","6.33","42","39.33","4"
"Adidas Own The Run Tee Verde","2025-01","4","7.33","8.17","6.25","51","45.00","10"
"Adidas Own The Run Tee Verde","2025-02","10","9.00","8.00","6.67","45","46.00","11"
"Adidas Own The Run Tee Verde","2025-03","11","8.33","8.50","7.25","44","46.67","10"
"Adidas Own The Run Tee Verde","2025-04","10","10.33","8.83","7.67","53","47.33","11"
"Adidas Own The Run Tee Verde","2025-05","11","10.67","9.83","8.58","33","43.33","15"
"Adidas Own The Run Tee Verde","2025-06","15","12.00","10.17","9.50","55","47.00","10"
"Adidas Own The Run Tee Verde","2025-07","10","12.00","11.17","9.67","25","37.67","12"
"Adidas Own The Run Tee Verde","2025-08","12","12.33","11.50","9.75","31","37.00","8"
"Adidas Own The Run Tee Verde","2025-09","8","10.00","11.00","9.75","49","35.00","9"
"Adidas Own The Run Tee Verde","2025-10","9","9.67","10.83","9.83","39","39.67","9"
"Adidas Own The Run Tee Verde","2025-11","9","8.67","10.50","10.17","38","42.00","4"
"Adidas Own The Run Tee Verde","2025-12","4","7.33","8.67","9.42","42","39.67","10"
"Adidas Own The Run Tee Verde","2026-01","10","7.67","8.67","9.92","36","38.67","6"
"Adidas Own The Run Tee Verde","2026-02","6","6.67","7.67","9.58","48","42.00","16"
"Adidas Own The Run Tee Verde","2026-03","16","10.67","9.00","10.00","44","42.67","9"
"Adidas Own The Run Tee Verde","2026-04","9","10.33","9.00","9.92","35","42.33","14"
"Adidas Own The Run Tee Verde","2026-05","14","13.00","9.83","10.17","28","35.67","24"
"Adidas Powerreact Sports Bra Rosa","2023-06","6","4.67","4.17","3.67","59","44.33","2"
"Adidas Powerreact Sports Bra Rosa","2023-07","2","3.67","4.00","3.83","38","46.00","2"
"Adidas Powerreact Sports Bra Rosa","2023-08","2","3.33","3.67","3.83","33","43.33","3"
"Adidas Powerreact Sports Bra Rosa","2023-09","3","2.33","3.50","3.83","27","32.67","5"
"Adidas Powerreact Sports Bra Rosa","2023-10","5","3.33","3.50","3.83","27","29.00","6"
"Adidas Powerreact Sports Bra Rosa","2023-11","6","4.67","4.00","4.08","69","41.00","6"
"Adidas Powerreact Sports Bra Rosa","2023-12","6","5.67","4.00","4.08","66","54.00","5"
"Adidas Powerreact Sports Bra Rosa","2024-01","5","5.67","4.50","4.25","53","62.67","4"
"Adidas Powerreact Sports Bra Rosa","2024-02","4","5.00","4.83","4.25","45","54.67","6"
"Adidas Powerreact Sports Bra Rosa","2024-03","6","5.00","5.33","4.42","37","45.00","6"
"Adidas Powerreact Sports Bra Rosa","2024-04","6","5.33","5.50","4.50","42","41.33","4"
"Adidas Powerreact Sports Bra Rosa","2024-05","4","5.33","5.17","4.58","44","41.00","4"
"Adidas Powerreact Sports Bra Rosa","2024-06","4","4.67","4.83","4.42","35","40.33","6"
"Adidas Powerreact Sports Bra Rosa","2024-07","6","4.67","5.00","4.75","49","42.67","5"
"Adidas Powerreact Sports Bra Rosa","2024-08","5","5.00","5.17","5.00","45","43.00","7"
"Adidas Powerreact Sports Bra Rosa","2024-09","7","6.00","5.33","5.33","50","48.00","4"
"Adidas Powerreact Sports Bra Rosa","2024-10","4","5.33","5.00","5.25","47","47.33","3"
"Adidas Powerreact Sports Bra Rosa","2024-11","3","4.67","4.83","5.00","48","48.33","5"
"Adidas Powerreact Sports Bra Rosa","2024-12","5","4.00","5.00","4.92","60","51.67","7"
"Adidas Powerreact Sports Bra Rosa","2025-01","7","5.00","5.17","5.08","55","54.33","7"
"Adidas Powerreact Sports Bra Rosa","2025-02","7","6.33","5.50","5.33","43","52.67","6"
"Adidas Powerreact Sports Bra Rosa","2025-03","6","6.67","5.33","5.33","60","52.67","9"
"Adidas Powerreact Sports Bra Rosa","2025-04","9","7.33","6.17","5.58","60","54.33","8"
"Adidas Powerreact Sports Bra Rosa","2025-05","8","7.67","7.00","5.92","55","58.33","9"
"Adidas Powerreact Sports Bra Rosa","2025-06","9","8.67","7.67","6.33","52","55.67","7"
"Adidas Powerreact Sports Bra Rosa","2025-07","7","8.00","7.67","6.42","38","48.33","4"
"Adidas Powerreact Sports Bra Rosa","2025-08","4","6.67","7.17","6.33","33","41.00","9"
"Adidas Powerreact Sports Bra Rosa","2025-09","9","6.67","7.67","6.50","53","41.33","9"
"Adidas Powerreact Sports Bra Rosa","2025-10","9","7.33","7.67","6.92","58","48.00","6"
"Adidas Powerreact Sports Bra Rosa","2025-11","6","8.00","7.33","7.17","63","58.00","5"
"Adidas Powerreact Sports Bra Rosa","2025-12","5","6.67","6.67","7.17","56","59.00","7"
"Adidas Powerreact Sports Bra Rosa","2026-01","7","6.00","6.67","7.17","48","55.67","9"
"Adidas Powerreact Sports Bra Rosa","2026-02","9","7.00","7.50","7.33","54","52.67","16"
"Adidas Powerreact Sports Bra Rosa","2026-03","16","10.67","8.67","8.17","60","54.00","13"
"Adidas Powerreact Sports Bra Rosa","2026-04","13","12.67","9.33","8.50","51","55.00","10"
"Adidas Powerreact Sports Bra Rosa","2026-05","10","13.00","10.00","8.67","52","54.33","18"
"Adidas Primeblue Track Pants Azul","2023-06","2","1.67","2.00","2.08","33","25.00","1"
"Adidas Primeblue Track Pants Azul","2023-07","1","2.00","1.67","2.00","18","23.33","2"
"Adidas Primeblue Track Pants Azul","2023-08","2","1.67","1.67","2.00","27","26.00","2"
"Adidas Primeblue Track Pants Azul","2023-09","2","1.67","1.67","2.00","17","20.67","2"
"Adidas Primeblue Track Pants Azul","2023-10","2","2.00","2.00","2.00","30","24.67","3"
"Adidas Primeblue Track Pants Azul","2023-11","3","2.33","2.00","2.00","37","28.00","0"
"Adidas Primeblue Track Pants Azul","2023-12","0","1.67","1.67","1.83","0","22.33","3"
"Adidas Primeblue Track Pants Azul","2024-01","3","2.00","2.00","1.83","25","20.67","2"
"Adidas Primeblue Track Pants Azul","2024-02","2","1.67","2.00","1.83","31","18.67","2"
"Adidas Primeblue Track Pants Azul","2024-03","2","2.33","2.00","1.83","28","28.00","3"
"Adidas Primeblue Track Pants Azul","2024-04","3","2.33","2.17","2.08","28","29.00","0"
"Adidas Primeblue Track Pants Azul","2024-05","0","1.67","1.67","1.83","17","24.33","2"
"Adidas Primeblue Track Pants Azul","2024-06","2","1.67","2.00","1.83","25","23.33","7"
"Adidas Primeblue Track Pants Azul","2024-07","7","3.00","2.67","2.33","14","18.67","6"
"Adidas Primeblue Track Pants Azul","2024-08","6","5.00","3.33","2.67","0","13.00","3"
"Adidas Primeblue Track Pants Azul","2024-09","3","5.33","3.50","2.75","25","13.00","9"
"Adidas Primeblue Track Pants Azul","2024-10","9","6.00","4.50","3.33","15","13.33","2"
"Adidas Primeblue Track Pants Azul","2024-11","2","4.67","4.83","3.25","29","23.00","13"
"Adidas Primeblue Track Pants Azul","2024-12","13","8.00","6.67","4.33","28","24.00","10"
"Adidas Primeblue Track Pants Azul","2025-01","10","8.33","7.17","4.92","28","28.33","12"
"Adidas Primeblue Track Pants Azul","2025-02","12","11.67","8.17","5.75","27","27.67","10"
"Adidas Primeblue Track Pants Azul","2025-03","10","10.67","9.33","6.42","21","25.33","6"
"Adidas Primeblue Track Pants Azul","2025-04","6","9.33","8.83","6.67","28","25.33","6"
"Adidas Primeblue Track Pants Azul","2025-05","6","7.33","9.50","7.17","12","20.33","8"
"Adidas Primeblue Track Pants Azul","2025-06","8","6.67","8.67","7.67","33","24.33","2"
"Adidas Primeblue Track Pants Azul","2025-07","2","5.33","7.33","7.25","22","22.33","13"
"Adidas Primeblue Track Pants Azul","2025-08","13","7.67","7.50","7.83","18","24.33","2"
"Adidas Primeblue Track Pants Azul","2025-09","2","5.67","6.17","7.75","27","22.33","7"
"Adidas Primeblue Track Pants Azul","2025-10","7","7.33","6.33","7.58","25","23.33","7"
"Adidas Primeblue Track Pants Azul","2025-11","7","5.33","6.50","8.00","26","26.00","4"
"Adidas Primeblue Track Pants Azul","2025-12","4","6.00","5.83","7.25","31","27.33","7"
"Adidas Primeblue Track Pants Azul","2026-01","7","6.00","6.67","7.00","22","26.33","12"
"Adidas Primeblue Track Pants Azul","2026-02","12","7.67","6.50","7.00","21","24.67","8"
"Adidas Primeblue Track Pants Azul","2026-03","8","9.00","7.50","6.83","33","25.33","12"
"Adidas Primeblue Track Pants Azul","2026-04","12","10.67","8.33","7.33","33","29.00","11"
"Adidas Primeblue Track Pants Azul","2026-05","11","10.33","9.00","7.75","21","29.00","15"
"Adidas Strength Graphic Tee Rojo","2023-06","6","5.67","5.33","5.08","48","41.33","5"
"Adidas Strength Graphic Tee Rojo","2023-07","5","5.33","5.50","5.25","44","45.00","4"
"Adidas Strength Graphic Tee Rojo","2023-08","4","5.00","5.17","5.25","47","46.33","5"
"Adidas Strength Graphic Tee Rojo","2023-09","5","4.67","5.17","5.25","47","46.00","5"
"Adidas Strength Graphic Tee Rojo","2023-10","5","4.67","5.00","5.08","47","47.00","5"
"Adidas Strength Graphic Tee Rojo","2023-11","5","5.00","5.00","5.17","41","45.00","4"
"Adidas Strength Graphic Tee Rojo","2023-12","4","4.67","4.67","5.00","43","43.67","5"
"Adidas Strength Graphic Tee Rojo","2024-01","5","4.67","4.67","5.08","38","40.67","5"
"Adidas Strength Graphic Tee Rojo","2024-02","5","4.67","4.83","5.00","38","39.67","6"
"Adidas Strength Graphic Tee Rojo","2024-03","6","5.33","5.00","5.08","44","40.00","3"
"Adidas Strength Graphic Tee Rojo","2024-04","3","4.67","4.67","4.83","43","41.67","5"
"Adidas Strength Graphic Tee Rojo","2024-05","5","4.67","4.67","4.83","37","41.33","4"
"Adidas Strength Graphic Tee Rojo","2024-06","4","4.00","4.67","4.67","50","43.33","22"
"Adidas Strength Graphic Tee Rojo","2024-07","22","10.33","7.50","6.08","26","37.67","25"
"Adidas Strength Graphic Tee Rojo","2024-08","25","17.00","10.83","7.83","38","38.00","24"
"Adidas Strength Graphic Tee Rojo","2024-09","24","23.67","13.83","9.42","35","33.00","20"
"Adidas Strength Graphic Tee Rojo","2024-10","20","23.00","16.67","10.67","38","37.00","30"
"Adidas Strength Graphic Tee Rojo","2024-11","30","24.67","20.83","12.75","41","38.00","24"
"Adidas Strength Graphic Tee Rojo","2024-12","24","24.67","24.17","14.42","47","42.00","19"
"Adidas Strength Graphic Tee Rojo","2025-01","19","24.33","23.67","15.58","47","45.00","20"
"Adidas Strength Graphic Tee Rojo","2025-02","20","21.00","22.83","16.83","35","43.00","30"
"Adidas Strength Graphic Tee Rojo","2025-03","30","23.00","23.83","18.83","50","44.00","22"
"Adidas Strength Graphic Tee Rojo","2025-04","22","24.00","24.17","20.42","27","37.33","24"
"Adidas Strength Graphic Tee Rojo","2025-05","24","25.33","23.17","22.00","47","41.33","34"
"Adidas Strength Graphic Tee Rojo","2025-06","34","26.67","24.83","24.50","50","41.33","22"
"Adidas Strength Graphic Tee Rojo","2025-07","22","26.67","25.33","24.50","38","45.00","3"
"Adidas Strength Graphic Tee Rojo","2025-08","3","19.67","22.50","22.67","44","44.00","24"
"Adidas Strength Graphic Tee Rojo","2025-09","24","16.33","21.50","22.67","54","45.33","25"
"Adidas Strength Graphic Tee Rojo","2025-10","25","17.33","22.00","23.08","50","49.33","25"
"Adidas Strength Graphic Tee Rojo","2025-11","25","24.67","22.17","22.67","43","49.00","27"
"Adidas Strength Graphic Tee Rojo","2025-12","27","25.67","21.00","22.92","43","45.33","26"
"Adidas Strength Graphic Tee Rojo","2026-01","26","26.00","21.67","23.50","30","38.67","25"
"Adidas Strength Graphic Tee Rojo","2026-02","25","26.00","25.33","23.92","41","38.00","35"
"Adidas Strength Graphic Tee Rojo","2026-03","35","28.67","27.17","24.33","33","34.67","42"
"Adidas Strength Graphic Tee Rojo","2026-04","42","34.00","30.00","26.00","33","35.67","31"
"Adidas Strength Graphic Tee Rojo","2026-05","31","36.00","31.00","26.58","42","36.00","39"
"Adidas Techfit Compression Shirt Blanco","2023-06","7","6.67","7.17","6.42","28","35.33","4"
"Adidas Techfit Compression Shirt Blanco","2023-07","4","6.00","6.67","6.17","36","35.67","7"
"Adidas Techfit Compression Shirt Blanco","2023-08","7","6.00","6.67","6.42","31","31.67","7"
"Adidas Techfit Compression Shirt Blanco","2023-09","7","6.00","6.33","6.58","45","37.33","6"
"Adidas Techfit Compression Shirt Blanco","2023-10","6","6.67","6.33","6.67","51","42.33","6"
"Adidas Techfit Compression Shirt Blanco","2023-11","6","6.33","6.17","6.58","47","47.67","9"
"Adidas Techfit Compression Shirt Blanco","2023-12","9","7.00","6.50","6.83","56","51.33","6"
"Adidas Techfit Compression Shirt Blanco","2024-01","6","7.00","6.83","6.75","49","50.67","7"
"Adidas Techfit Compression Shirt Blanco","2024-02","7","7.33","6.83","6.75","43","49.33","9"
"Adidas Techfit Compression Shirt Blanco","2024-03","9","7.33","7.17","6.75","46","46.00","8"
"Adidas Techfit Compression Shirt Blanco","2024-04","8","8.00","7.50","6.92","48","45.67","9"
"Adidas Techfit Compression Shirt Blanco","2024-05","9","8.67","8.00","7.08","48","47.33","7"
"Adidas Techfit Compression Shirt Blanco","2024-06","7","8.00","7.67","7.08","37","44.33","20"
"Adidas Techfit Compression Shirt Blanco","2024-07","20","12.00","10.00","8.42","45","43.33","25"
"Adidas Techfit Compression Shirt Blanco","2024-08","25","17.33","13.00","9.92","37","39.67","22"
"Adidas Techfit Compression Shirt Blanco","2024-09","22","22.33","15.17","11.17","47","43.00","22"
"Adidas Techfit Compression Shirt Blanco","2024-10","22","23.00","17.50","12.50","29","37.67","27"
"Adidas Techfit Compression Shirt Blanco","2024-11","27","23.67","20.50","14.25","46","40.67","31"
"Adidas Techfit Compression Shirt Blanco","2024-12","31","26.67","24.50","16.08","43","39.33","20"
"Adidas Techfit Compression Shirt Blanco","2025-01","20","26.00","24.50","17.25","29","39.33","27"
"Adidas Techfit Compression Shirt Blanco","2025-02","27","26.00","24.83","18.92","49","40.33","19"
"Adidas Techfit Compression Shirt Blanco","2025-03","19","22.00","24.33","19.75","52","43.33","31"
"Adidas Techfit Compression Shirt Blanco","2025-04","31","25.67","25.83","21.67","62","54.33","22"
"Adidas Techfit Compression Shirt Blanco","2025-05","22","24.00","25.00","22.75","44","52.67","30"
"Adidas Techfit Compression Shirt Blanco","2025-06","30","27.67","24.83","24.67","50","52.00","20"
"Adidas Techfit Compression Shirt Blanco","2025-07","20","24.00","24.83","24.67","36","43.33","7"
"Adidas Techfit Compression Shirt Blanco","2025-08","7","19.00","21.50","23.17","50","45.33","31"
"Adidas Techfit Compression Shirt Blanco","2025-09","31","19.33","23.50","23.92","45","43.67","23"
"Adidas Techfit Compression Shirt Blanco","2025-10","23","20.33","22.17","24.00","42","45.67","29"
"Adidas Techfit Compression Shirt Blanco","2025-11","29","27.67","23.33","24.17","49","45.33","26"
"Adidas Techfit Compression Shirt Blanco","2025-12","26","26.00","22.67","23.75","66","52.33","20"
"Adidas Techfit Compression Shirt Blanco","2026-01","20","25.00","22.67","23.75","57","57.33","25"
"Adidas Techfit Compression Shirt Blanco","2026-02","25","23.67","25.67","23.58","46","56.33","37"
"Adidas Techfit Compression Shirt Blanco","2026-03","37","27.33","26.67","25.08","48","50.33","23"
"Adidas Techfit Compression Shirt Blanco","2026-04","23","28.33","26.67","24.42","60","51.33","34"
"Adidas Techfit Compression Shirt Blanco","2026-05","34","31.33","27.50","25.42","32","46.67","30"
"Adidas Tiro Training Pants Negro","2023-06","3","3.33","2.83","3.17","28","29.33","3"
"Adidas Tiro Training Pants Negro","2023-07","3","3.33","3.33","3.17","30","31.00","2"
"Adidas Tiro Training Pants Negro","2023-08","2","2.67","3.17","3.08","19","25.67","3"
"Adidas Tiro Training Pants Negro","2023-09","3","2.67","3.00","3.00","40","29.67","3"
"Adidas Tiro Training Pants Negro","2023-10","3","2.67","3.00","2.92","42","33.67","4"
"Adidas Tiro Training Pants Negro","2023-11","4","3.33","3.00","3.00","53","45.00","4"
"Adidas Tiro Training Pants Negro","2023-12","4","3.67","3.17","3.00","35","43.33","3"
"Adidas Tiro Training Pants Negro","2024-01","3","3.67","3.17","3.25","25","37.67","3"
"Adidas Tiro Training Pants Negro","2024-02","3","3.33","3.33","3.25","43","34.33","4"
"Adidas Tiro Training Pants Negro","2024-03","4","3.33","3.50","3.25","37","35.00","4"
"Adidas Tiro Training Pants Negro","2024-04","4","3.67","3.67","3.33","43","41.00","4"
"Adidas Tiro Training Pants Negro","2024-05","4","4.00","3.67","3.33","43","41.00","3"
"Adidas Tiro Training Pants Negro","2024-06","3","3.67","3.50","3.33","40","42.00","3"
"Adidas Tiro Training Pants Negro","2024-07","3","3.33","3.50","3.33","27","36.67","12"
"Adidas Tiro Training Pants Negro","2024-08","12","6.00","5.00","4.17","23","30.00","14"
"Adidas Tiro Training Pants Negro","2024-09","14","9.67","6.67","5.08","40","30.00","11"
"Adidas Tiro Training Pants Negro","2024-10","11","12.33","7.83","5.75","41","34.67","17"
"Adidas Tiro Training Pants Negro","2024-11","17","14.00","10.00","6.83","36","39.00","17"
"Adidas Tiro Training Pants Negro","2024-12","17","15.00","12.33","7.92","39","38.67","9"
"Adidas Tiro Training Pants Negro","2025-01","9","14.33","13.33","8.42","28","34.33","3"
"Adidas Tiro Training Pants Negro","2025-02","3","9.67","11.83","8.42","22","29.67","10"
"Adidas Tiro Training Pants Negro","2025-03","10","7.33","11.17","8.92","45","31.67","11"
"Adidas Tiro Training Pants Negro","2025-04","11","8.00","11.17","9.50","52","39.67","10"
"Adidas Tiro Training Pants Negro","2025-05","10","10.33","10.00","10.00","32","43.00","3"
"Adidas Tiro Training Pants Negro","2025-06","3","8.00","7.67","10.00","41","41.67","3"
"Adidas Tiro Training Pants Negro","2025-07","3","5.33","6.67","10.00","30","34.33","9"
"Adidas Tiro Training Pants Negro","2025-08","9","5.00","7.67","9.75","26","32.33","3"
"Adidas Tiro Training Pants Negro","2025-09","3","5.00","6.50","8.83","28","28.00","4"
"Adidas Tiro Training Pants Negro","2025-10","4","5.33","5.33","8.25","29","27.67","12"
"Adidas Tiro Training Pants Negro","2025-11","12","6.33","5.67","7.83","29","28.67","15"
"Adidas Tiro Training Pants Negro","2025-12","15","10.33","7.67","7.67","35","31.00","8"
"Adidas Tiro Training Pants Negro","2026-01","8","11.67","8.50","7.58","38","34.00","12"
"Adidas Tiro Training Pants Negro","2026-02","12","11.67","9.00","8.33","37","36.67","20"
"Adidas Tiro Training Pants Negro","2026-03","20","13.33","11.83","9.17","34","36.33","11"
"Adidas Tiro Training Pants Negro","2026-04","11","14.33","13.00","9.17","32","34.33","10"
"Adidas Tiro Training Pants Negro","2026-05","10","13.67","12.67","9.17","43","36.33","18"
"Adidas Train Essentials Shorts Azul","2023-06","4","5.00","4.67","4.67","35","42.33","4"
"Adidas Train Essentials Shorts Azul","2023-07","4","5.00","4.83","4.67","20","35.00","3"
"Adidas Train Essentials Shorts Azul","2023-08","3","3.67","4.67","4.50","41","32.00","4"
"Adidas Train Essentials Shorts Azul","2023-09","4","3.67","4.33","4.50","38","33.00","6"
"Adidas Train Essentials Shorts Azul","2023-10","6","4.33","4.67","4.67","56","45.00","5"
"Adidas Train Essentials Shorts Azul","2023-11","5","5.00","4.33","4.67","43","45.67","3"
"Adidas Train Essentials Shorts Azul","2023-12","3","4.67","4.17","4.42","43","47.33","4"
"Adidas Train Essentials Shorts Azul","2024-01","4","4.00","4.17","4.50","25","37.00","5"
"Adidas Train Essentials Shorts Azul","2024-02","5","4.00","4.50","4.58","34","34.00","4"
"Adidas Train Essentials Shorts Azul","2024-03","4","4.33","4.50","4.42","43","34.00","4"
"Adidas Train Essentials Shorts Azul","2024-04","4","4.33","4.17","4.42","47","41.33","0"
"Adidas Train Essentials Shorts Azul","2024-05","0","2.67","3.33","3.83","17","35.67","6"
"Adidas Train Essentials Shorts Azul","2024-06","6","3.33","3.83","4.00","47","37.00","9"
"Adidas Train Essentials Shorts Azul","2024-07","9","5.00","4.67","4.42","34","32.67","13"
"Adidas Train Essentials Shorts Azul","2024-08","13","9.33","6.00","5.25","39","40.00","12"
"Adidas Train Essentials Shorts Azul","2024-09","12","11.33","7.33","5.92","51","41.33","10"
"Adidas Train Essentials Shorts Azul","2024-10","10","11.67","8.33","6.25","30","40.00","15"
"Adidas Train Essentials Shorts Azul","2024-11","15","12.33","10.83","7.08","51","44.00","16"
"Adidas Train Essentials Shorts Azul","2024-12","16","13.67","12.50","8.17","47","42.67","9"
"Adidas Train Essentials Shorts Azul","2025-01","9","13.33","12.50","8.58","44","47.33","8"
"Adidas Train Essentials Shorts Azul","2025-02","8","11.00","11.67","8.83","37","42.67","11"
"Adidas Train Essentials Shorts Azul","2025-03","11","9.33","11.50","9.42","51","44.00","12"
"Adidas Train Essentials Shorts Azul","2025-04","12","10.33","11.83","10.08","50","46.00","14"
"Adidas Train Essentials Shorts Azul","2025-05","14","12.33","11.67","11.25","35","45.33","15"
"Adidas Train Essentials Shorts Azul","2025-06","15","13.67","11.50","12.00","44","43.00","8"
"Adidas Train Essentials Shorts Azul","2025-07","8","12.33","11.33","11.92","37","38.67","12"
"Adidas Train Essentials Shorts Azul","2025-08","12","11.67","12.00","11.83","35","38.67","11"
"Adidas Train Essentials Shorts Azul","2025-09","11","10.33","12.00","11.75","41","37.67","11"
"Adidas Train Essentials Shorts Azul","2025-10","11","11.33","11.83","11.83","37","37.67","4"
"Adidas Train Essentials Shorts Azul","2025-11","4","8.67","10.17","10.92","50","42.67","15"
"Adidas Train Essentials Shorts Azul","2025-12","15","10.00","10.17","10.83","47","44.67","15"
"Adidas Train Essentials Shorts Azul","2026-01","15","11.33","11.33","11.33","49","48.67","14"
"Adidas Train Essentials Shorts Azul","2026-02","14","14.67","11.67","11.83","38","44.67","21"
"Adidas Train Essentials Shorts Azul","2026-03","21","16.67","13.33","12.67","51","46.00","16"
"Adidas Train Essentials Shorts Azul","2026-04","16","17.00","14.17","13.00","30","39.67","17"
"Adidas Train Essentials Shorts Azul","2026-05","17","18.00","16.33","13.25","35","38.67","12"
"Adidas Training Long Sleeve Verde Olivo","2023-06","2","2.00","1.50","1.50","47","44.67","2"
"Adidas Training Long Sleeve Verde Olivo","2023-07","2","2.00","1.83","1.50","37","43.67","0"
"Adidas Training Long Sleeve Verde Olivo","2023-08","0","1.33","1.67","1.42","25","36.33","0"
"Adidas Training Long Sleeve Verde Olivo","2023-09","0","0.67","1.33","1.33","30","30.67","0"
"Adidas Training Long Sleeve Verde Olivo","2023-10","0","0.00","1.00","1.25","32","29.00","2"
"Adidas Training Long Sleeve Verde Olivo","2023-11","2","0.67","1.00","1.25","34","32.00","2"
"Adidas Training Long Sleeve Verde Olivo","2023-12","2","1.33","1.00","1.25","43","36.33","0"
"Adidas Training Long Sleeve Verde Olivo","2024-01","0","1.33","0.67","1.25","31","36.00","2"
"Adidas Training Long Sleeve Verde Olivo","2024-02","2","1.33","1.00","1.33","25","33.00","2"
"Adidas Training Long Sleeve Verde Olivo","2024-03","2","1.33","1.33","1.33","43","33.00","0"
"Adidas Training Long Sleeve Verde Olivo","2024-04","0","1.33","1.33","1.17","32","33.33","0"
"Adidas Training Long Sleeve Verde Olivo","2024-05","0","0.67","1.00","1.00","33","36.00","2"
"Adidas Training Long Sleeve Verde Olivo","2024-06","2","0.67","1.00","1.00","42","35.67","7"
"Adidas Training Long Sleeve Verde Olivo","2024-07","7","3.00","2.17","1.42","18","31.00","8"
"Adidas Training Long Sleeve Verde Olivo","2024-08","8","5.67","3.17","2.08","16","25.33","8"
"Adidas Training Long Sleeve Verde Olivo","2024-09","8","7.67","4.17","2.75","19","17.67","11"
"Adidas Training Long Sleeve Verde Olivo","2024-10","11","9.00","6.00","3.67","17","17.33","14"
"Adidas Training Long Sleeve Verde Olivo","2024-11","14","11.00","8.33","4.67","31","22.33","13"
"Adidas Training Long Sleeve Verde Olivo","2024-12","13","12.67","10.17","5.58","27","25.00","7"
"Adidas Training Long Sleeve Verde Olivo","2025-01","7","11.33","10.17","6.17","31","29.67","7"
"Adidas Training Long Sleeve Verde Olivo","2025-02","7","9.00","10.00","6.58","30","29.33","9"
"Adidas Training Long Sleeve Verde Olivo","2025-03","9","7.67","10.17","7.17","33","31.33","8"
"Adidas Training Long Sleeve Verde Olivo","2025-04","8","8.00","9.67","7.83","32","31.67","11"
"Adidas Training Long Sleeve Verde Olivo","2025-05","11","9.33","9.17","8.75","35","33.33","10"
"Adidas Training Long Sleeve Verde Olivo","2025-06","10","9.67","8.67","9.42","30","32.33","9"
"Adidas Training Long Sleeve Verde Olivo","2025-07","9","10.00","9.00","9.58","31","32.00","10"
"Adidas Training Long Sleeve Verde Olivo","2025-08","10","9.67","9.50","9.75","27","29.33","12"
"Adidas Training Long Sleeve Verde Olivo","2025-09","12","10.33","10.00","10.08","38","32.00","9"
"Adidas Training Long Sleeve Verde Olivo","2025-10","9","10.33","10.17","9.92","42","35.67","14"
"Adidas Training Long Sleeve Verde Olivo","2025-11","14","11.67","10.67","9.92","40","40.00","8"
"Adidas Training Long Sleeve Verde Olivo","2025-12","8","10.33","10.33","9.50","40","40.67","11"
"Adidas Training Long Sleeve Verde Olivo","2026-01","11","11.00","10.67","9.83","29","36.33","8"
"Adidas Training Long Sleeve Verde Olivo","2026-02","8","9.00","10.33","9.92","27","32.00","13"
"Adidas Training Long Sleeve Verde Olivo","2026-03","13","10.67","10.50","10.25","36","30.67","16"
"Adidas Training Long Sleeve Verde Olivo","2026-04","16","12.33","11.67","10.92","33","32.00","19"
"Adidas Training Long Sleeve Verde Olivo","2026-05","19","16.00","12.50","11.58","22","30.33","10"
"Adidas Yoga Studio Tee Blanco","2023-06","4","2.33","2.50","2.50","98","83.67","2"
"Adidas Yoga Studio Tee Blanco","2023-07","2","3.00","2.33","2.42","70","79.67","2"
"Adidas Yoga Studio Tee Blanco","2023-08","2","2.67","2.17","2.33","71","79.67","2"
"Adidas Yoga Studio Tee Blanco","2023-09","2","2.00","2.17","2.33","66","69.00","2"
"Adidas Yoga Studio Tee Blanco","2023-10","2","2.00","2.50","2.33","97","78.00","2"
"Adidas Yoga Studio Tee Blanco","2023-11","2","2.00","2.33","2.33","77","80.00","4"
"Adidas Yoga Studio Tee Blanco","2023-12","4","2.67","2.33","2.42","67","80.33","3"
"Adidas Yoga Studio Tee Blanco","2024-01","3","3.00","2.50","2.42","74","72.67","3"
"Adidas Yoga Studio Tee Blanco","2024-02","3","3.33","2.67","2.42","54","65.00","2"
"Adidas Yoga Studio Tee Blanco","2024-03","2","2.67","2.67","2.42","59","62.33","3"
"Adidas Yoga Studio Tee Blanco","2024-04","3","2.67","2.83","2.67","79","64.00","4"
"Adidas Yoga Studio Tee Blanco","2024-05","4","3.00","3.17","2.75","96","78.00","3"
"Adidas Yoga Studio Tee Blanco","2024-06","3","3.33","3.00","2.67","70","81.67","11"
"Adidas Yoga Studio Tee Blanco","2024-07","11","6.00","4.33","3.42","76","80.67","9"
"Adidas Yoga Studio Tee Blanco","2024-08","9","7.67","5.33","4.00","71","72.33","8"
"Adidas Yoga Studio Tee Blanco","2024-09","8","9.33","6.33","4.50","74","73.67","9"
"Adidas Yoga Studio Tee Blanco","2024-10","9","8.67","7.33","5.08","77","74.00","2"
"Adidas Yoga Studio Tee Blanco","2024-11","2","6.33","7.00","5.08","69","73.33","16"
"Adidas Yoga Studio Tee Blanco","2024-12","16","9.00","9.17","6.08","78","74.67","7"
"Adidas Yoga Studio Tee Blanco","2025-01","7","8.33","8.50","6.42","76","74.33","7"
"Adidas Yoga Studio Tee Blanco","2025-02","7","10.00","8.17","6.75","57","70.33","12"
"Adidas Yoga Studio Tee Blanco","2025-03","12","8.67","8.83","7.58","68","67.00","9"
"Adidas Yoga Studio Tee Blanco","2025-04","9","9.33","8.83","8.08","89","71.33","6"
"Adidas Yoga Studio Tee Blanco","2025-05","6","9.00","9.50","8.25","52","69.67","8"
"Adidas Yoga Studio Tee Blanco","2025-06","8","7.67","8.17","8.67","76","72.33","6"
"Adidas Yoga Studio Tee Blanco","2025-07","6","6.67","8.00","8.25","85","71.00","9"
"Adidas Yoga Studio Tee Blanco","2025-08","9","7.67","8.33","8.25","70","77.00","9"
"Adidas Yoga Studio Tee Blanco","2025-09","9","8.00","7.83","8.33","74","76.33","13"
"Adidas Yoga Studio Tee Blanco","2025-10","13","10.33","8.50","8.67","49","64.33","13"
"Adidas Yoga Studio Tee Blanco","2025-11","13","11.67","9.67","9.58","74","65.67","4"
"Adidas Yoga Studio Tee Blanco","2025-12","4","10.00","9.00","8.58","67","63.33","12"
"Adidas Yoga Studio Tee Blanco","2026-01","12","9.67","10.00","9.00","78","73.00","13"
"Adidas Yoga Studio Tee Blanco","2026-02","13","9.67","10.67","9.50","78","74.33","15"
"Adidas Yoga Studio Tee Blanco","2026-03","15","13.33","11.67","9.75","85","80.33","7"
"Adidas Yoga Studio Tee Blanco","2026-04","7","11.67","10.67","9.58","57","73.33","7"
"Adidas Yoga Studio Tee Blanco","2026-05","7","9.67","9.67","9.67","77","73.00","21"
"Adidas ZNE Sweatshirt Gris","2023-06","8","7.67","7.17","6.33","89","97.00","3"
"Adidas ZNE Sweatshirt Gris","2023-07","3","6.67","6.83","6.17","74","89.33","5"
"Adidas ZNE Sweatshirt Gris","2023-08","5","5.33","6.50","6.17","102","88.33","0"
"Adidas ZNE Sweatshirt Gris","2023-09","0","2.67","5.17","5.75","58","78.00","5"
"Adidas ZNE Sweatshirt Gris","2023-10","5","3.33","5.00","5.75","52","70.67","6"
"Adidas ZNE Sweatshirt Gris","2023-11","6","3.67","4.50","5.67","97","69.00","6"
"Adidas ZNE Sweatshirt Gris","2023-12","6","5.67","4.17","5.67","99","82.67","6"
"Adidas ZNE Sweatshirt Gris","2024-01","6","6.00","4.67","5.75","61","85.67","6"
"Adidas ZNE Sweatshirt Gris","2024-02","6","6.00","4.83","5.67","86","82.00","7"
"Adidas ZNE Sweatshirt Gris","2024-03","7","6.33","6.00","5.58","93","80.00","6"
"Adidas ZNE Sweatshirt Gris","2024-04","6","6.33","6.17","5.58","77","85.33","7"
"Adidas ZNE Sweatshirt Gris","2024-05","7","6.67","6.33","5.42","81","83.67","7"
"Adidas ZNE Sweatshirt Gris","2024-06","7","6.67","6.50","5.33","80","79.33","12"
"Adidas ZNE Sweatshirt Gris","2024-07","12","8.67","7.50","6.08","82","81.00","12"
"Adidas ZNE Sweatshirt Gris","2024-08","12","10.33","8.50","6.67","87","83.00","14"
"Adidas ZNE Sweatshirt Gris","2024-09","14","12.67","9.67","7.83","73","80.67","16"
"Adidas ZNE Sweatshirt Gris","2024-10","16","14.00","11.33","8.75","65","75.00","20"
"Adidas ZNE Sweatshirt Gris","2024-11","20","16.67","13.50","9.92","66","68.00","18"
"Adidas ZNE Sweatshirt Gris","2024-12","18","18.00","15.33","10.92","89","73.33","19"
"Adidas ZNE Sweatshirt Gris","2025-01","19","19.00","16.50","12.00","102","85.67","16"
"Adidas ZNE Sweatshirt Gris","2025-02","16","17.67","17.17","12.83","95","95.33","17"
"Adidas ZNE Sweatshirt Gris","2025-03","17","17.33","17.67","13.67","69","88.67","7"
"Adidas ZNE Sweatshirt Gris","2025-04","7","13.33","16.17","13.75","94","86.00","13"
"Adidas ZNE Sweatshirt Gris","2025-05","13","12.33","15.00","14.25","83","82.00","13"
"Adidas ZNE Sweatshirt Gris","2025-06","13","11.00","14.17","14.75","103","93.33","11"
"Adidas ZNE Sweatshirt Gris","2025-07","11","12.33","12.83","14.67","71","85.67","15"
"Adidas ZNE Sweatshirt Gris","2025-08","15","13.00","12.67","14.92","57","77.00","13"
"Adidas ZNE Sweatshirt Gris","2025-09","13","13.00","12.00","14.83","88","72.00","15"
"Adidas ZNE Sweatshirt Gris","2025-10","15","14.33","13.33","14.75","91","78.67","18"
"Adidas ZNE Sweatshirt Gris","2025-11","18","15.33","14.17","14.58","107","95.33","16"
"Adidas ZNE Sweatshirt Gris","2025-12","16","16.33","14.67","14.42","77","91.67","20"
"Adidas ZNE Sweatshirt Gris","2026-01","20","18.00","16.17","14.50","75","86.33","19"
"Adidas ZNE Sweatshirt Gris","2026-02","19","18.33","16.83","14.75","90","80.67","17"
"Adidas ZNE Sweatshirt Gris","2026-03","17","18.67","17.50","14.75","74","79.67","12"
"Adidas ZNE Sweatshirt Gris","2026-04","12","16.00","17.00","15.17","91","85.00","9"
"Adidas ZNE Sweatshirt Gris","2026-05","9","12.67","15.50","14.83","92","85.67","23"
"Amino Energy BCAA 270 g","2023-06","23","22.33","21.83","22.00","117","115.67","19"
"Amino Energy BCAA 270 g","2023-07","19","20.33","21.33","22.25","103","105.00","19"
"Amino Energy BCAA 270 g","2023-08","19","20.33","20.83","22.33","97","105.67","26"
"Amino Energy BCAA 270 g","2023-09","26","21.33","21.83","22.58","96","98.67","27"
"Amino Energy BCAA 270 g","2023-10","27","24.00","22.17","22.83","63","85.33","28"
"Amino Energy BCAA 270 g","2023-11","28","27.00","23.67","22.92","135","98.00","23"
"Amino Energy BCAA 270 g","2023-12","23","26.00","23.67","22.75","102","100.00","25"
"Amino Energy BCAA 270 g","2024-01","25","25.33","24.67","23.00","87","108.00","27"
"Amino Energy BCAA 270 g","2024-02","27","25.00","26.00","23.42","135","108.00","23"
"Amino Energy BCAA 270 g","2024-03","23","25.00","25.50","23.67","102","108.00","30"
"Amino Energy BCAA 270 g","2024-04","30","26.67","26.00","24.08","133","123.33","22"
"Amino Energy BCAA 270 g","2024-05","22","25.00","25.00","24.33","97","110.67","28"
"Amino Energy BCAA 270 g","2024-06","28","26.67","25.83","24.75","135","121.67","37"
"Amino Energy BCAA 270 g","2024-07","37","29.00","27.83","26.25","122","118.00","41"
"Amino Energy BCAA 270 g","2024-08","41","35.33","30.17","28.08","83","113.33","50"
"Amino Energy BCAA 270 g","2024-09","50","42.67","34.67","30.08","98","101.00","45"
"Amino Energy BCAA 270 g","2024-10","45","45.33","37.17","31.58","120","100.33","42"
"Amino Energy BCAA 270 g","2024-11","42","45.67","40.50","32.75","102","106.67","46"
"Amino Energy BCAA 270 g","2024-12","46","44.33","43.50","34.67","102","108.00","57"
"Amino Energy BCAA 270 g","2025-01","57","48.33","46.83","37.33","97","100.33","43"
"Amino Energy BCAA 270 g","2025-02","43","48.67","47.17","38.67","119","106.00","45"
"Amino Energy BCAA 270 g","2025-03","45","48.33","46.33","40.50","111","109.00","43"
"Amino Energy BCAA 270 g","2025-04","43","43.67","46.00","41.58","122","117.33","44"
"Amino Energy BCAA 270 g","2025-05","44","44.00","46.33","43.42","59","97.33","37"
"Amino Energy BCAA 270 g","2025-06","37","41.33","44.83","44.17","95","92.00","45"
"Amino Energy BCAA 270 g","2025-07","45","42.00","42.83","44.83","82","78.67","40"
"Amino Energy BCAA 270 g","2025-08","40","40.67","42.33","44.75","109","95.33","55"
"Amino Energy BCAA 270 g","2025-09","55","46.67","44.00","45.17","80","90.33","37"
"Amino Energy BCAA 270 g","2025-10","37","44.00","43.00","44.50","107","98.67","48"
"Amino Energy BCAA 270 g","2025-11","48","46.67","43.67","45.00","82","89.67","42"
"Amino Energy BCAA 270 g","2025-12","42","42.33","44.50","44.67","112","100.33","61"
"Amino Energy BCAA 270 g","2026-01","61","50.33","47.17","45.00","135","109.67","47"
"Amino Energy BCAA 270 g","2026-02","47","50.00","48.33","45.33","135","127.33","52"
"Amino Energy BCAA 270 g","2026-03","52","53.33","47.83","45.92","135","135.00","51"
"Amino Energy BCAA 270 g","2026-04","51","50.00","50.17","46.58","95","121.67","49"
"Amino Energy BCAA 270 g","2026-05","49","50.67","50.33","47.00","95","108.33","57"
"Cellucor Alpha Amino Lemon Lime","2023-06","2","2.00","2.50","2.58","47","45.67","0"
"Cellucor Alpha Amino Lemon Lime","2023-07","0","1.33","2.00","2.42","0","29.33","0"
"Cellucor Alpha Amino Lemon Lime","2023-08","0","0.67","1.50","2.17","55","34.00","2"
"Cellucor Alpha Amino Lemon Lime","2023-09","2","0.67","1.33","2.08","53","36.00","2"
"Cellucor Alpha Amino Lemon Lime","2023-10","2","1.33","1.33","2.08","65","57.67","3"
"Cellucor Alpha Amino Lemon Lime","2023-11","3","2.33","1.50","2.08","73","63.67","3"
"Cellucor Alpha Amino Lemon Lime","2023-12","3","2.67","1.67","2.08","44","60.67","3"
"Cellucor Alpha Amino Lemon Lime","2024-01","3","3.00","2.17","2.08","51","56.00","2"
"Cellucor Alpha Amino Lemon Lime","2024-02","2","2.67","2.50","2.00","49","48.00","2"
"Cellucor Alpha Amino Lemon Lime","2024-03","2","2.33","2.50","1.92","38","46.00","3"
"Cellucor Alpha Amino Lemon Lime","2024-04","3","2.33","2.67","2.00","36","41.00","3"
"Cellucor Alpha Amino Lemon Lime","2024-05","3","2.67","2.67","2.08","47","40.33","2"
"Cellucor Alpha Amino Lemon Lime","2024-06","2","2.67","2.50","2.08","49","44.00","2"
"Cellucor Alpha Amino Lemon Lime","2024-07","2","2.33","2.33","2.25","32","42.67","8"
"Cellucor Alpha Amino Lemon Lime","2024-08","8","4.00","3.33","2.92","63","48.00","3"
"Cellucor Alpha Amino Lemon Lime","2024-09","3","4.33","3.50","3.00","37","44.00","8"
"Cellucor Alpha Amino Lemon Lime","2024-10","8","6.33","4.33","3.50","37","45.67","13"
"Cellucor Alpha Amino Lemon Lime","2024-11","13","8.00","6.00","4.33","64","46.00","3"
"Cellucor Alpha Amino Lemon Lime","2024-12","3","8.00","6.17","4.33","66","55.67","12"
"Cellucor Alpha Amino Lemon Lime","2025-01","12","9.33","7.83","5.08","59","63.00","3"
"Cellucor Alpha Amino Lemon Lime","2025-02","3","6.00","7.00","5.17","64","63.00","11"
"Cellucor Alpha Amino Lemon Lime","2025-03","11","8.67","8.33","5.92","64","62.33","9"
"Cellucor Alpha Amino Lemon Lime","2025-04","9","7.67","8.50","6.42","46","58.00","8"
"Cellucor Alpha Amino Lemon Lime","2025-05","8","9.33","7.67","6.83","68","59.33","7"
"Cellucor Alpha Amino Lemon Lime","2025-06","7","8.00","8.33","7.25","44","52.67","7"
"Cellucor Alpha Amino Lemon Lime","2025-07","7","7.33","7.50","7.67","0","37.33","8"
"Cellucor Alpha Amino Lemon Lime","2025-08","8","7.33","8.33","7.67","44","29.33","10"
"Cellucor Alpha Amino Lemon Lime","2025-09","10","8.33","8.17","8.25","71","38.33","8"
"Cellucor Alpha Amino Lemon Lime","2025-10","8","8.67","8.00","8.25","54","56.33","4"
"Cellucor Alpha Amino Lemon Lime","2025-11","4","7.33","7.33","7.50","47","57.33","11"
"Cellucor Alpha Amino Lemon Lime","2025-12","11","7.67","8.00","8.17","48","49.67","14"
"Cellucor Alpha Amino Lemon Lime","2026-01","14","9.67","9.17","8.33","69","54.67","7"
"Cellucor Alpha Amino Lemon Lime","2026-02","7","10.67","9.00","8.67","57","58.00","10"
"Cellucor Alpha Amino Lemon Lime","2026-03","10","10.33","9.00","8.58","34","53.33","13"
"Cellucor Alpha Amino Lemon Lime","2026-04","13","10.00","9.83","8.92","48","46.33","11"
"Cellucor Alpha Amino Lemon Lime","2026-05","11","11.33","11.00","9.17","73","51.67","16"
"Cellucor BCAA Sport Watermelon 270 g","2023-06","12","11.00","11.33","12.83","72","72.00","11"
"Cellucor BCAA Sport Watermelon 270 g","2023-07","11","11.33","11.17","12.58","77","69.33","15"
"Cellucor BCAA Sport Watermelon 270 g","2023-08","15","12.67","11.67","12.83","116","88.33","8"
"Cellucor BCAA Sport Watermelon 270 g","2023-09","8","11.33","11.17","12.42","61","84.67","13"
"Cellucor BCAA Sport Watermelon 270 g","2023-10","13","12.00","11.67","12.83","88","88.33","18"
"Cellucor BCAA Sport Watermelon 270 g","2023-11","18","13.00","12.83","12.58","119","89.33","12"
"Cellucor BCAA Sport Watermelon 270 g","2023-12","12","14.33","12.83","12.08","92","99.67","20"
"Cellucor BCAA Sport Watermelon 270 g","2024-01","20","16.67","14.33","12.75","64","91.67","11"
"Cellucor BCAA Sport Watermelon 270 g","2024-02","11","14.33","13.67","12.67","45","67.00","13"
"Cellucor BCAA Sport Watermelon 270 g","2024-03","13","14.67","14.50","12.83","62","57.00","16"
"Cellucor BCAA Sport Watermelon 270 g","2024-04","16","13.33","15.00","13.33","84","63.67","17"
"Cellucor BCAA Sport Watermelon 270 g","2024-05","17","15.33","14.83","13.83","91","79.00","14"
"Cellucor BCAA Sport Watermelon 270 g","2024-06","14","15.67","15.17","14.00","89","88.00","14"
"Cellucor BCAA Sport Watermelon 270 g","2024-07","14","15.00","14.17","14.25","97","92.33","25"
"Cellucor BCAA Sport Watermelon 270 g","2024-08","25","17.67","16.50","15.08","64","83.33","19"
"Cellucor BCAA Sport Watermelon 270 g","2024-09","19","19.33","17.50","16.00","52","71.00","18"
"Cellucor BCAA Sport Watermelon 270 g","2024-10","18","20.67","17.83","16.42","80","65.33","19"
"Cellucor BCAA Sport Watermelon 270 g","2024-11","19","18.67","18.17","16.50","87","73.00","15"
"Cellucor BCAA Sport Watermelon 270 g","2024-12","15","17.33","18.33","16.75","99","88.67","15"
"Cellucor BCAA Sport Watermelon 270 g","2025-01","15","16.33","18.50","16.33","63","83.00","20"
"Cellucor BCAA Sport Watermelon 270 g","2025-02","20","16.67","17.67","17.08","75","79.00","24"
"Cellucor BCAA Sport Watermelon 270 g","2025-03","24","19.67","18.50","18.00","107","81.67","23"
"Cellucor BCAA Sport Watermelon 270 g","2025-04","23","22.33","19.33","18.58","104","95.33","12"
"Cellucor BCAA Sport Watermelon 270 g","2025-05","12","19.67","18.17","18.17","89","100.00","19"
"Cellucor BCAA Sport Watermelon 270 g","2025-06","19","18.00","18.83","18.58","52","81.67","15"
"Cellucor BCAA Sport Watermelon 270 g","2025-07","15","15.33","18.83","18.67","81","74.00","20"
"Cellucor BCAA Sport Watermelon 270 g","2025-08","20","18.00","18.83","18.25","59","64.00","22"
"Cellucor BCAA Sport Watermelon 270 g","2025-09","22","19.00","18.50","18.50","59","66.33","21"
"Cellucor BCAA Sport Watermelon 270 g","2025-10","21","21.00","18.17","18.75","80","66.00","17"
"Cellucor BCAA Sport Watermelon 270 g","2025-11","17","20.00","19.00","18.58","79","72.67","23"
"Cellucor BCAA Sport Watermelon 270 g","2025-12","23","20.33","19.67","19.25","100","86.33","18"
"Cellucor BCAA Sport Watermelon 270 g","2026-01","18","19.33","20.17","19.50","85","88.00","19"
"Cellucor BCAA Sport Watermelon 270 g","2026-02","19","20.00","20.00","19.42","67","84.00","21"
"Cellucor BCAA Sport Watermelon 270 g","2026-03","21","19.33","19.83","19.17","96","82.67","24"
"Cellucor BCAA Sport Watermelon 270 g","2026-04","24","21.33","20.33","19.25","53","72.00","32"
"Cellucor BCAA Sport Watermelon 270 g","2026-05","32","25.67","22.83","20.92","82","77.00","30"
"Cellucor C4 Energy Drink Pack 12 piezas","2023-06","6","7.00","6.83","6.67","50","53.67","7"
"Cellucor C4 Energy Drink Pack 12 piezas","2023-07","7","7.33","7.00","6.50","40","52.00","12"
"Cellucor C4 Energy Drink Pack 12 piezas","2023-08","12","8.33","8.00","7.08","65","51.67","8"
"Cellucor C4 Energy Drink Pack 12 piezas","2023-09","8","9.00","8.00","7.00","59","54.67","8"
"Cellucor C4 Energy Drink Pack 12 piezas","2023-10","8","9.33","8.33","7.42","67","63.67","0"
"Cellucor C4 Energy Drink Pack 12 piezas","2023-11","0","5.33","6.83","6.83","27","51.00","6"
"Cellucor C4 Energy Drink Pack 12 piezas","2023-12","6","4.67","6.83","6.83","56","50.00","8"
"Cellucor C4 Energy Drink Pack 12 piezas","2024-01","8","4.67","7.00","7.00","49","44.00","10"
"Cellucor C4 Energy Drink Pack 12 piezas","2024-02","10","8.00","6.67","7.33","73","59.33","7"
"Cellucor C4 Energy Drink Pack 12 piezas","2024-03","7","8.33","6.50","7.25","38","53.33","11"
"Cellucor C4 Energy Drink Pack 12 piezas","2024-04","11","9.33","7.00","7.67","70","60.33","7"
"Cellucor C4 Energy Drink Pack 12 piezas","2024-05","7","8.33","8.17","7.50","58","55.33","6"
"Cellucor C4 Energy Drink Pack 12 piezas","2024-06","6","8.00","8.17","7.50","48","58.67","15"
"Cellucor C4 Energy Drink Pack 12 piezas","2024-07","15","9.33","9.33","8.17","47","51.00","22"
"Cellucor C4 Energy Drink Pack 12 piezas","2024-08","22","14.33","11.33","9.00","51","48.67","21"
"Cellucor C4 Energy Drink Pack 12 piezas","2024-09","21","19.33","13.67","10.08","75","57.67","14"
"Cellucor C4 Energy Drink Pack 12 piezas","2024-10","14","19.00","14.17","10.58","75","67.00","9"
"Cellucor C4 Energy Drink Pack 12 piezas","2024-11","9","14.67","14.50","11.33","84","78.00","9"
"Cellucor C4 Energy Drink Pack 12 piezas","2024-12","9","10.67","15.00","11.58","74","77.67","16"
"Cellucor C4 Energy Drink Pack 12 piezas","2025-01","16","11.33","15.17","12.25","71","76.33","18"
"Cellucor C4 Energy Drink Pack 12 piezas","2025-02","18","14.33","14.50","12.92","62","69.00","16"
"Cellucor C4 Energy Drink Pack 12 piezas","2025-03","16","16.67","13.67","13.67","55","62.67","13"
"Cellucor C4 Energy Drink Pack 12 piezas","2025-04","13","15.67","13.50","13.83","61","59.33","16"
"Cellucor C4 Energy Drink Pack 12 piezas","2025-05","16","15.00","14.67","14.58","43","53.00","19"
"Cellucor C4 Energy Drink Pack 12 piezas","2025-06","19","16.00","16.33","15.67","63","55.67","15"
"Cellucor C4 Energy Drink Pack 12 piezas","2025-07","15","16.67","16.17","15.67","83","63.00","18"
"Cellucor C4 Energy Drink Pack 12 piezas","2025-08","18","17.33","16.17","15.33","44","63.33","9"
"Cellucor C4 Energy Drink Pack 12 piezas","2025-09","9","14.00","15.00","14.33","59","62.00","15"
"Cellucor C4 Energy Drink Pack 12 piezas","2025-10","15","14.00","15.33","14.42","70","57.67","20"
"Cellucor C4 Energy Drink Pack 12 piezas","2025-11","20","14.67","16.00","15.33","83","70.67","13"
"Cellucor C4 Energy Drink Pack 12 piezas","2025-12","13","16.00","15.00","15.67","45","66.00","7"
"Cellucor C4 Energy Drink Pack 12 piezas","2026-01","7","13.33","13.67","14.92","50","59.33","11"
"Cellucor C4 Energy Drink Pack 12 piezas","2026-02","11","10.33","12.50","14.33","50","48.33","12"
"Cellucor C4 Energy Drink Pack 12 piezas","2026-03","12","10.00","13.00","14.00","39","46.33","17"
"Cellucor C4 Energy Drink Pack 12 piezas","2026-04","17","13.33","13.33","14.33","56","48.33","15"
"Cellucor C4 Energy Drink Pack 12 piezas","2026-05","15","14.67","12.50","14.25","41","45.33","20"
"Cellucor C4 Original Fruit Punch","2023-06","11","16.00","10.67","14.58","78","104.00","18"
"Cellucor C4 Original Fruit Punch","2023-07","18","17.33","13.67","14.50","83","94.00","20"
"Cellucor C4 Original Fruit Punch","2023-08","20","16.33","14.33","15.00","106","89.00","25"
"Cellucor C4 Original Fruit Punch","2023-09","25","21.00","18.50","15.75","101","96.67","17"
"Cellucor C4 Original Fruit Punch","2023-10","17","20.67","19.00","15.33","99","102.00","31"
"Cellucor C4 Original Fruit Punch","2023-11","31","24.33","20.33","16.58","87","95.67","17"
"Cellucor C4 Original Fruit Punch","2023-12","17","21.67","21.33","16.00","86","90.67","22"
"Cellucor C4 Original Fruit Punch","2024-01","22","23.33","22.00","17.83","80","84.33","22"
"Cellucor C4 Original Fruit Punch","2024-02","22","20.33","22.33","18.33","77","81.00","26"
"Cellucor C4 Original Fruit Punch","2024-03","26","23.33","22.50","20.50","89","82.00","15"
"Cellucor C4 Original Fruit Punch","2024-04","15","21.00","22.17","20.58","97","87.67","19"
"Cellucor C4 Original Fruit Punch","2024-05","19","20.00","20.17","20.25","129","105.00","22"
"Cellucor C4 Original Fruit Punch","2024-06","22","18.67","21.00","21.17","113","113.00","20"
"Cellucor C4 Original Fruit Punch","2024-07","20","20.33","20.67","21.33","72","104.67","26"
"Cellucor C4 Original Fruit Punch","2024-08","26","22.67","21.33","21.83","124","103.00","29"
"Cellucor C4 Original Fruit Punch","2024-09","29","25.00","21.83","22.17","127","107.67","29"
"Cellucor C4 Original Fruit Punch","2024-10","29","28.00","24.17","23.17","108","119.67","38"
"Cellucor C4 Original Fruit Punch","2024-11","38","32.00","27.33","23.75","135","123.33","27"
"Cellucor C4 Original Fruit Punch","2024-12","27","31.33","28.17","24.58","133","125.33","38"
"Cellucor C4 Original Fruit Punch","2025-01","38","34.33","31.17","25.92","135","134.33","25"
"Cellucor C4 Original Fruit Punch","2025-02","25","30.00","31.00","26.17","68","112.00","28"
"Cellucor C4 Original Fruit Punch","2025-03","28","30.33","30.83","26.33","115","106.00","21"
"Cellucor C4 Original Fruit Punch","2025-04","21","24.67","29.50","26.83","64","82.33","25"
"Cellucor C4 Original Fruit Punch","2025-05","25","24.67","27.33","27.33","111","96.67","25"
"Cellucor C4 Original Fruit Punch","2025-06","25","23.67","27.00","27.58","135","103.33","32"
"Cellucor C4 Original Fruit Punch","2025-07","32","27.33","26.00","28.58","114","120.00","34"
"Cellucor C4 Original Fruit Punch","2025-08","34","30.33","27.50","29.25","110","119.67","24"
"Cellucor C4 Original Fruit Punch","2025-09","24","30.00","26.83","28.83","120","114.67","24"
"Cellucor C4 Original Fruit Punch","2025-10","24","27.33","27.33","28.42","92","107.33","30"
"Cellucor C4 Original Fruit Punch","2025-11","30","26.00","28.17","27.75","103","105.00","36"
"Cellucor C4 Original Fruit Punch","2025-12","36","30.00","30.00","28.50","135","110.00","24"
"Cellucor C4 Original Fruit Punch","2026-01","24","30.00","28.67","27.33","83","107.00","21"
"Cellucor C4 Original Fruit Punch","2026-02","21","27.00","26.50","27.00","91","103.00","28"
"Cellucor C4 Original Fruit Punch","2026-03","28","24.33","27.17","27.00","90","88.00","35"
"Cellucor C4 Original Fruit Punch","2026-04","35","28.00","29.00","28.17","87","89.33","33"
"Cellucor C4 Original Fruit Punch","2026-05","33","32.00","29.50","28.83","135","104.00","52"
"Cellucor C4 Original Icy Blue Razz","2023-06","5","4.67","4.50","4.42","120","119.33","4"
"Cellucor C4 Original Icy Blue Razz","2023-07","4","4.67","4.50","4.50","120","122.67","3"
"Cellucor C4 Original Icy Blue Razz","2023-08","3","4.00","4.33","4.33","118","119.33","5"
"Cellucor C4 Original Icy Blue Razz","2023-09","5","4.00","4.33","4.42","82","106.67","4"
"Cellucor C4 Original Icy Blue Razz","2023-10","4","4.00","4.33","4.42","121","107.00","5"
"Cellucor C4 Original Icy Blue Razz","2023-11","5","4.67","4.33","4.42","135","112.67","4"
"Cellucor C4 Original Icy Blue Razz","2023-12","4","4.33","4.17","4.33","97","117.67","5"
"Cellucor C4 Original Icy Blue Razz","2024-01","5","4.67","4.33","4.42","115","115.67","4"
"Cellucor C4 Original Icy Blue Razz","2024-02","4","4.33","4.50","4.42","80","97.33","5"
"Cellucor C4 Original Icy Blue Razz","2024-03","5","4.67","4.50","4.42","83","92.67","6"
"Cellucor C4 Original Icy Blue Razz","2024-04","6","5.00","4.83","4.58","90","84.33","3"
"Cellucor C4 Original Icy Blue Razz","2024-05","3","4.67","4.50","4.42","87","86.67","5"
"Cellucor C4 Original Icy Blue Razz","2024-06","5","4.67","4.67","4.42","87","88.00","12"
"Cellucor C4 Original Icy Blue Razz","2024-07","12","6.67","5.83","5.08","91","88.33","11"
"Cellucor C4 Original Icy Blue Razz","2024-08","11","9.33","7.00","5.75","125","101.00","11"
"Cellucor C4 Original Icy Blue Razz","2024-09","11","11.33","8.00","6.25","92","102.67","12"
"Cellucor C4 Original Icy Blue Razz","2024-10","12","11.33","9.00","6.92","100","105.67","12"
"Cellucor C4 Original Icy Blue Razz","2024-11","12","11.67","10.50","7.50","135","109.00","14"
"Cellucor C4 Original Icy Blue Razz","2024-12","14","12.67","12.00","8.33","95","110.00","12"
"Cellucor C4 Original Icy Blue Razz","2025-01","12","12.67","12.00","8.92","104","111.33","11"
"Cellucor C4 Original Icy Blue Razz","2025-02","11","12.33","12.00","9.50","135","111.33","11"
"Cellucor C4 Original Icy Blue Razz","2025-03","11","11.33","12.00","10.00","135","124.67","10"
"Cellucor C4 Original Icy Blue Razz","2025-04","10","10.67","11.67","10.33","124","131.33","11"
"Cellucor C4 Original Icy Blue Razz","2025-05","11","10.67","11.50","11.00","118","125.67","14"
"Cellucor C4 Original Icy Blue Razz","2025-06","14","11.67","11.50","11.75","100","114.00","17"
"Cellucor C4 Original Icy Blue Razz","2025-07","17","14.00","12.33","12.17","125","114.33","9"
"Cellucor C4 Original Icy Blue Razz","2025-08","9","13.33","12.00","12.00","90","105.00","12"
"Cellucor C4 Original Icy Blue Razz","2025-09","12","12.67","12.17","12.08","106","107.00","10"
"Cellucor C4 Original Icy Blue Razz","2025-10","10","10.33","12.17","11.92","80","92.00","11"
"Cellucor C4 Original Icy Blue Razz","2025-11","11","11.00","12.17","11.83","135","107.00","13"
"Cellucor C4 Original Icy Blue Razz","2025-12","13","11.33","12.00","11.75","79","98.00","5"
"Cellucor C4 Original Icy Blue Razz","2026-01","5","9.67","10.00","11.17","121","111.67","15"
"Cellucor C4 Original Icy Blue Razz","2026-02","15","11.00","11.00","11.50","126","108.67","5"
"Cellucor C4 Original Icy Blue Razz","2026-03","5","8.33","9.83","11.00","75","107.33","19"
"Cellucor C4 Original Icy Blue Razz","2026-04","19","13.00","11.33","11.75","108","103.00","19"
"Cellucor C4 Original Icy Blue Razz","2026-05","19","14.33","12.67","12.42","107","96.67","22"
"Cellucor C4 Ripped Arctic Snow Cone","2023-06","8","8.00","6.67","7.33","31","38.67","8"
"Cellucor C4 Ripped Arctic Snow Cone","2023-07","8","8.33","8.00","7.42","24","34.33","8"
"Cellucor C4 Ripped Arctic Snow Cone","2023-08","8","8.00","8.17","7.50","33","29.33","8"
"Cellucor C4 Ripped Arctic Snow Cone","2023-09","8","8.00","8.00","7.50","38","31.67","9"
"Cellucor C4 Ripped Arctic Snow Cone","2023-10","9","8.33","8.33","7.58","28","33.00","8"
"Cellucor C4 Ripped Arctic Snow Cone","2023-11","8","8.33","8.17","7.42","51","39.00","9"
"Cellucor C4 Ripped Arctic Snow Cone","2023-12","9","8.67","8.33","7.50","31","36.67","13"
"Cellucor C4 Ripped Arctic Snow Cone","2024-01","13","10.00","9.17","8.58","46","42.67","8"
"Cellucor C4 Ripped Arctic Snow Cone","2024-02","8","10.00","9.17","8.67","48","41.67","8"
"Cellucor C4 Ripped Arctic Snow Cone","2024-03","8","9.67","9.17","8.58","50","48.00","8"
"Cellucor C4 Ripped Arctic Snow Cone","2024-04","8","8.00","9.00","8.67","44","47.33","7"
"Cellucor C4 Ripped Arctic Snow Cone","2024-05","7","7.67","8.83","8.50","44","46.00","8"
"Cellucor C4 Ripped Arctic Snow Cone","2024-06","8","7.67","8.67","8.50","44","44.00","12"
"Cellucor C4 Ripped Arctic Snow Cone","2024-07","12","9.00","8.50","8.83","34","40.67","11"
"Cellucor C4 Ripped Arctic Snow Cone","2024-08","11","10.33","9.00","9.08","59","45.67","10"
"Cellucor C4 Ripped Arctic Snow Cone","2024-09","10","11.00","9.33","9.25","50","47.67","8"
"Cellucor C4 Ripped Arctic Snow Cone","2024-10","8","9.67","9.33","9.17","37","48.67","12"
"Cellucor C4 Ripped Arctic Snow Cone","2024-11","12","10.00","10.17","9.50","50","45.67","10"
"Cellucor C4 Ripped Arctic Snow Cone","2024-12","10","10.00","10.50","9.58","61","49.33","16"
"Cellucor C4 Ripped Arctic Snow Cone","2025-01","16","12.67","11.17","9.83","60","57.00","6"
"Cellucor C4 Ripped Arctic Snow Cone","2025-02","6","10.67","10.33","9.67","39","53.33","7"
"Cellucor C4 Ripped Arctic Snow Cone","2025-03","7","9.67","9.83","9.58","41","46.67","7"
"Cellucor C4 Ripped Arctic Snow Cone","2025-04","7","6.67","9.67","9.50","31","37.00","10"
"Cellucor C4 Ripped Arctic Snow Cone","2025-05","10","8.00","9.33","9.75","52","41.33","8"
"Cellucor C4 Ripped Arctic Snow Cone","2025-06","8","8.33","9.00","9.75","49","44.00","8"
"Cellucor C4 Ripped Arctic Snow Cone","2025-07","8","8.67","7.67","9.42","31","44.00","9"
"Cellucor C4 Ripped Arctic Snow Cone","2025-08","9","8.33","8.17","9.25","35","38.33","12"
"Cellucor C4 Ripped Arctic Snow Cone","2025-09","12","9.67","9.00","9.42","40","35.33","12"
"Cellucor C4 Ripped Arctic Snow Cone","2025-10","12","11.00","9.83","9.75","47","40.67","11"
"Cellucor C4 Ripped Arctic Snow Cone","2025-11","11","11.67","10.00","9.67","32","39.67","13"
"Cellucor C4 Ripped Arctic Snow Cone","2025-12","13","12.00","10.83","9.92","36","38.33","9"
"Cellucor C4 Ripped Arctic Snow Cone","2026-01","9","11.00","11.00","9.33","45","37.67","10"
"Cellucor C4 Ripped Arctic Snow Cone","2026-02","10","10.67","11.17","9.67","38","39.67","13"
"Cellucor C4 Ripped Arctic Snow Cone","2026-03","13","10.67","11.33","10.17","37","40.00","16"
"Cellucor C4 Ripped Arctic Snow Cone","2026-04","16","13.00","12.00","10.92","46","40.33","21"
"Cellucor C4 Ripped Arctic Snow Cone","2026-05","21","16.67","13.67","11.83","37","40.00","23"
"Cellucor C4 Smart Energy Peach Mango","2023-06","9","11.33","10.83","11.17","126","128.00","10"
"Cellucor C4 Smart Energy Peach Mango","2023-07","10","10.67","10.83","11.08","81","114.00","11"
"Cellucor C4 Smart Energy Peach Mango","2023-08","11","10.00","11.17","11.00","135","114.00","12"
"Cellucor C4 Smart Energy Peach Mango","2023-09","12","11.00","11.17","11.17","135","117.00","11"
"Cellucor C4 Smart Energy Peach Mango","2023-10","11","11.33","11.00","11.08","119","129.67","13"
"Cellucor C4 Smart Energy Peach Mango","2023-11","13","12.00","11.00","11.00","90","114.67","11"
"Cellucor C4 Smart Energy Peach Mango","2023-12","11","11.67","11.33","11.08","135","114.67","12"
"Cellucor C4 Smart Energy Peach Mango","2024-01","12","12.00","11.67","11.25","135","120.00","13"
"Cellucor C4 Smart Energy Peach Mango","2024-02","13","12.00","12.00","11.58","102","124.00","13"
"Cellucor C4 Smart Energy Peach Mango","2024-03","13","12.67","12.17","11.67","135","124.00","12"
"Cellucor C4 Smart Energy Peach Mango","2024-04","12","12.67","12.33","11.67","96","111.00","10"
"Cellucor C4 Smart Energy Peach Mango","2024-05","10","11.67","11.83","11.42","128","119.67","11"
"Cellucor C4 Smart Energy Peach Mango","2024-06","11","11.00","11.83","11.58","135","119.67","13"
"Cellucor C4 Smart Energy Peach Mango","2024-07","13","11.33","12.00","11.83","132","131.67","18"
"Cellucor C4 Smart Energy Peach Mango","2024-08","18","14.00","12.83","12.42","91","119.33","14"
"Cellucor C4 Smart Energy Peach Mango","2024-09","14","15.00","13.00","12.58","101","108.00","11"
"Cellucor C4 Smart Energy Peach Mango","2024-10","11","14.33","12.83","12.58","132","108.00","25"
"Cellucor C4 Smart Energy Peach Mango","2024-11","25","16.67","15.33","13.58","135","122.67","22"
"Cellucor C4 Smart Energy Peach Mango","2024-12","22","19.33","17.17","14.50","135","134.00","19"
"Cellucor C4 Smart Energy Peach Mango","2025-01","19","22.00","18.17","15.08","115","128.33","16"
"Cellucor C4 Smart Energy Peach Mango","2025-02","16","19.00","17.83","15.33","130","126.67","16"
"Cellucor C4 Smart Energy Peach Mango","2025-03","16","17.00","18.17","15.58","135","126.67","16"
"Cellucor C4 Smart Energy Peach Mango","2025-04","16","16.00","19.00","15.92","116","127.00","9"
"Cellucor C4 Smart Energy Peach Mango","2025-05","9","13.67","16.33","15.83","112","121.00","10"
"Cellucor C4 Smart Energy Peach Mango","2025-06","10","11.67","14.33","15.75","135","121.00","20"
"Cellucor C4 Smart Energy Peach Mango","2025-07","20","13.00","14.50","16.33","113","120.00","18"
"Cellucor C4 Smart Energy Peach Mango","2025-08","18","16.00","14.83","16.33","97","115.00","20"
"Cellucor C4 Smart Energy Peach Mango","2025-09","20","19.33","15.50","16.83","102","104.00","18"
"Cellucor C4 Smart Energy Peach Mango","2025-10","18","18.67","15.83","17.42","132","110.33","21"
"Cellucor C4 Smart Energy Peach Mango","2025-11","21","19.67","17.83","17.08","135","123.00","19"
"Cellucor C4 Smart Energy Peach Mango","2025-12","19","19.33","19.33","16.83","124","130.33","13"
"Cellucor C4 Smart Energy Peach Mango","2026-01","13","17.67","18.17","16.33","135","131.33","11"
"Cellucor C4 Smart Energy Peach Mango","2026-02","11","14.33","17.00","15.92","120","126.33","19"
"Cellucor C4 Smart Energy Peach Mango","2026-03","19","14.33","16.83","16.17","135","130.00","12"
"Cellucor C4 Smart Energy Peach Mango","2026-04","12","14.00","15.83","15.83","105","120.00","22"
"Cellucor C4 Smart Energy Peach Mango","2026-05","22","17.67","16.00","16.92","128","122.67","22"
"Cellucor C4 Ultimate Cherry Limeade","2023-06","0","1.00","1.00","1.00","27","25.67","0"
"Cellucor C4 Ultimate Cherry Limeade","2023-07","0","0.67","0.67","0.83","18","23.00","0"
"Cellucor C4 Ultimate Cherry Limeade","2023-08","0","0.00","0.50","0.83","25","23.33","0"
"Cellucor C4 Ultimate Cherry Limeade","2023-09","0","0.00","0.50","0.83","22","21.67","1"
"Cellucor C4 Ultimate Cherry Limeade","2023-10","1","0.33","0.50","0.75","20","22.33","1"
"Cellucor C4 Ultimate Cherry Limeade","2023-11","1","0.67","0.33","0.75","18","20.00","1"
"Cellucor C4 Ultimate Cherry Limeade","2023-12","1","1.00","0.50","0.75","23","20.33","0"
"Cellucor C4 Ultimate Cherry Limeade","2024-01","0","0.67","0.50","0.58","23","21.33","2"
"Cellucor C4 Ultimate Cherry Limeade","2024-02","2","1.00","0.83","0.67","23","23.00","1"
"Cellucor C4 Ultimate Cherry Limeade","2024-03","1","1.00","1.00","0.75","20","22.00","1"
"Cellucor C4 Ultimate Cherry Limeade","2024-04","1","1.33","1.00","0.75","26","23.00","2"
"Cellucor C4 Ultimate Cherry Limeade","2024-05","2","1.33","1.17","0.75","23","23.00","1"
"Cellucor C4 Ultimate Cherry Limeade","2024-06","1","1.33","1.17","0.83","14","21.00","9"
"Cellucor C4 Ultimate Cherry Limeade","2024-07","9","4.00","2.67","1.58","12","16.33","9"
"Cellucor C4 Ultimate Cherry Limeade","2024-08","9","6.33","3.83","2.33","27","17.67","6"
"Cellucor C4 Ultimate Cherry Limeade","2024-09","6","8.00","4.67","2.83","21","20.00","2"
"Cellucor C4 Ultimate Cherry Limeade","2024-10","2","5.67","4.83","2.92","24","24.00","8"
"Cellucor C4 Ultimate Cherry Limeade","2024-11","8","5.33","5.83","3.50","32","25.67","8"
"Cellucor C4 Ultimate Cherry Limeade","2024-12","8","6.00","7.00","4.08","23","26.33","2"
"Cellucor C4 Ultimate Cherry Limeade","2025-01","2","6.00","5.83","4.25","28","27.67","8"
"Cellucor C4 Ultimate Cherry Limeade","2025-02","8","6.00","5.67","4.75","27","26.00","8"
"Cellucor C4 Ultimate Cherry Limeade","2025-03","8","6.00","6.00","5.33","27","27.33","0"
"Cellucor C4 Ultimate Cherry Limeade","2025-04","0","5.33","5.67","5.25","28","27.33","12"
"Cellucor C4 Ultimate Cherry Limeade","2025-05","12","6.67","6.33","6.08","16","23.67","13"
"Cellucor C4 Ultimate Cherry Limeade","2025-06","13","8.33","7.17","7.08","28","24.00","2"
"Cellucor C4 Ultimate Cherry Limeade","2025-07","2","9.00","7.17","6.50","32","25.33","10"
"Cellucor C4 Ultimate Cherry Limeade","2025-08","10","8.33","7.50","6.58","20","26.67","6"
"Cellucor C4 Ultimate Cherry Limeade","2025-09","6","6.00","7.17","6.58","20","24.00","8"
"Cellucor C4 Ultimate Cherry Limeade","2025-10","8","8.00","8.50","7.08","25","21.67","16"
"Cellucor C4 Ultimate Cherry Limeade","2025-11","16","10.00","9.17","7.75","35","26.67","8"
"Cellucor C4 Ultimate Cherry Limeade","2025-12","8","10.67","8.33","7.75","33","31.00","11"
"Cellucor C4 Ultimate Cherry Limeade","2026-01","11","11.67","9.83","8.50","38","35.33","1"
"Cellucor C4 Ultimate Cherry Limeade","2026-02","1","6.67","8.33","7.92","22","31.00","8"
"Cellucor C4 Ultimate Cherry Limeade","2026-03","8","6.67","8.67","7.92","14","24.67","11"
"Cellucor C4 Ultimate Cherry Limeade","2026-04","11","6.67","9.17","8.83","29","21.67","16"
"Cellucor C4 Ultimate Cherry Limeade","2026-05","16","11.67","9.17","9.17","20","21.00","17"
"Cellucor CLA 90 Softgels","2023-06","12","9.67","11.33","12.67","94","82.33","12"
"Cellucor CLA 90 Softgels","2023-07","12","10.33","11.17","12.83","64","75.33","11"
"Cellucor CLA 90 Softgels","2023-08","11","11.67","11.00","12.75","79","79.00","15"
"Cellucor CLA 90 Softgels","2023-09","15","12.67","11.17","12.67","72","71.67","16"
"Cellucor CLA 90 Softgels","2023-10","16","14.00","12.17","12.83","76","75.67","14"
"Cellucor CLA 90 Softgels","2023-11","14","15.00","13.33","12.83","62","70.00","9"
"Cellucor CLA 90 Softgels","2023-12","9","13.00","12.83","12.08","67","68.33","11"
"Cellucor CLA 90 Softgels","2024-01","11","11.33","12.67","11.92","80","69.67","9"
"Cellucor CLA 90 Softgels","2024-02","9","9.67","12.33","11.67","63","70.00","0"
"Cellucor CLA 90 Softgels","2024-03","0","6.67","9.83","10.50","29","57.33","15"
"Cellucor CLA 90 Softgels","2024-04","15","8.00","9.67","10.92","51","47.67","14"
"Cellucor CLA 90 Softgels","2024-05","14","9.67","9.67","11.50","68","49.33","7"
"Cellucor CLA 90 Softgels","2024-06","7","12.00","9.33","11.08","46","55.00","16"
"Cellucor CLA 90 Softgels","2024-07","16","12.33","10.17","11.42","76","63.33","9"
"Cellucor CLA 90 Softgels","2024-08","9","10.67","10.17","11.25","39","53.67","15"
"Cellucor CLA 90 Softgels","2024-09","15","13.33","12.67","11.25","55","56.67","11"
"Cellucor CLA 90 Softgels","2024-10","11","11.67","12.00","10.83","66","53.33","6"
"Cellucor CLA 90 Softgels","2024-11","6","10.67","10.67","10.17","68","63.00","21"
"Cellucor CLA 90 Softgels","2024-12","21","12.67","13.00","11.17","91","75.00","13"
"Cellucor CLA 90 Softgels","2025-01","13","13.33","12.50","11.33","102","87.00","14"
"Cellucor CLA 90 Softgels","2025-02","14","16.00","13.33","11.75","68","87.00","13"
"Cellucor CLA 90 Softgels","2025-03","13","13.33","13.00","12.83","53","74.33","12"
"Cellucor CLA 90 Softgels","2025-04","12","13.00","13.17","12.58","77","66.00","9"
"Cellucor CLA 90 Softgels","2025-05","9","11.33","13.67","12.17","87","72.33","14"
"Cellucor CLA 90 Softgels","2025-06","14","11.67","12.50","12.75","88","84.00","15"
"Cellucor CLA 90 Softgels","2025-07","15","12.67","12.83","12.67","68","81.00","15"
"Cellucor CLA 90 Softgels","2025-08","15","14.67","13.00","13.17","53","69.67","12"
"Cellucor CLA 90 Softgels","2025-09","12","14.00","12.83","12.92","52","57.67","17"
"Cellucor CLA 90 Softgels","2025-10","17","14.67","13.67","13.42","68","57.67","19"
"Cellucor CLA 90 Softgels","2025-11","19","16.00","15.33","14.50","69","63.00","16"
"Cellucor CLA 90 Softgels","2025-12","16","17.33","15.67","14.08","78","71.67","10"
"Cellucor CLA 90 Softgels","2026-01","10","15.00","14.83","13.83","43","63.33","18"
"Cellucor CLA 90 Softgels","2026-02","18","14.67","15.33","14.17","47","56.00","13"
"Cellucor CLA 90 Softgels","2026-03","13","13.67","15.50","14.17","57","49.00","15"
"Cellucor CLA 90 Softgels","2026-04","15","15.33","15.17","14.42","70","58.00","11"
"Cellucor CLA 90 Softgels","2026-05","11","13.00","13.83","14.58","45","57.33","11"
"Cellucor Cor Performance Whey Chocolate","2023-06","15","16.33","14.17","11.75","64","49.67","18"
"Cellucor Cor Performance Whey Chocolate","2023-07","18","16.33","14.83","13.25","49","53.33","16"
"Cellucor Cor Performance Whey Chocolate","2023-08","16","16.33","16.00","13.92","53","55.33","10"
"Cellucor Cor Performance Whey Chocolate","2023-09","10","14.67","15.50","13.92","45","49.00","11"
"Cellucor Cor Performance Whey Chocolate","2023-10","11","12.33","14.33","14.00","51","49.67","16"
"Cellucor Cor Performance Whey Chocolate","2023-11","16","12.33","14.33","14.33","65","53.67","17"
"Cellucor Cor Performance Whey Chocolate","2023-12","17","14.67","14.67","14.42","29","48.33","21"
"Cellucor Cor Performance Whey Chocolate","2024-01","21","18.00","15.17","15.00","68","54.00","19"
"Cellucor Cor Performance Whey Chocolate","2024-02","19","19.00","15.67","15.83","61","52.67","15"
"Cellucor Cor Performance Whey Chocolate","2024-03","15","18.33","16.50","16.00","55","61.33","10"
"Cellucor Cor Performance Whey Chocolate","2024-04","10","14.67","16.33","15.33","41","52.33","13"
"Cellucor Cor Performance Whey Chocolate","2024-05","13","12.67","15.83","15.08","48","48.00","11"
"Cellucor Cor Performance Whey Chocolate","2024-06","11","11.33","14.83","14.75","30","39.67","9"
"Cellucor Cor Performance Whey Chocolate","2024-07","9","11.00","12.83","14.00","24","34.00","20"
"Cellucor Cor Performance Whey Chocolate","2024-08","20","13.33","13.00","14.33","53","35.67","24"
"Cellucor Cor Performance Whey Chocolate","2024-09","24","17.67","14.50","15.50","28","35.00","24"
"Cellucor Cor Performance Whey Chocolate","2024-10","24","22.67","16.83","16.58","61","47.33","23"
"Cellucor Cor Performance Whey Chocolate","2024-11","23","23.67","18.50","17.17","28","39.00","23"
"Cellucor Cor Performance Whey Chocolate","2024-12","23","23.33","20.50","17.67","56","48.33","20"
"Cellucor Cor Performance Whey Chocolate","2025-01","20","22.00","22.33","17.58","51","45.00","16"
"Cellucor Cor Performance Whey Chocolate","2025-02","16","19.67","21.67","17.33","47","51.33","19"
"Cellucor Cor Performance Whey Chocolate","2025-03","19","18.33","20.83","17.67","33","43.67","23"
"Cellucor Cor Performance Whey Chocolate","2025-04","23","19.33","20.67","18.75","52","44.00","10"
"Cellucor Cor Performance Whey Chocolate","2025-05","10","17.33","18.50","18.50","31","38.67","19"
"Cellucor Cor Performance Whey Chocolate","2025-06","19","17.33","17.83","19.17","38","40.33","21"
"Cellucor Cor Performance Whey Chocolate","2025-07","21","16.67","18.00","20.17","35","34.67","16"
"Cellucor Cor Performance Whey Chocolate","2025-08","16","18.67","18.00","19.83","35","36.00","22"
"Cellucor Cor Performance Whey Chocolate","2025-09","22","19.67","18.50","19.67","33","34.33","19"
"Cellucor Cor Performance Whey Chocolate","2025-10","19","19.00","17.83","19.25","24","30.67","20"
"Cellucor Cor Performance Whey Chocolate","2025-11","20","20.33","19.50","19.00","34","30.33","16"
"Cellucor Cor Performance Whey Chocolate","2025-12","16","18.33","19.00","18.42","35","31.00","23"
"Cellucor Cor Performance Whey Chocolate","2026-01","23","19.67","19.33","18.67","72","47.00","13"
"Cellucor Cor Performance Whey Chocolate","2026-02","13","17.33","18.83","18.42","34","47.00","19"
"Cellucor Cor Performance Whey Chocolate","2026-03","19","18.33","18.33","18.42","39","48.33","17"
"Cellucor Cor Performance Whey Chocolate","2026-04","17","16.33","18.00","17.92","44","39.00","28"
"Cellucor Cor Performance Whey Chocolate","2026-05","28","21.33","19.33","19.42","43","42.00","23"
"Cellucor Cor Performance Whey Vanilla","2023-06","7","8.00","8.00","8.00","135","124.00","7"
"Cellucor Cor Performance Whey Vanilla","2023-07","7","7.67","7.33","8.08","135","135.00","8"
"Cellucor Cor Performance Whey Vanilla","2023-08","8","7.33","7.67","8.00","135","135.00","10"
"Cellucor Cor Performance Whey Vanilla","2023-09","10","8.33","8.17","8.42","135","135.00","4"
"Cellucor Cor Performance Whey Vanilla","2023-10","4","7.33","7.50","8.00","135","135.00","10"
"Cellucor Cor Performance Whey Vanilla","2023-11","10","8.00","7.67","8.00","135","135.00","8"
"Cellucor Cor Performance Whey Vanilla","2023-12","8","7.33","7.83","7.92","107","125.67","12"
"Cellucor Cor Performance Whey Vanilla","2024-01","12","10.00","8.67","8.00","135","125.67","7"
"Cellucor Cor Performance Whey Vanilla","2024-02","7","9.00","8.50","8.08","135","125.67","8"
"Cellucor Cor Performance Whey Vanilla","2024-03","8","9.00","8.17","8.17","100","123.33","8"
"Cellucor Cor Performance Whey Vanilla","2024-04","8","7.67","8.83","8.17","105","113.33","10"
"Cellucor Cor Performance Whey Vanilla","2024-05","10","8.67","8.83","8.25","109","104.67","7"
"Cellucor Cor Performance Whey Vanilla","2024-06","7","8.33","8.67","8.25","135","116.33","15"
"Cellucor Cor Performance Whey Vanilla","2024-07","15","10.67","9.17","8.92","109","117.67","15"
"Cellucor Cor Performance Whey Vanilla","2024-08","15","12.33","10.50","9.50","135","126.33","18"
"Cellucor Cor Performance Whey Vanilla","2024-09","18","16.00","12.17","10.17","113","119.00","17"
"Cellucor Cor Performance Whey Vanilla","2024-10","17","16.67","13.67","11.25","102","116.67","13"
"Cellucor Cor Performance Whey Vanilla","2024-11","13","16.00","14.17","11.50","109","108.00","14"
"Cellucor Cor Performance Whey Vanilla","2024-12","14","14.67","15.33","12.00","135","115.33","24"
"Cellucor Cor Performance Whey Vanilla","2025-01","24","17.00","16.83","13.00","135","126.33","7"
"Cellucor Cor Performance Whey Vanilla","2025-02","7","15.00","15.50","13.00","134","134.67","14"
"Cellucor Cor Performance Whey Vanilla","2025-03","14","15.00","14.83","13.50","128","132.33","15"
"Cellucor Cor Performance Whey Vanilla","2025-04","15","12.00","14.50","14.08","135","132.33","13"
"Cellucor Cor Performance Whey Vanilla","2025-05","13","14.00","14.50","14.33","135","132.67","15"
"Cellucor Cor Performance Whey Vanilla","2025-06","15","14.33","14.67","15.00","119","129.67","10"
"Cellucor Cor Performance Whey Vanilla","2025-07","10","12.67","12.33","14.58","135","129.67","14"
"Cellucor Cor Performance Whey Vanilla","2025-08","14","13.00","13.50","14.50","135","129.67","7"
"Cellucor Cor Performance Whey Vanilla","2025-09","7","10.33","12.33","13.58","135","135.00","16"
"Cellucor Cor Performance Whey Vanilla","2025-10","16","12.33","12.50","13.50","135","135.00","4"
"Cellucor Cor Performance Whey Vanilla","2025-11","4","9.00","11.00","12.75","98","122.67","14"
"Cellucor Cor Performance Whey Vanilla","2025-12","14","11.33","10.83","12.75","135","122.67","21"
"Cellucor Cor Performance Whey Vanilla","2026-01","21","13.00","12.67","12.50","134","122.33","18"
"Cellucor Cor Performance Whey Vanilla","2026-02","18","17.67","13.33","13.42","135","134.67","11"
"Cellucor Cor Performance Whey Vanilla","2026-03","11","16.67","14.00","13.17","135","134.67","20"
"Cellucor Cor Performance Whey Vanilla","2026-04","20","16.33","14.67","13.58","135","135.00","20"
"Cellucor Cor Performance Whey Vanilla","2026-05","20","17.00","17.33","14.17","107","125.67","19"
"Cellucor Creatine Monohydrate 300 g","2023-06","20","18.00","16.33","16.08","118","86.67","21"
"Cellucor Creatine Monohydrate 300 g","2023-07","21","18.67","16.33","16.58","73","92.33","14"
"Cellucor Creatine Monohydrate 300 g","2023-08","14","18.33","17.17","16.33","77","89.33","26"
"Cellucor Creatine Monohydrate 300 g","2023-09","26","20.33","19.17","17.25","95","81.67","19"
"Cellucor Creatine Monohydrate 300 g","2023-10","19","19.67","19.17","17.33","92","88.00","22"
"Cellucor Creatine Monohydrate 300 g","2023-11","22","22.33","20.33","17.67","114","100.33","19"
"Cellucor Creatine Monohydrate 300 g","2023-12","19","20.00","20.17","18.25","112","106.00","18"
"Cellucor Creatine Monohydrate 300 g","2024-01","18","19.67","19.67","18.00","85","103.67","16"
"Cellucor Creatine Monohydrate 300 g","2024-02","16","17.67","20.00","18.58","107","101.33","15"
"Cellucor Creatine Monohydrate 300 g","2024-03","15","16.33","18.17","18.67","74","88.67","20"
"Cellucor Creatine Monohydrate 300 g","2024-04","20","17.00","18.33","18.75","61","80.67","22"
"Cellucor Creatine Monohydrate 300 g","2024-05","22","19.00","18.33","19.33","92","75.67","21"
"Cellucor Creatine Monohydrate 300 g","2024-06","21","21.00","18.67","19.42","105","86.00","14"
"Cellucor Creatine Monohydrate 300 g","2024-07","14","19.00","18.00","18.83","64","87.00","19"
"Cellucor Creatine Monohydrate 300 g","2024-08","19","18.00","18.50","19.25","90","86.33","29"
"Cellucor Creatine Monohydrate 300 g","2024-09","29","20.67","20.83","19.50","84","79.33","14"
"Cellucor Creatine Monohydrate 300 g","2024-10","14","20.67","19.83","19.08","72","82.00","35"
"Cellucor Creatine Monohydrate 300 g","2024-11","35","26.00","22.00","20.17","77","77.67","37"
"Cellucor Creatine Monohydrate 300 g","2024-12","37","28.67","24.67","21.67","135","94.67","35"
"Cellucor Creatine Monohydrate 300 g","2025-01","35","35.67","28.17","23.08","109","107.00","28"
"Cellucor Creatine Monohydrate 300 g","2025-02","28","33.33","29.67","24.08","99","114.33","24"
"Cellucor Creatine Monohydrate 300 g","2025-03","24","29.00","28.83","24.83","135","114.33","26"
"Cellucor Creatine Monohydrate 300 g","2025-04","26","26.00","30.83","25.33","97","110.33","33"
"Cellucor Creatine Monohydrate 300 g","2025-05","33","27.67","30.50","26.25","127","119.67","35"
"Cellucor Creatine Monohydrate 300 g","2025-06","35","31.33","30.17","27.42","70","98.00","31"
"Cellucor Creatine Monohydrate 300 g","2025-07","31","33.00","29.50","28.83","87","94.67","25"
"Cellucor Creatine Monohydrate 300 g","2025-08","25","30.33","29.00","29.33","124","93.67","32"
"Cellucor Creatine Monohydrate 300 g","2025-09","32","29.33","30.33","29.58","83","98.00","22"
"Cellucor Creatine Monohydrate 300 g","2025-10","22","26.33","29.67","30.25","130","112.33","33"
"Cellucor Creatine Monohydrate 300 g","2025-11","33","29.00","29.67","30.08","135","116.00","22"
"Cellucor Creatine Monohydrate 300 g","2025-12","22","25.67","27.50","28.83","135","133.33","23"
"Cellucor Creatine Monohydrate 300 g","2026-01","23","26.00","26.17","27.83","107","125.67","21"
"Cellucor Creatine Monohydrate 300 g","2026-02","21","22.00","25.50","27.25","92","111.33","37"
"Cellucor Creatine Monohydrate 300 g","2026-03","37","27.00","26.33","28.33","86","95.00","39"
"Cellucor Creatine Monohydrate 300 g","2026-04","39","32.33","29.17","29.42","128","102.00","39"
"Cellucor Creatine Monohydrate 300 g","2026-05","39","38.33","30.17","29.92","106","106.67","16"
"Cellucor Hydration Stick Lemon 20 sobres","2023-06","17","17.67","18.33","17.83","68","87.00","20"
"Cellucor Hydration Stick Lemon 20 sobres","2023-07","20","17.33","18.17","17.75","89","78.00","20"
"Cellucor Hydration Stick Lemon 20 sobres","2023-08","20","19.00","18.17","18.33","84","80.33","17"
"Cellucor Hydration Stick Lemon 20 sobres","2023-09","17","19.00","18.33","18.33","55","76.00","10"
"Cellucor Hydration Stick Lemon 20 sobres","2023-10","10","15.67","16.50","17.58","51","63.33","19"
"Cellucor Hydration Stick Lemon 20 sobres","2023-11","19","15.33","17.17","17.58","69","58.33","20"
"Cellucor Hydration Stick Lemon 20 sobres","2023-12","20","16.33","17.67","18.00","85","68.33","16"
"Cellucor Hydration Stick Lemon 20 sobres","2024-01","16","18.33","17.00","17.58","95","83.00","20"
"Cellucor Hydration Stick Lemon 20 sobres","2024-02","20","18.67","17.00","17.58","55","78.33","19"
"Cellucor Hydration Stick Lemon 20 sobres","2024-03","19","18.33","17.33","17.83","73","74.33","18"
"Cellucor Hydration Stick Lemon 20 sobres","2024-04","18","19.00","18.67","17.58","98","75.33","12"
"Cellucor Hydration Stick Lemon 20 sobres","2024-05","12","16.33","17.50","17.33","58","76.33","19"
"Cellucor Hydration Stick Lemon 20 sobres","2024-06","19","16.33","17.33","17.50","95","83.67","25"
"Cellucor Hydration Stick Lemon 20 sobres","2024-07","25","18.67","18.83","17.92","90","81.00","22"
"Cellucor Hydration Stick Lemon 20 sobres","2024-08","22","22.00","19.17","18.08","64","83.00","21"
"Cellucor Hydration Stick Lemon 20 sobres","2024-09","21","22.67","19.50","18.42","93","82.33","26"
"Cellucor Hydration Stick Lemon 20 sobres","2024-10","26","23.00","20.83","19.75","92","83.00","23"
"Cellucor Hydration Stick Lemon 20 sobres","2024-11","23","23.33","22.67","20.08","63","82.67","22"
"Cellucor Hydration Stick Lemon 20 sobres","2024-12","22","23.67","23.17","20.25","94","83.00","28"
"Cellucor Hydration Stick Lemon 20 sobres","2025-01","28","24.33","23.67","21.25","79","78.67","11"
"Cellucor Hydration Stick Lemon 20 sobres","2025-02","11","20.33","21.83","20.50","48","73.67","24"
"Cellucor Hydration Stick Lemon 20 sobres","2025-03","24","21.00","22.33","20.92","77","68.00","10"
"Cellucor Hydration Stick Lemon 20 sobres","2025-04","10","15.00","19.67","20.25","59","61.33","15"
"Cellucor Hydration Stick Lemon 20 sobres","2025-05","15","16.33","18.33","20.50","73","69.67","13"
"Cellucor Hydration Stick Lemon 20 sobres","2025-06","13","12.67","16.83","20.00","46","59.33","21"
"Cellucor Hydration Stick Lemon 20 sobres","2025-07","21","16.33","15.67","19.67","47","55.33","22"
"Cellucor Hydration Stick Lemon 20 sobres","2025-08","22","18.67","17.50","19.67","60","51.00","26"
"Cellucor Hydration Stick Lemon 20 sobres","2025-09","26","23.00","17.83","20.08","83","63.33","10"
"Cellucor Hydration Stick Lemon 20 sobres","2025-10","10","19.33","17.83","18.75","75","72.67","29"
"Cellucor Hydration Stick Lemon 20 sobres","2025-11","29","21.67","20.17","19.25","109","89.00","20"
"Cellucor Hydration Stick Lemon 20 sobres","2025-12","20","19.67","21.33","19.08","52","78.67","23"
"Cellucor Hydration Stick Lemon 20 sobres","2026-01","23","24.00","21.67","18.67","66","75.67","29"
"Cellucor Hydration Stick Lemon 20 sobres","2026-02","29","24.00","22.83","20.17","65","61.00","22"
"Cellucor Hydration Stick Lemon 20 sobres","2026-03","22","24.67","22.17","20.00","61","64.00","30"
"Cellucor Hydration Stick Lemon 20 sobres","2026-04","30","27.00","25.50","21.67","55","60.33","29"
"Cellucor Hydration Stick Lemon 20 sobres","2026-05","29","27.00","25.50","22.83","60","58.67","39"
"Cellucor Isolate Protein Chocolate 2 lb","2023-06","6","5.67","6.00","5.83","126","122.33","6"
"Cellucor Isolate Protein Chocolate 2 lb","2023-07","6","6.00","6.00","5.83","135","132.00","5"
"Cellucor Isolate Protein Chocolate 2 lb","2023-08","5","5.67","5.83","5.92","127","129.33","7"
"Cellucor Isolate Protein Chocolate 2 lb","2023-09","7","6.00","5.83","6.00","135","132.33","6"
"Cellucor Isolate Protein Chocolate 2 lb","2023-10","6","6.00","6.00","6.00","135","132.33","6"
"Cellucor Isolate Protein Chocolate 2 lb","2023-11","6","6.33","6.00","5.92","135","135.00","8"
"Cellucor Isolate Protein Chocolate 2 lb","2023-12","8","6.67","6.33","6.17","135","135.00","9"
"Cellucor Isolate Protein Chocolate 2 lb","2024-01","9","7.67","6.83","6.42","135","135.00","8"
"Cellucor Isolate Protein Chocolate 2 lb","2024-02","8","8.33","7.33","6.58","96","122.00","7"
"Cellucor Isolate Protein Chocolate 2 lb","2024-03","7","8.00","7.33","6.58","131","120.67","8"
"Cellucor Isolate Protein Chocolate 2 lb","2024-04","8","7.67","7.67","6.83","135","120.67","7"
"Cellucor Isolate Protein Chocolate 2 lb","2024-05","7","7.33","7.83","6.92","132","132.67","6"
"Cellucor Isolate Protein Chocolate 2 lb","2024-06","6","7.00","7.50","6.92","135","134.00","24"
"Cellucor Isolate Protein Chocolate 2 lb","2024-07","24","12.33","10.00","8.42","132","133.00","22"
"Cellucor Isolate Protein Chocolate 2 lb","2024-08","22","17.33","12.33","9.83","119","128.67","31"
"Cellucor Isolate Protein Chocolate 2 lb","2024-09","31","25.67","16.33","11.83","135","128.67","20"
"Cellucor Isolate Protein Chocolate 2 lb","2024-10","20","24.33","18.33","13.00","113","122.33","29"
"Cellucor Isolate Protein Chocolate 2 lb","2024-11","29","26.67","22.00","14.92","135","127.67","23"
"Cellucor Isolate Protein Chocolate 2 lb","2024-12","23","24.00","24.83","16.17","135","127.67","28"
"Cellucor Isolate Protein Chocolate 2 lb","2025-01","28","26.67","25.50","17.75","135","135.00","19"
"Cellucor Isolate Protein Chocolate 2 lb","2025-02","19","23.33","25.00","18.67","114","128.00","23"
"Cellucor Isolate Protein Chocolate 2 lb","2025-03","23","23.33","23.67","20.00","135","128.00","30"
"Cellucor Isolate Protein Chocolate 2 lb","2025-04","30","24.00","25.33","21.83","135","128.00","23"
"Cellucor Isolate Protein Chocolate 2 lb","2025-05","23","25.33","24.33","23.17","135","135.00","29"
"Cellucor Isolate Protein Chocolate 2 lb","2025-06","29","27.33","25.33","25.08","122","130.67","27"
"Cellucor Isolate Protein Chocolate 2 lb","2025-07","27","26.33","25.17","25.33","135","130.67","24"
"Cellucor Isolate Protein Chocolate 2 lb","2025-08","24","26.67","26.00","25.50","135","130.67","31"
"Cellucor Isolate Protein Chocolate 2 lb","2025-09","31","27.33","27.33","25.50","135","135.00","43"
"Cellucor Isolate Protein Chocolate 2 lb","2025-10","43","32.67","29.50","27.42","135","135.00","28"
"Cellucor Isolate Protein Chocolate 2 lb","2025-11","28","34.00","30.33","27.33","135","135.00","45"
"Cellucor Isolate Protein Chocolate 2 lb","2025-12","45","38.67","33.00","29.17","135","135.00","37"
"Cellucor Isolate Protein Chocolate 2 lb","2026-01","37","36.67","34.67","29.92","135","135.00","33"
"Cellucor Isolate Protein Chocolate 2 lb","2026-02","33","38.33","36.17","31.08","135","135.00","26"
"Cellucor Isolate Protein Chocolate 2 lb","2026-03","26","32.00","35.33","31.33","135","135.00","38"
"Cellucor Isolate Protein Chocolate 2 lb","2026-04","38","32.33","34.50","32.00","135","135.00","48"
"Cellucor Isolate Protein Chocolate 2 lb","2026-05","48","37.33","37.83","34.08","135","135.00","44"
"Cellucor Post Workout Recovery Berry","2023-06","7","8.00","8.50","8.00","43","37.00","7"
"Cellucor Post Workout Recovery Berry","2023-07","7","8.00","8.17","8.17","40","40.67","6"
"Cellucor Post Workout Recovery Berry","2023-08","6","6.67","7.83","8.17","33","38.67","6"
"Cellucor Post Workout Recovery Berry","2023-09","6","6.33","7.17","8.00","27","33.33","7"
"Cellucor Post Workout Recovery Berry","2023-10","7","6.33","7.17","7.83","36","32.00","6"
"Cellucor Post Workout Recovery Berry","2023-11","6","6.33","6.50","7.50","46","36.33","5"
"Cellucor Post Workout Recovery Berry","2023-12","5","6.00","6.17","7.33","33","38.33","7"
"Cellucor Post Workout Recovery Berry","2024-01","7","6.00","6.17","7.17","53","44.00","6"
"Cellucor Post Workout Recovery Berry","2024-02","6","6.00","6.17","7.00","32","39.33","7"
"Cellucor Post Workout Recovery Berry","2024-03","7","6.67","6.33","6.75","34","39.67","8"
"Cellucor Post Workout Recovery Berry","2024-04","8","7.00","6.50","6.83","52","39.33","4"
"Cellucor Post Workout Recovery Berry","2024-05","4","6.33","6.17","6.33","30","38.67","6"
"Cellucor Post Workout Recovery Berry","2024-06","6","6.00","6.33","6.25","26","36.00","12"
"Cellucor Post Workout Recovery Berry","2024-07","12","7.33","7.17","6.67","51","35.67","14"
"Cellucor Post Workout Recovery Berry","2024-08","14","10.67","8.50","7.33","46","41.00","10"
"Cellucor Post Workout Recovery Berry","2024-09","10","12.00","9.00","7.67","33","43.33","10"
"Cellucor Post Workout Recovery Berry","2024-10","10","11.33","9.33","7.92","26","35.00","5"
"Cellucor Post Workout Recovery Berry","2024-11","5","8.33","9.50","7.83","44","34.33","12"
"Cellucor Post Workout Recovery Berry","2024-12","12","9.00","10.50","8.42","32","34.00","5"
"Cellucor Post Workout Recovery Berry","2025-01","5","7.33","9.33","8.25","45","40.33","15"
"Cellucor Post Workout Recovery Berry","2025-02","15","10.67","9.50","9.00","28","35.00","11"
"Cellucor Post Workout Recovery Berry","2025-03","11","10.33","9.67","9.33","30","34.33","12"
"Cellucor Post Workout Recovery Berry","2025-04","12","12.67","10.00","9.67","37","31.67","17"
"Cellucor Post Workout Recovery Berry","2025-05","17","13.33","12.00","10.75","32","33.00","11"
"Cellucor Post Workout Recovery Berry","2025-06","11","13.33","11.83","11.17","41","36.67","19"
"Cellucor Post Workout Recovery Berry","2025-07","19","15.67","14.17","11.75","31","34.67","14"
"Cellucor Post Workout Recovery Berry","2025-08","14","14.67","14.00","11.75","29","33.67","4"
"Cellucor Post Workout Recovery Berry","2025-09","4","12.33","12.83","11.25","23","27.67","9"
"Cellucor Post Workout Recovery Berry","2025-10","9","9.00","12.33","11.17","30","27.33","10"
"Cellucor Post Workout Recovery Berry","2025-11","10","7.67","11.17","11.58","26","26.33","11"
"Cellucor Post Workout Recovery Berry","2025-12","11","10.00","11.17","11.50","37","31.00","11"
"Cellucor Post Workout Recovery Berry","2026-01","11","10.67","9.83","12.00","41","34.67","10"
"Cellucor Post Workout Recovery Berry","2026-02","10","10.67","9.17","11.58","34","37.33","13"
"Cellucor Post Workout Recovery Berry","2026-03","13","11.33","10.67","11.75","38","37.67","15"
"Cellucor Post Workout Recovery Berry","2026-04","15","12.67","11.67","12.00","23","31.67","10"
"Cellucor Post Workout Recovery Berry","2026-05","10","12.67","11.67","11.42","31","30.67","22"
"Cellucor Super HD 60 caps","2023-06","18","15.33","16.67","16.67","61","64.67","17"
"Cellucor Super HD 60 caps","2023-07","17","16.33","16.50","16.75","95","77.67","16"
"Cellucor Super HD 60 caps","2023-08","16","17.00","15.83","17.00","83","79.67","12"
"Cellucor Super HD 60 caps","2023-09","12","15.00","15.17","16.33","103","93.67","19"
"Cellucor Super HD 60 caps","2023-10","19","15.67","16.00","16.58","73","86.33","15"
"Cellucor Super HD 60 caps","2023-11","15","15.33","16.17","16.33","74","83.33","21"
"Cellucor Super HD 60 caps","2023-12","21","18.33","16.67","16.67","91","79.33","21"
"Cellucor Super HD 60 caps","2024-01","21","19.00","17.33","16.92","125","96.67","14"
"Cellucor Super HD 60 caps","2024-02","14","18.67","17.00","16.42","87","101.00","19"
"Cellucor Super HD 60 caps","2024-03","19","18.00","18.17","16.67","86","99.33","20"
"Cellucor Super HD 60 caps","2024-04","20","17.67","18.33","17.17","75","82.67","19"
"Cellucor Super HD 60 caps","2024-05","19","19.33","19.00","17.58","53","71.33","19"
"Cellucor Super HD 60 caps","2024-06","19","19.33","18.67","17.67","115","81.00","6"
"Cellucor Super HD 60 caps","2024-07","6","14.67","16.17","16.75","34","67.33","13"
"Cellucor Super HD 60 caps","2024-08","13","12.67","16.00","16.50","53","67.33","18"
"Cellucor Super HD 60 caps","2024-09","18","12.33","15.83","17.00","89","58.67","10"
"Cellucor Super HD 60 caps","2024-10","10","13.67","14.17","16.25","64","68.67","22"
"Cellucor Super HD 60 caps","2024-11","22","16.67","14.67","16.83","80","77.67","22"
"Cellucor Super HD 60 caps","2024-12","22","18.00","15.17","16.92","111","85.00","26"
"Cellucor Super HD 60 caps","2025-01","26","23.33","18.50","17.33","100","97.00","23"
"Cellucor Super HD 60 caps","2025-02","23","23.67","20.17","18.08","77","96.00","26"
"Cellucor Super HD 60 caps","2025-03","26","25.00","21.50","18.67","87","88.00","28"
"Cellucor Super HD 60 caps","2025-04","28","25.67","24.50","19.33","105","89.67","23"
"Cellucor Super HD 60 caps","2025-05","23","25.67","24.67","19.67","86","92.67","26"
"Cellucor Super HD 60 caps","2025-06","26","25.67","25.33","20.25","73","88.00","26"
"Cellucor Super HD 60 caps","2025-07","26","25.00","25.33","21.92","57","72.00","17"
"Cellucor Super HD 60 caps","2025-08","17","23.00","24.33","22.25","96","75.33","21"
"Cellucor Super HD 60 caps","2025-09","21","21.33","23.50","22.50","102","85.00","27"
"Cellucor Super HD 60 caps","2025-10","27","21.67","23.33","23.92","110","102.67","26"
"Cellucor Super HD 60 caps","2025-11","26","24.67","23.83","24.25","100","104.00","23"
"Cellucor Super HD 60 caps","2025-12","23","25.33","23.33","24.33","70","93.33","27"
"Cellucor Super HD 60 caps","2026-01","27","25.33","23.50","24.42","79","83.00","24"
"Cellucor Super HD 60 caps","2026-02","24","24.67","24.67","24.50","69","72.67","15"
"Cellucor Super HD 60 caps","2026-03","15","22.00","23.67","23.58","94","80.67","27"
"Cellucor Super HD 60 caps","2026-04","27","22.00","23.67","23.50","105","89.33","26"
"Cellucor Super HD 60 caps","2026-05","26","22.67","23.67","23.75","89","96.00","26"
"Cellucor Whey Cinnamon Swirl 2 lb","2023-06","10","12.33","14.67","14.25","50","59.00","13"
"Cellucor Whey Cinnamon Swirl 2 lb","2023-07","13","13.33","13.67","14.33","62","62.67","8"
"Cellucor Whey Cinnamon Swirl 2 lb","2023-08","8","10.33","12.33","14.00","61","57.67","9"
"Cellucor Whey Cinnamon Swirl 2 lb","2023-09","9","10.00","11.17","13.42","37","53.33","12"
"Cellucor Whey Cinnamon Swirl 2 lb","2023-10","12","9.67","11.50","13.08","52","50.00","16"
"Cellucor Whey Cinnamon Swirl 2 lb","2023-11","16","12.33","11.33","13.08","98","62.33","15"
"Cellucor Whey Cinnamon Swirl 2 lb","2023-12","15","14.33","12.17","13.42","81","77.00","20"
"Cellucor Whey Cinnamon Swirl 2 lb","2024-01","20","17.00","13.33","13.50","116","98.33","15"
"Cellucor Whey Cinnamon Swirl 2 lb","2024-02","15","16.67","14.50","13.42","70","89.00","15"
"Cellucor Whey Cinnamon Swirl 2 lb","2024-03","15","16.67","15.50","13.33","74","86.67","12"
"Cellucor Whey Cinnamon Swirl 2 lb","2024-04","12","14.00","15.50","13.50","46","63.33","9"
"Cellucor Whey Cinnamon Swirl 2 lb","2024-05","9","12.00","14.33","12.83","67","62.33","13"
"Cellucor Whey Cinnamon Swirl 2 lb","2024-06","13","11.33","14.00","13.08","70","61.00","16"
"Cellucor Whey Cinnamon Swirl 2 lb","2024-07","16","12.67","13.33","13.33","47","61.33","19"
"Cellucor Whey Cinnamon Swirl 2 lb","2024-08","19","16.00","14.00","14.25","86","67.67","19"
"Cellucor Whey Cinnamon Swirl 2 lb","2024-09","19","18.00","14.67","15.08","61","64.67","14"
"Cellucor Whey Cinnamon Swirl 2 lb","2024-10","14","17.33","15.00","15.25","92","79.67","26"
"Cellucor Whey Cinnamon Swirl 2 lb","2024-11","26","19.67","17.83","16.08","69","74.00","22"
"Cellucor Whey Cinnamon Swirl 2 lb","2024-12","22","20.67","19.33","16.67","93","84.67","20"
"Cellucor Whey Cinnamon Swirl 2 lb","2025-01","20","22.67","20.00","16.67","52","71.33","16"
"Cellucor Whey Cinnamon Swirl 2 lb","2025-02","16","19.33","19.50","16.75","66","70.33","23"
"Cellucor Whey Cinnamon Swirl 2 lb","2025-03","23","19.67","20.17","17.42","84","67.33","20"
"Cellucor Whey Cinnamon Swirl 2 lb","2025-04","20","19.67","21.17","18.08","54","68.00","26"
"Cellucor Whey Cinnamon Swirl 2 lb","2025-05","26","23.00","21.17","19.50","86","74.67","21"
"Cellucor Whey Cinnamon Swirl 2 lb","2025-06","21","22.33","21.00","20.17","48","62.67","20"
"Cellucor Whey Cinnamon Swirl 2 lb","2025-07","20","22.33","21.00","20.50","39","57.67","20"
"Cellucor Whey Cinnamon Swirl 2 lb","2025-08","20","20.33","21.67","20.58","50","45.67","22"
"Cellucor Whey Cinnamon Swirl 2 lb","2025-09","22","20.67","21.50","20.83","68","52.33","17"
"Cellucor Whey Cinnamon Swirl 2 lb","2025-10","17","19.67","21.00","21.08","68","62.00","24"
"Cellucor Whey Cinnamon Swirl 2 lb","2025-11","24","21.00","20.67","20.92","88","74.67","16"
"Cellucor Whey Cinnamon Swirl 2 lb","2025-12","16","19.00","19.83","20.42","56","70.67","15"
"Cellucor Whey Cinnamon Swirl 2 lb","2026-01","15","18.33","19.00","20.00","69","71.00","18"
"Cellucor Whey Cinnamon Swirl 2 lb","2026-02","18","16.33","18.67","20.17","66","63.67","20"
"Cellucor Whey Cinnamon Swirl 2 lb","2026-03","20","17.67","18.33","19.92","42","59.00","23"
"Cellucor Whey Cinnamon Swirl 2 lb","2026-04","23","20.33","19.33","20.17","37","48.33","22"
"Cellucor Whey Cinnamon Swirl 2 lb","2026-05","22","21.67","19.00","19.83","31","36.67","28"
"Creatina Monohidratada 300 g","2023-06","9","8.00","8.50","8.58","35","41.00","8"
"Creatina Monohidratada 300 g","2023-07","8","8.33","8.33","8.75","58","42.33","10"
"Creatina Monohidratada 300 g","2023-08","10","9.00","8.67","9.00","69","54.00","8"
"Creatina Monohidratada 300 g","2023-09","8","8.67","8.33","8.83","41","56.00","9"
"Creatina Monohidratada 300 g","2023-10","9","9.00","8.67","8.58","58","56.00","9"
"Creatina Monohidratada 300 g","2023-11","9","8.67","8.83","8.58","49","49.33","9"
"Creatina Monohidratada 300 g","2023-12","9","9.00","8.83","8.67","58","55.00","11"
"Creatina Monohidratada 300 g","2024-01","11","9.67","9.33","8.83","70","59.00","10"
"Creatina Monohidratada 300 g","2024-02","10","10.00","9.33","9.00","56","61.33","10"
"Creatina Monohidratada 300 g","2024-03","10","10.33","9.67","9.00","50","58.67","7"
"Creatina Monohidratada 300 g","2024-04","7","9.00","9.33","9.00","46","50.67","7"
"Creatina Monohidratada 300 g","2024-05","7","8.00","9.00","8.92","44","46.67","7"
"Creatina Monohidratada 300 g","2024-06","7","7.00","8.67","8.75","30","40.00","25"
"Creatina Monohidratada 300 g","2024-07","25","13.00","11.00","10.17","55","43.00","34"
"Creatina Monohidratada 300 g","2024-08","34","22.00","15.00","12.17","53","46.00","25"
"Creatina Monohidratada 300 g","2024-09","25","28.00","17.50","13.58","59","55.67","30"
"Creatina Monohidratada 300 g","2024-10","30","29.67","21.33","15.33","54","55.33","44"
"Creatina Monohidratada 300 g","2024-11","44","33.00","27.50","18.25","70","61.00","26"
"Creatina Monohidratada 300 g","2024-12","26","33.33","30.67","19.67","60","61.33","29"
"Creatina Monohidratada 300 g","2025-01","29","33.00","31.33","21.17","78","69.33","30"
"Creatina Monohidratada 300 g","2025-02","30","28.33","30.67","22.83","37","58.33","22"
"Creatina Monohidratada 300 g","2025-03","22","27.00","30.17","23.83","60","58.33","24"
"Creatina Monohidratada 300 g","2025-04","24","25.33","29.17","25.25","65","54.00","30"
"Creatina Monohidratada 300 g","2025-05","30","25.33","26.83","27.17","71","65.33","7"
"Creatina Monohidratada 300 g","2025-06","7","20.33","23.67","27.17","39","58.33","29"
"Creatina Monohidratada 300 g","2025-07","29","22.00","23.67","27.50","53","54.33","11"
"Creatina Monohidratada 300 g","2025-08","11","15.67","20.50","25.58","58","50.00","35"
"Creatina Monohidratada 300 g","2025-09","35","25.00","22.67","26.42","69","60.00","30"
"Creatina Monohidratada 300 g","2025-10","30","25.33","23.67","26.42","60","62.33","34"
"Creatina Monohidratada 300 g","2025-11","34","33.00","24.33","25.58","83","70.67","29"
"Creatina Monohidratada 300 g","2025-12","29","31.00","28.00","25.83","55","66.00","37"
"Creatina Monohidratada 300 g","2026-01","37","33.33","29.33","26.50","74","70.67","30"
"Creatina Monohidratada 300 g","2026-02","30","32.00","32.50","26.50","53","60.67","30"
"Creatina Monohidratada 300 g","2026-03","30","32.33","31.67","27.17","59","62.00","27"
"Creatina Monohidratada 300 g","2026-04","27","29.00","31.17","27.42","55","55.67","46"
"Creatina Monohidratada 300 g","2026-05","46","34.33","33.17","28.75","44","52.67","55"
"Guantes de Entrenamiento Pro","2023-06","4","3.67","3.33","3.25","30","27.67","2"
"Guantes de Entrenamiento Pro","2023-07","2","3.00","2.83","3.17","17","22.67","4"
"Guantes de Entrenamiento Pro","2023-08","4","3.33","3.17","3.33","21","22.67","3"
"Guantes de Entrenamiento Pro","2023-09","3","3.00","3.33","3.33","24","20.67","4"
"Guantes de Entrenamiento Pro","2023-10","4","3.67","3.33","3.33","30","25.00","5"
"Guantes de Entrenamiento Pro","2023-11","5","4.00","3.67","3.50","27","27.00","3"
"Guantes de Entrenamiento Pro","2023-12","3","4.00","3.50","3.42","31","29.33","2"
"Guantes de Entrenamiento Pro","2024-01","2","3.33","3.50","3.17","27","28.33","4"
"Guantes de Entrenamiento Pro","2024-02","4","3.00","3.50","3.33","34","30.67","3"
"Guantes de Entrenamiento Pro","2024-03","3","3.00","3.50","3.42","26","29.00","4"
"Guantes de Entrenamiento Pro","2024-04","4","3.67","3.50","3.42","33","31.00","2"
"Guantes de Entrenamiento Pro","2024-05","2","3.00","3.00","3.33","20","26.33","2"
"Guantes de Entrenamiento Pro","2024-06","2","2.67","2.83","3.17","14","22.33","14"
"Guantes de Entrenamiento Pro","2024-07","14","6.00","4.83","4.17","25","19.67","13"
"Guantes de Entrenamiento Pro","2024-08","13","9.67","6.33","4.92","35","24.67","13"
"Guantes de Entrenamiento Pro","2024-09","13","13.33","8.00","5.75","30","30.00","8"
"Guantes de Entrenamiento Pro","2024-10","8","11.33","8.67","6.08","38","34.33","9"
"Guantes de Entrenamiento Pro","2024-11","9","10.00","9.83","6.42","19","29.00","13"
"Guantes de Entrenamiento Pro","2024-12","13","10.00","11.67","7.25","24","27.00","8"
"Guantes de Entrenamiento Pro","2025-01","8","10.00","10.67","7.75","23","22.00","11"
"Guantes de Entrenamiento Pro","2025-02","11","10.67","10.33","8.33","30","25.67","10"
"Guantes de Entrenamiento Pro","2025-03","10","9.67","9.83","8.92","32","28.33","13"
"Guantes de Entrenamiento Pro","2025-04","13","11.33","10.67","9.67","24","28.67","14"
"Guantes de Entrenamiento Pro","2025-05","14","12.33","11.50","10.67","33","29.67","1"
"Guantes de Entrenamiento Pro","2025-06","1","9.33","9.50","10.58","19","25.33","12"
"Guantes de Entrenamiento Pro","2025-07","12","9.00","10.17","10.42","35","29.00","9"
"Guantes de Entrenamiento Pro","2025-08","9","7.33","9.83","10.08","31","28.33","14"
"Guantes de Entrenamiento Pro","2025-09","14","11.67","10.50","10.17","27","31.00","8"
"Guantes de Entrenamiento Pro","2025-10","8","10.33","9.67","10.17","25","27.67","15"
"Guantes de Entrenamiento Pro","2025-11","15","12.33","9.83","10.67","22","24.67","3"
"Guantes de Entrenamiento Pro","2025-12","3","8.67","10.17","9.83","30","25.67","11"
"Guantes de Entrenamiento Pro","2026-01","11","9.67","10.00","10.08","28","26.67","12"
"Guantes de Entrenamiento Pro","2026-02","12","8.67","10.50","10.17","20","26.00","8"
"Guantes de Entrenamiento Pro","2026-03","8","10.33","9.50","10.00","30","26.00","19"
"Guantes de Entrenamiento Pro","2026-04","19","13.00","11.33","10.50","26","25.33","18"
"Guantes de Entrenamiento Pro","2026-05","18","15.00","11.83","10.83","24","26.67","24"
"Gymshark Adapt Leggings Negro","2023-06","5","5.00","3.67","4.00","34","45.67","4"
"Gymshark Adapt Leggings Negro","2023-07","4","4.67","3.67","4.08","33","41.33","4"
"Gymshark Adapt Leggings Negro","2023-08","4","4.33","3.83","4.17","29","32.00","4"
"Gymshark Adapt Leggings Negro","2023-09","4","4.00","4.50","4.08","26","29.33","4"
"Gymshark Adapt Leggings Negro","2023-10","4","4.00","4.33","4.00","24","26.33","6"
"Gymshark Adapt Leggings Negro","2023-11","6","4.67","4.50","4.08","39","29.67","5"
"Gymshark Adapt Leggings Negro","2023-12","5","5.00","4.50","4.08","44","35.67","4"
"Gymshark Adapt Leggings Negro","2024-01","4","5.00","4.50","4.08","38","40.33","5"
"Gymshark Adapt Leggings Negro","2024-02","5","4.67","4.67","4.25","29","37.00","4"
"Gymshark Adapt Leggings Negro","2024-03","4","4.33","4.67","4.58","37","34.67","5"
"Gymshark Adapt Leggings Negro","2024-04","5","4.67","4.83","4.58","47","37.67","6"
"Gymshark Adapt Leggings Negro","2024-05","6","5.00","4.83","4.67","48","44.00","5"
"Gymshark Adapt Leggings Negro","2024-06","5","5.33","4.83","4.67","35","43.33","13"
"Gymshark Adapt Leggings Negro","2024-07","13","8.00","6.33","5.42","38","40.33","11"
"Gymshark Adapt Leggings Negro","2024-08","11","9.67","7.33","6.00","35","36.00","16"
"Gymshark Adapt Leggings Negro","2024-09","16","13.33","9.33","7.00","43","38.67","14"
"Gymshark Adapt Leggings Negro","2024-10","14","13.67","10.83","7.83","51","43.00","12"
"Gymshark Adapt Leggings Negro","2024-11","12","14.00","11.83","8.33","50","48.00","12"
"Gymshark Adapt Leggings Negro","2024-12","12","12.67","13.00","8.92","46","49.00","17"
"Gymshark Adapt Leggings Negro","2025-01","17","13.67","13.67","10.00","44","46.67","12"
"Gymshark Adapt Leggings Negro","2025-02","12","13.67","13.83","10.58","39","43.00","7"
"Gymshark Adapt Leggings Negro","2025-03","7","12.00","12.33","10.83","52","45.00","11"
"Gymshark Adapt Leggings Negro","2025-04","11","10.00","11.83","11.33","40","43.67","11"
"Gymshark Adapt Leggings Negro","2025-05","11","9.67","11.67","11.75","41","44.33","10"
"Gymshark Adapt Leggings Negro","2025-06","10","10.67","11.33","12.17","55","45.33","4"
"Gymshark Adapt Leggings Negro","2025-07","4","8.33","9.17","11.42","37","44.33","13"
"Gymshark Adapt Leggings Negro","2025-08","13","9.00","9.33","11.58","40","44.00","14"
"Gymshark Adapt Leggings Negro","2025-09","14","10.33","10.50","11.42","52","43.00","15"
"Gymshark Adapt Leggings Negro","2025-10","15","14.00","11.17","11.50","39","43.67","18"
"Gymshark Adapt Leggings Negro","2025-11","18","15.67","12.33","12.00","39","43.33","13"
"Gymshark Adapt Leggings Negro","2025-12","13","15.33","12.83","12.08","44","40.67","17"
"Gymshark Adapt Leggings Negro","2026-01","17","16.00","15.00","12.08","37","40.00","19"
"Gymshark Adapt Leggings Negro","2026-02","19","16.33","16.00","12.67","46","42.33","18"
"Gymshark Adapt Leggings Negro","2026-03","18","18.00","16.67","13.58","59","47.33","25"
"Gymshark Adapt Leggings Negro","2026-04","25","20.67","18.33","14.75","38","47.67","26"
"Gymshark Adapt Leggings Negro","2026-05","26","23.00","19.67","16.00","45","47.33","34"
"Gymshark Apex Training Tee Blanco","2023-06","7","6.00","5.17","5.25","51","41.00","3"
"Gymshark Apex Training Tee Blanco","2023-07","3","5.67","5.00","5.08","29","38.67","7"
"Gymshark Apex Training Tee Blanco","2023-08","7","5.67","5.33","5.33","38","39.33","4"
"Gymshark Apex Training Tee Blanco","2023-09","4","4.67","5.33","5.17","39","35.33","7"
"Gymshark Apex Training Tee Blanco","2023-10","7","6.00","5.83","5.33","43","40.00","5"
"Gymshark Apex Training Tee Blanco","2023-11","5","5.33","5.50","5.25","39","40.33","8"
"Gymshark Apex Training Tee Blanco","2023-12","8","6.67","5.67","5.42","59","47.00","5"
"Gymshark Apex Training Tee Blanco","2024-01","5","6.00","6.00","5.50","30","42.67","8"
"Gymshark Apex Training Tee Blanco","2024-02","8","7.00","6.17","5.75","53","47.33","9"
"Gymshark Apex Training Tee Blanco","2024-03","9","7.33","7.00","6.17","41","41.33","8"
"Gymshark Apex Training Tee Blanco","2024-04","8","8.33","7.17","6.50","32","42.00","10"
"Gymshark Apex Training Tee Blanco","2024-05","10","9.00","8.00","6.75","69","47.33","6"
"Gymshark Apex Training Tee Blanco","2024-06","6","8.00","7.67","6.67","38","46.33","16"
"Gymshark Apex Training Tee Blanco","2024-07","16","10.67","9.50","7.75","29","45.33","17"
"Gymshark Apex Training Tee Blanco","2024-08","17","13.00","11.00","8.58","37","34.67","6"
"Gymshark Apex Training Tee Blanco","2024-09","6","13.00","10.50","8.75","35","33.67","4"
"Gymshark Apex Training Tee Blanco","2024-10","4","9.00","9.83","8.50","31","34.33","13"
"Gymshark Apex Training Tee Blanco","2024-11","13","7.67","10.33","9.17","51","39.00","18"
"Gymshark Apex Training Tee Blanco","2024-12","18","11.67","12.33","10.00","55","45.67","11"
"Gymshark Apex Training Tee Blanco","2025-01","11","14.00","11.50","10.50","39","48.33","14"
"Gymshark Apex Training Tee Blanco","2025-02","14","14.33","11.00","11.00","27","40.33","21"
"Gymshark Apex Training Tee Blanco","2025-03","21","15.33","13.50","12.00","69","45.00","13"
"Gymshark Apex Training Tee Blanco","2025-04","13","16.00","15.00","12.42","44","46.67","13"
"Gymshark Apex Training Tee Blanco","2025-05","13","15.67","15.00","12.67","39","50.67","15"
"Gymshark Apex Training Tee Blanco","2025-06","15","13.67","14.50","13.42","34","39.00","10"
"Gymshark Apex Training Tee Blanco","2025-07","10","12.67","14.33","12.92","27","33.33","8"
"Gymshark Apex Training Tee Blanco","2025-08","8","11.00","13.33","12.17","29","30.00","13"
"Gymshark Apex Training Tee Blanco","2025-09","13","10.33","12.00","12.75","27","27.67","10"
"Gymshark Apex Training Tee Blanco","2025-10","10","10.33","11.50","13.25","30","28.67","8"
"Gymshark Apex Training Tee Blanco","2025-11","8","10.33","10.67","12.83","46","34.33","11"
"Gymshark Apex Training Tee Blanco","2025-12","11","9.67","10.00","12.25","40","38.67","15"
"Gymshark Apex Training Tee Blanco","2026-01","15","11.33","10.83","12.58","47","44.33","17"
"Gymshark Apex Training Tee Blanco","2026-02","17","14.33","12.33","12.83","45","44.00","8"
"Gymshark Apex Training Tee Blanco","2026-03","8","13.33","11.50","11.75","42","44.67","14"
"Gymshark Apex Training Tee Blanco","2026-04","14","13.00","12.17","11.83","37","41.33","17"
"Gymshark Apex Training Tee Blanco","2026-05","17","13.00","13.67","12.17","57","45.33","22"
"Gymshark Apex Training Tee Negro","2023-06","2","1.33","2.00","1.92","16","17.67","2"
"Gymshark Apex Training Tee Negro","2023-07","2","1.33","2.00","1.92","17","16.00","0"
"Gymshark Apex Training Tee Negro","2023-08","0","1.33","1.50","1.75","0","11.00","2"
"Gymshark Apex Training Tee Negro","2023-09","2","1.33","1.33","1.75","16","11.00","0"
"Gymshark Apex Training Tee Negro","2023-10","0","0.67","1.00","1.58","8","8.00","3"
"Gymshark Apex Training Tee Negro","2023-11","3","1.67","1.50","1.83","20","14.67","3"
"Gymshark Apex Training Tee Negro","2023-12","3","2.00","1.67","1.83","27","18.33","2"
"Gymshark Apex Training Tee Negro","2024-01","2","2.67","1.67","1.83","19","22.00","3"
"Gymshark Apex Training Tee Negro","2024-02","3","2.67","2.17","1.83","19","21.67","3"
"Gymshark Apex Training Tee Negro","2024-03","3","2.67","2.33","1.83","25","21.00","3"
"Gymshark Apex Training Tee Negro","2024-04","3","3.00","2.83","1.92","21","21.67","2"
"Gymshark Apex Training Tee Negro","2024-05","2","2.67","2.67","2.08","15","20.33","3"
"Gymshark Apex Training Tee Negro","2024-06","3","2.67","2.67","2.17","19","18.33","12"
"Gymshark Apex Training Tee Negro","2024-07","12","5.67","4.33","3.00","17","17.00","10"
"Gymshark Apex Training Tee Negro","2024-08","10","8.33","5.50","3.83","19","18.33","9"
"Gymshark Apex Training Tee Negro","2024-09","9","10.33","6.50","4.42","20","18.67","8"
"Gymshark Apex Training Tee Negro","2024-10","8","9.00","7.33","5.08","14","17.67","13"
"Gymshark Apex Training Tee Negro","2024-11","13","10.00","9.17","5.92","19","17.67","8"
"Gymshark Apex Training Tee Negro","2024-12","8","9.67","10.00","6.33","15","16.00","6"
"Gymshark Apex Training Tee Negro","2025-01","6","9.00","9.00","6.67","17","17.00","9"
"Gymshark Apex Training Tee Negro","2025-02","9","7.67","8.83","7.17","9","13.67","6"
"Gymshark Apex Training Tee Negro","2025-03","6","7.00","8.33","7.42","19","15.00","13"
"Gymshark Apex Training Tee Negro","2025-04","13","9.33","9.17","8.25","16","14.67","11"
"Gymshark Apex Training Tee Negro","2025-05","11","10.00","8.83","9.00","17","17.33","13"
"Gymshark Apex Training Tee Negro","2025-06","13","12.33","9.67","9.83","25","19.33","2"
"Gymshark Apex Training Tee Negro","2025-07","2","8.67","9.00","9.00","19","20.33","11"
"Gymshark Apex Training Tee Negro","2025-08","11","8.67","9.33","9.08","20","21.33","4"
"Gymshark Apex Training Tee Negro","2025-09","4","5.67","9.00","8.67","17","18.67","13"
"Gymshark Apex Training Tee Negro","2025-10","13","9.33","9.00","9.08","20","19.00","10"
"Gymshark Apex Training Tee Negro","2025-11","10","9.00","8.83","8.83","18","18.33","15"
"Gymshark Apex Training Tee Negro","2025-12","15","12.67","9.17","9.42","24","20.67","4"
"Gymshark Apex Training Tee Negro","2026-01","4","9.67","9.50","9.25","26","22.67","13"
"Gymshark Apex Training Tee Negro","2026-02","13","10.67","9.83","9.58","19","23.00","11"
"Gymshark Apex Training Tee Negro","2026-03","11","9.33","11.00","10.00","21","22.00","13"
"Gymshark Apex Training Tee Negro","2026-04","13","12.33","11.00","10.00","18","19.33","15"
"Gymshark Apex Training Tee Negro","2026-05","15","13.00","11.83","10.33","22","20.33","23"
"Gymshark Arrival Shorts Negro","2023-06","4","4.33","3.33","3.42","41","51.67","3"
"Gymshark Arrival Shorts Negro","2023-07","3","4.00","3.17","3.42","36","46.67","3"
"Gymshark Arrival Shorts Negro","2023-08","3","3.33","3.17","3.42","35","37.33","4"
"Gymshark Arrival Shorts Negro","2023-09","4","3.33","3.83","3.50","38","36.33","4"
"Gymshark Arrival Shorts Negro","2023-10","4","3.67","3.83","3.58","43","38.67","5"
"Gymshark Arrival Shorts Negro","2023-11","5","4.33","3.83","3.58","43","41.33","5"
"Gymshark Arrival Shorts Negro","2023-12","5","4.67","4.00","3.67","44","43.33","5"
"Gymshark Arrival Shorts Negro","2024-01","5","5.00","4.33","3.75","37","41.33","4"
"Gymshark Arrival Shorts Negro","2024-02","4","4.67","4.50","3.83","26","35.67","4"
"Gymshark Arrival Shorts Negro","2024-03","4","4.33","4.50","4.17","40","34.33","5"
"Gymshark Arrival Shorts Negro","2024-04","5","4.33","4.67","4.25","29","31.67","5"
"Gymshark Arrival Shorts Negro","2024-05","5","4.67","4.67","4.25","52","40.33","4"
"Gymshark Arrival Shorts Negro","2024-06","4","4.67","4.50","4.25","48","43.00","12"
"Gymshark Arrival Shorts Negro","2024-07","12","7.00","5.67","5.00","36","45.33","9"
"Gymshark Arrival Shorts Negro","2024-08","9","8.33","6.50","5.50","40","41.33","13"
"Gymshark Arrival Shorts Negro","2024-09","13","11.33","8.00","6.25","45","40.33","14"
"Gymshark Arrival Shorts Negro","2024-10","14","12.00","9.50","7.08","48","44.33","11"
"Gymshark Arrival Shorts Negro","2024-11","11","12.67","10.50","7.58","39","44.00","12"
"Gymshark Arrival Shorts Negro","2024-12","12","12.33","11.83","8.17","52","46.33","11"
"Gymshark Arrival Shorts Negro","2025-01","11","11.33","11.67","8.67","35","42.00","0"
"Gymshark Arrival Shorts Negro","2025-02","0","7.67","10.17","8.33","19","35.33","13"
"Gymshark Arrival Shorts Negro","2025-03","13","8.00","10.17","9.08","45","33.00","12"
"Gymshark Arrival Shorts Negro","2025-04","12","8.33","9.83","9.67","40","34.67","5"
"Gymshark Arrival Shorts Negro","2025-05","5","10.00","8.83","9.67","55","46.67","11"
"Gymshark Arrival Shorts Negro","2025-06","11","9.33","8.67","10.25","59","51.33","11"
"Gymshark Arrival Shorts Negro","2025-07","11","9.00","8.67","10.17","23","45.67","10"
"Gymshark Arrival Shorts Negro","2025-08","10","10.67","10.33","10.25","43","41.67","11"
"Gymshark Arrival Shorts Negro","2025-09","11","10.67","10.00","10.08","44","36.67","4"
"Gymshark Arrival Shorts Negro","2025-10","4","8.33","8.67","9.25","38","41.67","4"
"Gymshark Arrival Shorts Negro","2025-11","4","6.33","8.50","8.67","48","43.33","10"
"Gymshark Arrival Shorts Negro","2025-12","10","6.00","8.33","8.50","59","48.33","16"
"Gymshark Arrival Shorts Negro","2026-01","16","10.00","9.17","8.92","44","50.33","9"
"Gymshark Arrival Shorts Negro","2026-02","9","11.67","9.00","9.67","28","43.67","4"
"Gymshark Arrival Shorts Negro","2026-03","4","9.67","7.83","8.92","45","39.00","14"
"Gymshark Arrival Shorts Negro","2026-04","14","9.00","9.50","9.08","41","38.00","15"
"Gymshark Arrival Shorts Negro","2026-05","15","11.00","11.33","9.92","57","47.67","16"
"Gymshark Crest Hoodie Gris","2023-06","5","5.67","5.50","5.50","40","45.33","5"
"Gymshark Crest Hoodie Gris","2023-07","5","5.33","5.33","5.58","36","43.33","4"
"Gymshark Crest Hoodie Gris","2023-08","4","4.67","5.33","5.58","38","38.00","5"
"Gymshark Crest Hoodie Gris","2023-09","5","4.67","5.17","5.42","41","38.33","6"
"Gymshark Crest Hoodie Gris","2023-10","6","5.00","5.17","5.50","34","37.67","7"
"Gymshark Crest Hoodie Gris","2023-11","7","6.00","5.33","5.58","34","36.33","5"
"Gymshark Crest Hoodie Gris","2023-12","5","6.00","5.33","5.42","29","32.33","7"
"Gymshark Crest Hoodie Gris","2024-01","7","6.33","5.67","5.50","52","38.33","6"
"Gymshark Crest Hoodie Gris","2024-02","6","6.00","6.00","5.67","48","43.00","8"
"Gymshark Crest Hoodie Gris","2024-03","8","7.00","6.50","5.83","64","54.67","6"
"Gymshark Crest Hoodie Gris","2024-04","6","6.67","6.50","5.83","40","50.67","6"
"Gymshark Crest Hoodie Gris","2024-05","6","6.67","6.33","5.83","30","44.67","5"
"Gymshark Crest Hoodie Gris","2024-06","5","5.67","6.33","5.83","37","35.67","12"
"Gymshark Crest Hoodie Gris","2024-07","12","7.67","7.17","6.42","29","32.00","15"
"Gymshark Crest Hoodie Gris","2024-08","15","10.67","8.67","7.33","35","33.67","10"
"Gymshark Crest Hoodie Gris","2024-09","10","12.33","9.00","7.75","38","34.00","13"
"Gymshark Crest Hoodie Gris","2024-10","13","12.67","10.17","8.33","39","37.33","13"
"Gymshark Crest Hoodie Gris","2024-11","13","12.00","11.33","8.83","40","39.00","14"
"Gymshark Crest Hoodie Gris","2024-12","14","13.33","12.83","9.58","38","39.00","14"
"Gymshark Crest Hoodie Gris","2025-01","14","13.67","13.17","10.17","46","41.33","12"
"Gymshark Crest Hoodie Gris","2025-02","12","13.33","12.67","10.67","26","36.67","5"
"Gymshark Crest Hoodie Gris","2025-03","5","10.33","11.83","10.42","25","32.33","10"
"Gymshark Crest Hoodie Gris","2025-04","10","9.00","11.33","10.75","31","27.33","17"
"Gymshark Crest Hoodie Gris","2025-05","17","10.67","12.00","11.67","34","30.00","13"
"Gymshark Crest Hoodie Gris","2025-06","13","13.33","11.83","12.33","46","37.00","12"
"Gymshark Crest Hoodie Gris","2025-07","12","14.00","11.50","12.33","35","38.33","12"
"Gymshark Crest Hoodie Gris","2025-08","12","12.33","11.50","12.08","20","33.67","5"
"Gymshark Crest Hoodie Gris","2025-09","5","9.67","11.50","11.67","35","30.00","9"
"Gymshark Crest Hoodie Gris","2025-10","9","8.67","11.33","11.33","23","26.00","14"
"Gymshark Crest Hoodie Gris","2025-11","14","9.33","10.83","11.42","29","29.00","10"
"Gymshark Crest Hoodie Gris","2025-12","10","11.00","10.33","11.08","20","24.00","16"
"Gymshark Crest Hoodie Gris","2026-01","16","13.33","11.00","11.25","35","28.00","6"
"Gymshark Crest Hoodie Gris","2026-02","6","10.67","10.00","10.75","21","25.33","15"
"Gymshark Crest Hoodie Gris","2026-03","15","12.33","11.67","11.58","37","31.00","13"
"Gymshark Crest Hoodie Gris","2026-04","13","11.33","12.33","11.83","39","32.33","22"
"Gymshark Crest Hoodie Gris","2026-05","22","16.67","13.67","12.25","30","35.33","24"
"Gymshark Critical Drop Arm Tank Negro","2023-06","0","1.00","1.17","1.50","15","12.67","2"
"Gymshark Critical Drop Arm Tank Negro","2023-07","2","1.67","1.17","1.67","9","13.33","3"
"Gymshark Critical Drop Arm Tank Negro","2023-08","3","1.67","1.33","1.75","14","12.67","3"
"Gymshark Critical Drop Arm Tank Negro","2023-09","3","2.67","1.83","1.83","11","11.33","2"
"Gymshark Critical Drop Arm Tank Negro","2023-10","2","2.67","2.17","1.83","14","13.00","2"
"Gymshark Critical Drop Arm Tank Negro","2023-11","2","2.33","2.00","1.75","17","14.00","2"
"Gymshark Critical Drop Arm Tank Negro","2023-12","2","2.00","2.33","1.75","13","14.67","2"
"Gymshark Critical Drop Arm Tank Negro","2024-01","2","2.00","2.33","1.75","13","14.33","2"
"Gymshark Critical Drop Arm Tank Negro","2024-02","2","2.00","2.17","1.75","16","14.00","3"
"Gymshark Critical Drop Arm Tank Negro","2024-03","3","2.33","2.17","2.00","18","15.67","3"
"Gymshark Critical Drop Arm Tank Negro","2024-04","3","2.67","2.33","2.25","20","18.00","0"
"Gymshark Critical Drop Arm Tank Negro","2024-05","0","2.00","2.00","2.00","9","15.67","2"
"Gymshark Critical Drop Arm Tank Negro","2024-06","2","1.67","2.00","2.17","14","14.33","7"
"Gymshark Critical Drop Arm Tank Negro","2024-07","7","3.00","2.83","2.58","14","12.33","7"
"Gymshark Critical Drop Arm Tank Negro","2024-08","7","5.33","3.67","2.92","15","14.33","6"
"Gymshark Critical Drop Arm Tank Negro","2024-09","6","6.67","4.17","3.17","9","12.67","2"
"Gymshark Critical Drop Arm Tank Negro","2024-10","2","5.00","4.00","3.17","19","14.33","12"
"Gymshark Critical Drop Arm Tank Negro","2024-11","12","6.67","6.00","4.00","13","13.67","8"
"Gymshark Critical Drop Arm Tank Negro","2024-12","8","7.33","7.00","4.50","17","16.33","8"
"Gymshark Critical Drop Arm Tank Negro","2025-01","8","9.33","7.17","5.00","16","15.33","11"
"Gymshark Critical Drop Arm Tank Negro","2025-02","11","9.00","7.83","5.75","16","16.33","10"
"Gymshark Critical Drop Arm Tank Negro","2025-03","10","9.67","8.50","6.33","17","16.33","9"
"Gymshark Critical Drop Arm Tank Negro","2025-04","9","10.00","9.67","6.83","16","16.33","2"
"Gymshark Critical Drop Arm Tank Negro","2025-05","2","7.00","8.00","7.00","17","16.67","10"
"Gymshark Critical Drop Arm Tank Negro","2025-06","10","7.00","8.33","7.67","22","18.33","9"
"Gymshark Critical Drop Arm Tank Negro","2025-07","9","7.00","8.50","7.83","12","17.00","2"
"Gymshark Critical Drop Arm Tank Negro","2025-08","2","7.00","7.00","7.42","8","14.00","6"
"Gymshark Critical Drop Arm Tank Negro","2025-09","6","5.67","6.33","7.42","10","10.00","2"
"Gymshark Critical Drop Arm Tank Negro","2025-10","2","3.33","5.17","7.42","16","11.33","3"
"Gymshark Critical Drop Arm Tank Negro","2025-11","3","3.67","5.33","6.67","17","14.33","0"
"Gymshark Critical Drop Arm Tank Negro","2025-12","0","1.67","3.67","6.00","8","13.67","0"
"Gymshark Critical Drop Arm Tank Negro","2026-01","0","1.00","2.17","5.33","12","12.33","10"
"Gymshark Critical Drop Arm Tank Negro","2026-02","10","3.33","3.50","5.25","12","10.67","11"
"Gymshark Critical Drop Arm Tank Negro","2026-03","11","7.00","4.33","5.33","20","14.67","5"
"Gymshark Critical Drop Arm Tank Negro","2026-04","5","8.67","4.83","5.00","13","15.00","16"
"Gymshark Critical Drop Arm Tank Negro","2026-05","16","10.67","7.00","6.17","13","15.33","11"
"Gymshark Everyday Baselayer Blanco","2023-06","4","3.33","3.67","3.00","36","37.33","2"
"Gymshark Everyday Baselayer Blanco","2023-07","2","2.67","3.33","3.17","20","30.00","2"
"Gymshark Everyday Baselayer Blanco","2023-08","2","2.67","3.00","3.08","22","26.00","3"
"Gymshark Everyday Baselayer Blanco","2023-09","3","2.33","2.83","3.17","47","29.67","4"
"Gymshark Everyday Baselayer Blanco","2023-10","4","3.00","2.83","3.25","42","37.00","4"
"Gymshark Everyday Baselayer Blanco","2023-11","4","3.67","3.17","3.33","36","41.67","4"
"Gymshark Everyday Baselayer Blanco","2023-12","4","4.00","3.17","3.42","47","41.67","4"
"Gymshark Everyday Baselayer Blanco","2024-01","4","4.00","3.50","3.42","49","44.00","4"
"Gymshark Everyday Baselayer Blanco","2024-02","4","4.00","3.83","3.42","48","48.00","3"
"Gymshark Everyday Baselayer Blanco","2024-03","3","3.67","3.83","3.33","46","47.67","3"
"Gymshark Everyday Baselayer Blanco","2024-04","3","3.33","3.67","3.25","42","45.33","5"
"Gymshark Everyday Baselayer Blanco","2024-05","5","3.67","3.83","3.50","54","47.33","3"
"Gymshark Everyday Baselayer Blanco","2024-06","3","3.67","3.67","3.42","28","41.33","7"
"Gymshark Everyday Baselayer Blanco","2024-07","7","5.00","4.17","3.83","33","38.33","7"
"Gymshark Everyday Baselayer Blanco","2024-08","7","5.67","4.67","4.25","30","30.33","4"
"Gymshark Everyday Baselayer Blanco","2024-09","4","6.00","4.83","4.33","38","33.67","5"
"Gymshark Everyday Baselayer Blanco","2024-10","5","5.33","5.17","4.42","29","32.33","5"
"Gymshark Everyday Baselayer Blanco","2024-11","5","4.67","5.17","4.50","60","42.33","9"
"Gymshark Everyday Baselayer Blanco","2024-12","9","6.33","6.17","4.92","47","45.33","5"
"Gymshark Everyday Baselayer Blanco","2025-01","5","6.33","5.83","5.00","40","49.00","4"
"Gymshark Everyday Baselayer Blanco","2025-02","4","6.00","5.33","5.00","38","41.67","3"
"Gymshark Everyday Baselayer Blanco","2025-03","3","4.00","5.17","5.00","43","40.33","9"
"Gymshark Everyday Baselayer Blanco","2025-04","9","5.33","5.83","5.50","30","37.00","3"
"Gymshark Everyday Baselayer Blanco","2025-05","3","5.00","5.50","5.33","38","37.00","2"
"Gymshark Everyday Baselayer Blanco","2025-06","2","4.67","4.33","5.25","37","35.00","3"
"Gymshark Everyday Baselayer Blanco","2025-07","3","2.67","4.00","4.92","39","38.00","1"
"Gymshark Everyday Baselayer Blanco","2025-08","1","2.00","3.50","4.42","25","33.67","7"
"Gymshark Everyday Baselayer Blanco","2025-09","7","3.67","4.17","4.67","49","37.67","4"
"Gymshark Everyday Baselayer Blanco","2025-10","4","4.00","3.33","4.58","38","37.33","8"
"Gymshark Everyday Baselayer Blanco","2025-11","8","6.33","4.17","4.83","39","42.00","5"
"Gymshark Everyday Baselayer Blanco","2025-12","5","5.67","4.67","4.50","34","37.00","6"
"Gymshark Everyday Baselayer Blanco","2026-01","6","6.33","5.17","4.58","41","38.00","5"
"Gymshark Everyday Baselayer Blanco","2026-02","5","5.33","5.83","4.67","26","33.67","5"
"Gymshark Everyday Baselayer Blanco","2026-03","5","5.33","5.50","4.83","43","36.67","9"
"Gymshark Everyday Baselayer Blanco","2026-04","9","6.33","6.33","4.83","48","39.00","10"
"Gymshark Everyday Baselayer Blanco","2026-05","10","8.00","6.67","5.42","35","42.00","11"
"Gymshark Legacy Tank Azul","2023-06","3","1.67","1.50","1.50","23","19.67","2"
"Gymshark Legacy Tank Azul","2023-07","2","1.67","1.67","1.58","17","19.33","1"
"Gymshark Legacy Tank Azul","2023-08","1","2.00","1.83","1.50","15","18.33","0"
"Gymshark Legacy Tank Azul","2023-09","0","1.00","1.33","1.33","17","16.33","1"
"Gymshark Legacy Tank Azul","2023-10","1","0.67","1.17","1.25","13","15.00","1"
"Gymshark Legacy Tank Azul","2023-11","1","0.67","1.33","1.33","18","16.00","3"
"Gymshark Legacy Tank Azul","2023-12","3","1.67","1.33","1.42","24","18.33","1"
"Gymshark Legacy Tank Azul","2024-01","1","1.67","1.17","1.42","13","18.33","2"
"Gymshark Legacy Tank Azul","2024-02","2","2.00","1.33","1.58","21","19.33","3"
"Gymshark Legacy Tank Azul","2024-03","3","2.00","1.83","1.58","22","18.67","1"
"Gymshark Legacy Tank Azul","2024-04","1","2.00","1.83","1.50","23","22.00","0"
"Gymshark Legacy Tank Azul","2024-05","0","1.33","1.67","1.50","18","21.00","1"
"Gymshark Legacy Tank Azul","2024-06","1","0.67","1.33","1.33","22","21.00","4"
"Gymshark Legacy Tank Azul","2024-07","4","1.67","1.83","1.50","19","19.67","2"
"Gymshark Legacy Tank Azul","2024-08","2","2.33","1.83","1.58","25","22.00","5"
"Gymshark Legacy Tank Azul","2024-09","5","3.67","2.17","2.00","19","21.00","2"
"Gymshark Legacy Tank Azul","2024-10","2","3.00","2.33","2.08","19","21.00","7"
"Gymshark Legacy Tank Azul","2024-11","7","4.67","3.50","2.58","26","21.33","3"
"Gymshark Legacy Tank Azul","2024-12","3","4.00","3.83","2.58","25","23.33","6"
"Gymshark Legacy Tank Azul","2025-01","6","5.33","4.17","3.00","23","24.67","2"
"Gymshark Legacy Tank Azul","2025-02","2","3.67","4.17","3.00","14","20.67","0"
"Gymshark Legacy Tank Azul","2025-03","0","2.67","3.33","2.75","14","17.00","2"
"Gymshark Legacy Tank Azul","2025-04","2","1.33","3.33","2.83","15","14.33","4"
"Gymshark Legacy Tank Azul","2025-05","4","2.00","2.83","3.17","12","13.67","6"
"Gymshark Legacy Tank Azul","2025-06","6","4.00","3.33","3.58","22","16.33","5"
"Gymshark Legacy Tank Azul","2025-07","5","5.00","3.17","3.67","23","19.00","2"
"Gymshark Legacy Tank Azul","2025-08","2","4.33","3.17","3.67","16","20.33","5"
"Gymshark Legacy Tank Azul","2025-09","5","4.00","4.00","3.67","27","22.00","1"
"Gymshark Legacy Tank Azul","2025-10","1","2.67","3.83","3.58","17","20.00","3"
"Gymshark Legacy Tank Azul","2025-11","3","3.00","3.67","3.25","19","21.00","6"
"Gymshark Legacy Tank Azul","2025-12","6","3.33","3.67","3.50","14","16.67","0"
"Gymshark Legacy Tank Azul","2026-01","0","3.00","2.83","3.00","15","16.00","5"
"Gymshark Legacy Tank Azul","2026-02","5","3.67","3.33","3.25","16","15.00","6"
"Gymshark Legacy Tank Azul","2026-03","6","3.67","3.50","3.75","18","16.33","4"
"Gymshark Legacy Tank Azul","2026-04","4","5.00","4.00","3.92","21","18.33","5"
"Gymshark Legacy Tank Azul","2026-05","5","5.00","4.33","4.00","25","21.33","9"
"Gymshark Lift Club Tee Verde Olivo","2023-06","1","1.00","1.33","1.58","23","20.67","2"
"Gymshark Lift Club Tee Verde Olivo","2023-07","2","1.00","1.33","1.67","20","19.67","1"
"Gymshark Lift Club Tee Verde Olivo","2023-08","1","1.33","1.33","1.58","19","20.67","2"
"Gymshark Lift Club Tee Verde Olivo","2023-09","2","1.67","1.33","1.58","16","18.33","2"
"Gymshark Lift Club Tee Verde Olivo","2023-10","2","1.67","1.33","1.67","21","18.67","2"
"Gymshark Lift Club Tee Verde Olivo","2023-11","2","2.00","1.67","1.67","22","19.67","2"
"Gymshark Lift Club Tee Verde Olivo","2023-12","2","2.00","1.83","1.58","26","23.00","2"
"Gymshark Lift Club Tee Verde Olivo","2024-01","2","2.00","1.83","1.58","28","25.33","2"
"Gymshark Lift Club Tee Verde Olivo","2024-02","2","2.00","2.00","1.67","28","27.33","2"
"Gymshark Lift Club Tee Verde Olivo","2024-03","2","2.00","2.00","1.67","23","26.33","1"
"Gymshark Lift Club Tee Verde Olivo","2024-04","1","1.67","1.83","1.58","12","21.00","2"
"Gymshark Lift Club Tee Verde Olivo","2024-05","2","1.67","1.83","1.75","18","17.67","2"
"Gymshark Lift Club Tee Verde Olivo","2024-06","2","1.67","1.83","1.83","23","17.67","10"
"Gymshark Lift Club Tee Verde Olivo","2024-07","10","4.67","3.17","2.50","16","19.00","10"
"Gymshark Lift Club Tee Verde Olivo","2024-08","10","7.33","4.50","3.25","18","19.00","2"
"Gymshark Lift Club Tee Verde Olivo","2024-09","2","7.33","4.50","3.25","26","20.00","1"
"Gymshark Lift Club Tee Verde Olivo","2024-10","1","4.33","4.50","3.17","15","19.67","12"
"Gymshark Lift Club Tee Verde Olivo","2024-11","12","5.00","6.17","4.00","17","19.33","8"
"Gymshark Lift Club Tee Verde Olivo","2024-12","8","7.00","7.17","4.50","16","16.00","10"
"Gymshark Lift Club Tee Verde Olivo","2025-01","10","10.00","7.17","5.17","19","17.33","6"
"Gymshark Lift Club Tee Verde Olivo","2025-02","6","8.00","6.50","5.50","18","17.67","12"
"Gymshark Lift Club Tee Verde Olivo","2025-03","12","9.33","8.17","6.33","21","19.33","7"
"Gymshark Lift Club Tee Verde Olivo","2025-04","7","8.33","9.17","6.83","16","18.33","9"
"Gymshark Lift Club Tee Verde Olivo","2025-05","9","9.33","8.67","7.42","16","17.67","7"
"Gymshark Lift Club Tee Verde Olivo","2025-06","7","7.67","8.50","7.83","21","17.67","6"
"Gymshark Lift Club Tee Verde Olivo","2025-07","6","7.33","7.83","7.50","17","18.00","9"
"Gymshark Lift Club Tee Verde Olivo","2025-08","9","7.33","8.33","7.42","17","18.33","11"
"Gymshark Lift Club Tee Verde Olivo","2025-09","11","8.67","8.17","8.17","18","17.33","2"
"Gymshark Lift Club Tee Verde Olivo","2025-10","2","7.33","7.33","8.25","25","20.00","6"
"Gymshark Lift Club Tee Verde Olivo","2025-11","6","6.33","6.83","7.75","15","19.33","13"
"Gymshark Lift Club Tee Verde Olivo","2025-12","13","7.00","7.83","8.17","15","18.33","12"
"Gymshark Lift Club Tee Verde Olivo","2026-01","12","10.33","8.83","8.33","19","16.33","8"
"Gymshark Lift Club Tee Verde Olivo","2026-02","8","11.00","8.67","8.50","20","18.00","6"
"Gymshark Lift Club Tee Verde Olivo","2026-03","6","8.67","7.83","8.00","17","18.67","15"
"Gymshark Lift Club Tee Verde Olivo","2026-04","15","9.67","10.00","8.67","25","20.67","13"
"Gymshark Lift Club Tee Verde Olivo","2026-05","13","11.33","11.17","9.00","18","20.00","19"
"Gymshark Lightweight Training Pants Gris","2023-06","7","7.67","8.50","8.75","39","44.33","7"
"Gymshark Lightweight Training Pants Gris","2023-07","7","7.00","8.50","8.58","43","38.67","10"
"Gymshark Lightweight Training Pants Gris","2023-08","10","8.00","8.67","9.00","59","47.00","0"
"Gymshark Lightweight Training Pants Gris","2023-09","0","5.67","6.67","8.17","17","39.67","11"
"Gymshark Lightweight Training Pants Gris","2023-10","11","7.00","7.00","8.33","58","44.67","9"
"Gymshark Lightweight Training Pants Gris","2023-11","9","6.67","7.33","8.17","50","41.67","12"
"Gymshark Lightweight Training Pants Gris","2023-12","12","10.67","8.17","8.33","73","60.33","11"
"Gymshark Lightweight Training Pants Gris","2024-01","11","10.67","8.83","8.67","32","51.67","7"
"Gymshark Lightweight Training Pants Gris","2024-02","7","10.00","8.33","8.50","49","51.33","10"
"Gymshark Lightweight Training Pants Gris","2024-03","10","9.33","10.00","8.33","41","40.67","6"
"Gymshark Lightweight Training Pants Gris","2024-04","6","7.67","9.17","8.08","34","41.33","9"
"Gymshark Lightweight Training Pants Gris","2024-05","9","8.33","9.17","8.25","61","45.33","10"
"Gymshark Lightweight Training Pants Gris","2024-06","10","8.33","8.83","8.50","58","51.00","11"
"Gymshark Lightweight Training Pants Gris","2024-07","11","10.00","8.83","8.83","33","50.67","14"
"Gymshark Lightweight Training Pants Gris","2024-08","14","11.67","10.00","9.17","33","41.33","17"
"Gymshark Lightweight Training Pants Gris","2024-09","17","14.00","11.17","10.58","52","39.33","16"
"Gymshark Lightweight Training Pants Gris","2024-10","16","15.67","12.83","11.00","28","37.67","22"
"Gymshark Lightweight Training Pants Gris","2024-11","22","18.33","15.00","12.08","49","43.00","24"
"Gymshark Lightweight Training Pants Gris","2024-12","24","20.67","17.33","13.08","55","44.00","19"
"Gymshark Lightweight Training Pants Gris","2025-01","19","21.67","18.67","13.75","36","46.67","15"
"Gymshark Lightweight Training Pants Gris","2025-02","15","19.33","18.83","14.42","28","39.67","6"
"Gymshark Lightweight Training Pants Gris","2025-03","6","13.33","17.00","14.08","34","32.67","20"
"Gymshark Lightweight Training Pants Gris","2025-04","20","13.67","17.67","15.25","47","36.33","17"
"Gymshark Lightweight Training Pants Gris","2025-05","17","14.33","16.83","15.92","58","46.33","6"
"Gymshark Lightweight Training Pants Gris","2025-06","6","14.33","13.83","15.58","38","47.67","13"
"Gymshark Lightweight Training Pants Gris","2025-07","13","12.00","12.83","15.75","37","44.33","15"
"Gymshark Lightweight Training Pants Gris","2025-08","15","11.33","12.83","15.83","24","33.00","8"
"Gymshark Lightweight Training Pants Gris","2025-09","8","12.00","13.17","15.08","33","31.33","11"
"Gymshark Lightweight Training Pants Gris","2025-10","11","11.33","11.67","14.67","48","35.00","21"
"Gymshark Lightweight Training Pants Gris","2025-11","21","13.33","12.33","14.58","31","37.33","26"
"Gymshark Lightweight Training Pants Gris","2025-12","26","19.33","15.67","14.75","59","46.00","17"
"Gymshark Lightweight Training Pants Gris","2026-01","17","21.33","16.33","14.58","43","44.33","17"
"Gymshark Lightweight Training Pants Gris","2026-02","17","20.00","16.67","14.75","33","45.00","26"
"Gymshark Lightweight Training Pants Gris","2026-03","26","20.00","19.67","16.42","34","36.67","15"
"Gymshark Lightweight Training Pants Gris","2026-04","15","19.33","20.33","16.00","31","32.67","27"
"Gymshark Lightweight Training Pants Gris","2026-05","27","22.67","21.33","16.83","65","43.33","21"
"Gymshark Mesh Training Tank Rojo","2023-06","3","4.00","3.67","3.50","96","96.67","2"
"Gymshark Mesh Training Tank Rojo","2023-07","2","3.00","3.50","3.42","59","84.67","2"
"Gymshark Mesh Training Tank Rojo","2023-08","2","2.33","3.33","3.33","74","76.33","3"
"Gymshark Mesh Training Tank Rojo","2023-09","3","2.33","3.17","3.33","103","78.67","4"
"Gymshark Mesh Training Tank Rojo","2023-10","4","3.00","3.00","3.42","75","84.00","4"
"Gymshark Mesh Training Tank Rojo","2023-11","4","3.67","3.00","3.50","102","93.33","4"
"Gymshark Mesh Training Tank Rojo","2023-12","4","4.00","3.17","3.42","87","88.00","4"
"Gymshark Mesh Training Tank Rojo","2024-01","4","4.00","3.50","3.50","90","93.00","4"
"Gymshark Mesh Training Tank Rojo","2024-02","4","4.00","3.83","3.58","122","99.67","3"
"Gymshark Mesh Training Tank Rojo","2024-03","3","3.67","3.83","3.50","91","101.00","4"
"Gymshark Mesh Training Tank Rojo","2024-04","4","3.67","3.83","3.42","82","98.33","4"
"Gymshark Mesh Training Tank Rojo","2024-05","4","3.67","3.83","3.42","95","89.33","3"
"Gymshark Mesh Training Tank Rojo","2024-06","3","3.67","3.67","3.42","79","85.33","24"
"Gymshark Mesh Training Tank Rojo","2024-07","24","10.33","7.00","5.25","69","81.00","18"
"Gymshark Mesh Training Tank Rojo","2024-08","18","15.00","9.33","6.58","60","69.33","23"
"Gymshark Mesh Training Tank Rojo","2024-09","23","21.67","12.67","8.25","76","68.33","20"
"Gymshark Mesh Training Tank Rojo","2024-10","20","20.33","15.33","9.58","73","69.67","33"
"Gymshark Mesh Training Tank Rojo","2024-11","33","25.33","20.17","12.00","81","76.67","21"
"Gymshark Mesh Training Tank Rojo","2024-12","21","24.67","23.17","13.42","104","86.00","31"
"Gymshark Mesh Training Tank Rojo","2025-01","31","28.33","24.33","15.67","108","97.67","18"
"Gymshark Mesh Training Tank Rojo","2025-02","18","23.33","24.33","16.83","78","96.67","26"
"Gymshark Mesh Training Tank Rojo","2025-03","26","25.00","24.83","18.75","102","96.00","30"
"Gymshark Mesh Training Tank Rojo","2025-04","30","24.67","26.50","20.92","56","78.67","19"
"Gymshark Mesh Training Tank Rojo","2025-05","19","25.00","24.17","22.17","83","80.33","24"
"Gymshark Mesh Training Tank Rojo","2025-06","24","24.33","24.67","23.92","85","74.67","16"
"Gymshark Mesh Training Tank Rojo","2025-07","16","19.67","22.17","23.25","102","90.00","19"
"Gymshark Mesh Training Tank Rojo","2025-08","19","19.67","22.33","23.33","77","88.00","24"
"Gymshark Mesh Training Tank Rojo","2025-09","24","19.67","22.00","23.42","112","97.00","35"
"Gymshark Mesh Training Tank Rojo","2025-10","35","26.00","22.83","24.67","106","98.33","29"
"Gymshark Mesh Training Tank Rojo","2025-11","29","29.33","24.50","24.33","76","98.00","22"
"Gymshark Mesh Training Tank Rojo","2025-12","22","28.67","24.17","24.42","79","87.00","30"
"Gymshark Mesh Training Tank Rojo","2026-01","30","27.00","26.50","24.33","87","80.67","33"
"Gymshark Mesh Training Tank Rojo","2026-02","33","28.33","28.83","25.58","51","72.33","22"
"Gymshark Mesh Training Tank Rojo","2026-03","22","28.33","28.50","25.25","88","75.33","44"
"Gymshark Mesh Training Tank Rojo","2026-04","44","33.00","30.00","26.42","70","69.67","30"
"Gymshark Mesh Training Tank Rojo","2026-05","30","32.00","30.17","27.33","90","82.67","40"
"Gymshark Performance Long Sleeve Negro","2023-06","2","1.00","0.83","1.08","90","111.33","2"
"Gymshark Performance Long Sleeve Negro","2023-07","2","1.33","1.17","1.17","74","91.00","2"
"Gymshark Performance Long Sleeve Negro","2023-08","2","2.00","1.50","1.25","108","90.67","0"
"Gymshark Performance Long Sleeve Negro","2023-09","0","1.33","1.17","1.08","83","88.33","2"
"Gymshark Performance Long Sleeve Negro","2023-10","2","1.33","1.33","1.17","79","90.00","3"
"Gymshark Performance Long Sleeve Negro","2023-11","3","1.67","1.83","1.33","126","96.00","1"
"Gymshark Performance Long Sleeve Negro","2023-12","1","2.00","1.67","1.25","82","95.67","2"
"Gymshark Performance Long Sleeve Negro","2024-01","2","2.00","1.67","1.42","79","95.67","2"
"Gymshark Performance Long Sleeve Negro","2024-02","2","1.67","1.67","1.58","64","75.00","1"
"Gymshark Performance Long Sleeve Negro","2024-03","1","1.67","1.83","1.50","85","76.00","2"
"Gymshark Performance Long Sleeve Negro","2024-04","2","1.67","1.83","1.58","116","88.33","1"
"Gymshark Performance Long Sleeve Negro","2024-05","1","1.33","1.50","1.67","105","102.00","0"
"Gymshark Performance Long Sleeve Negro","2024-06","0","1.00","1.33","1.50","70","97.00","3"
"Gymshark Performance Long Sleeve Negro","2024-07","3","1.33","1.50","1.58","76","83.67","5"
"Gymshark Performance Long Sleeve Negro","2024-08","5","2.67","2.00","1.83","88","78.00","2"
"Gymshark Performance Long Sleeve Negro","2024-09","2","3.33","2.17","2.00","111","91.67","5"
"Gymshark Performance Long Sleeve Negro","2024-10","5","4.00","2.67","2.25","81","93.33","0"
"Gymshark Performance Long Sleeve Negro","2024-11","0","2.33","2.50","2.00","69","87.00","2"
"Gymshark Performance Long Sleeve Negro","2024-12","2","2.33","2.83","2.08","101","83.67","6"
"Gymshark Performance Long Sleeve Negro","2025-01","6","2.67","3.33","2.42","75","81.67","5"
"Gymshark Performance Long Sleeve Negro","2025-02","5","4.33","3.33","2.67","99","91.67","4"
"Gymshark Performance Long Sleeve Negro","2025-03","4","5.00","3.67","2.92","112","95.33","3"
"Gymshark Performance Long Sleeve Negro","2025-04","3","4.00","3.33","3.00","120","110.33","7"
"Gymshark Performance Long Sleeve Negro","2025-05","7","4.67","4.50","3.50","106","112.67","3"
"Gymshark Performance Long Sleeve Negro","2025-06","3","4.33","4.67","3.75","103","109.67","2"
"Gymshark Performance Long Sleeve Negro","2025-07","2","4.00","4.00","3.67","92","100.33","2"
"Gymshark Performance Long Sleeve Negro","2025-08","2","2.33","3.50","3.42","116","103.67","8"
"Gymshark Performance Long Sleeve Negro","2025-09","8","4.00","4.17","3.92","130","112.67","7"
"Gymshark Performance Long Sleeve Negro","2025-10","7","5.67","4.83","4.08","131","125.67","6"
"Gymshark Performance Long Sleeve Negro","2025-11","6","7.00","4.67","4.58","117","126.00","2"
"Gymshark Performance Long Sleeve Negro","2025-12","2","5.00","4.50","4.58","133","127.00","6"
"Gymshark Performance Long Sleeve Negro","2026-01","6","4.67","5.17","4.58","94","114.67","1"
"Gymshark Performance Long Sleeve Negro","2026-02","1","3.00","5.00","4.25","70","99.00","5"
"Gymshark Performance Long Sleeve Negro","2026-03","5","4.00","4.50","4.33","125","96.33","7"
"Gymshark Performance Long Sleeve Negro","2026-04","7","4.33","4.50","4.67","115","103.33","10"
"Gymshark Performance Long Sleeve Negro","2026-05","10","7.33","5.17","4.92","111","117.00","7"
"Gymshark Power Sports Bra Rosa","2023-06","3","3.67","2.67","2.58","22","22.33","4"
"Gymshark Power Sports Bra Rosa","2023-07","4","3.67","3.00","2.75","15","21.67","3"
"Gymshark Power Sports Bra Rosa","2023-08","3","3.33","3.00","2.75","20","19.00","4"
"Gymshark Power Sports Bra Rosa","2023-09","4","3.67","3.67","2.83","21","18.67","3"
"Gymshark Power Sports Bra Rosa","2023-10","3","3.33","3.50","3.08","15","18.67","5"
"Gymshark Power Sports Bra Rosa","2023-11","5","4.00","3.67","3.25","18","18.00","3"
"Gymshark Power Sports Bra Rosa","2023-12","3","3.67","3.67","3.17","18","17.00","3"
"Gymshark Power Sports Bra Rosa","2024-01","3","3.67","3.50","3.25","19","18.33","3"
"Gymshark Power Sports Bra Rosa","2024-02","3","3.00","3.50","3.25","26","21.00","4"
"Gymshark Power Sports Bra Rosa","2024-03","4","3.33","3.50","3.58","23","22.67","0"
"Gymshark Power Sports Bra Rosa","2024-04","0","2.33","3.00","3.25","19","22.67","4"
"Gymshark Power Sports Bra Rosa","2024-05","4","2.67","2.83","3.25","22","21.33","0"
"Gymshark Power Sports Bra Rosa","2024-06","0","1.33","2.33","3.00","12","17.67","3"
"Gymshark Power Sports Bra Rosa","2024-07","3","2.33","2.33","2.92","16","16.67","7"
"Gymshark Power Sports Bra Rosa","2024-08","7","3.33","3.00","3.25","24","17.33","7"
"Gymshark Power Sports Bra Rosa","2024-09","7","5.67","3.50","3.50","18","19.33","8"
"Gymshark Power Sports Bra Rosa","2024-10","8","7.33","4.83","3.92","16","19.33","0"
"Gymshark Power Sports Bra Rosa","2024-11","0","5.00","4.17","3.50","12","15.33","9"
"Gymshark Power Sports Bra Rosa","2024-12","9","5.67","5.67","4.00","30","19.33","0"
"Gymshark Power Sports Bra Rosa","2025-01","0","3.00","5.17","3.75","18","20.00","5"
"Gymshark Power Sports Bra Rosa","2025-02","5","4.67","4.83","3.92","26","24.67","4"
"Gymshark Power Sports Bra Rosa","2025-03","4","3.00","4.33","3.92","18","20.67","11"
"Gymshark Power Sports Bra Rosa","2025-04","11","6.67","4.83","4.83","25","23.00","1"
"Gymshark Power Sports Bra Rosa","2025-05","1","5.33","5.00","4.58","18","20.33","4"
"Gymshark Power Sports Bra Rosa","2025-06","4","5.33","4.17","4.92","27","23.33","4"
"Gymshark Power Sports Bra Rosa","2025-07","4","3.00","4.83","5.00","21","22.00","5"
"Gymshark Power Sports Bra Rosa","2025-08","5","4.33","4.83","4.83","22","23.33","6"
"Gymshark Power Sports Bra Rosa","2025-09","6","5.00","5.17","4.75","23","22.00","9"
"Gymshark Power Sports Bra Rosa","2025-10","9","6.67","4.83","4.83","27","24.00","1"
"Gymshark Power Sports Bra Rosa","2025-11","1","5.33","4.83","4.92","0","16.67","8"
"Gymshark Power Sports Bra Rosa","2025-12","8","6.00","5.50","4.83","23","16.67","6"
"Gymshark Power Sports Bra Rosa","2026-01","6","5.00","5.83","5.33","22","15.00","7"
"Gymshark Power Sports Bra Rosa","2026-02","7","7.00","6.17","5.50","29","24.67","10"
"Gymshark Power Sports Bra Rosa","2026-03","10","7.67","6.83","6.00","27","26.00","13"
"Gymshark Power Sports Bra Rosa","2026-04","13","10.00","7.50","6.17","29","28.33","15"
"Gymshark Power Sports Bra Rosa","2026-05","15","12.67","9.83","7.33","20","25.33","12"
"Gymshark Rest Day Oversized Tee Beige","2023-06","0","1.00","1.83","2.00","35","41.00","3"
"Gymshark Rest Day Oversized Tee Beige","2023-07","3","2.00","1.83","2.25","24","35.67","2"
"Gymshark Rest Day Oversized Tee Beige","2023-08","2","1.67","1.83","2.25","38","32.33","3"
"Gymshark Rest Day Oversized Tee Beige","2023-09","3","2.67","1.83","2.25","42","34.67","0"
"Gymshark Rest Day Oversized Tee Beige","2023-10","0","1.67","1.83","2.00","23","34.33","4"
"Gymshark Rest Day Oversized Tee Beige","2023-11","4","2.33","2.00","2.08","50","38.33","3"
"Gymshark Rest Day Oversized Tee Beige","2023-12","3","2.33","2.50","2.17","52","41.67","0"
"Gymshark Rest Day Oversized Tee Beige","2024-01","0","2.33","2.00","1.92","21","41.00","3"
"Gymshark Rest Day Oversized Tee Beige","2024-02","3","2.00","2.17","2.00","38","37.00","3"
"Gymshark Rest Day Oversized Tee Beige","2024-03","3","2.00","2.17","2.00","29","29.33","4"
"Gymshark Rest Day Oversized Tee Beige","2024-04","4","3.33","2.83","2.33","39","35.33","4"
"Gymshark Rest Day Oversized Tee Beige","2024-05","4","3.67","2.83","2.42","52","40.00","4"
"Gymshark Rest Day Oversized Tee Beige","2024-06","4","4.00","3.00","2.75","33","41.33","6"
"Gymshark Rest Day Oversized Tee Beige","2024-07","6","4.67","4.00","3.00","25","36.67","6"
"Gymshark Rest Day Oversized Tee Beige","2024-08","6","5.33","4.50","3.33","20","26.00","11"
"Gymshark Rest Day Oversized Tee Beige","2024-09","11","7.67","5.83","4.00","40","28.33","9"
"Gymshark Rest Day Oversized Tee Beige","2024-10","9","8.67","6.67","4.75","41","33.67","17"
"Gymshark Rest Day Oversized Tee Beige","2024-11","17","12.33","8.83","5.83","59","46.67","14"
"Gymshark Rest Day Oversized Tee Beige","2024-12","14","13.33","10.50","6.75","50","50.00","14"
"Gymshark Rest Day Oversized Tee Beige","2025-01","14","15.00","11.83","7.92","45","51.33","11"
"Gymshark Rest Day Oversized Tee Beige","2025-02","11","13.00","12.67","8.58","40","45.00","13"
"Gymshark Rest Day Oversized Tee Beige","2025-03","13","12.67","13.00","9.42","44","43.00","11"
"Gymshark Rest Day Oversized Tee Beige","2025-04","11","11.67","13.33","10.00","57","47.00","11"
"Gymshark Rest Day Oversized Tee Beige","2025-05","11","11.67","12.33","10.58","65","55.33","10"
"Gymshark Rest Day Oversized Tee Beige","2025-06","10","10.67","11.67","11.08","34","52.00","11"
"Gymshark Rest Day Oversized Tee Beige","2025-07","11","10.67","11.17","11.50","47","48.67","16"
"Gymshark Rest Day Oversized Tee Beige","2025-08","16","12.33","12.00","12.33","47","42.67","11"
"Gymshark Rest Day Oversized Tee Beige","2025-09","11","12.67","11.67","12.33","47","47.00","9"
"Gymshark Rest Day Oversized Tee Beige","2025-10","9","12.00","11.33","12.33","45","46.33","11"
"Gymshark Rest Day Oversized Tee Beige","2025-11","11","10.33","11.33","11.83","54","48.67","13"
"Gymshark Rest Day Oversized Tee Beige","2025-12","13","11.00","11.83","11.75","68","55.67","14"
"Gymshark Rest Day Oversized Tee Beige","2026-01","14","12.67","12.33","11.75","45","55.67","8"
"Gymshark Rest Day Oversized Tee Beige","2026-02","8","11.67","11.00","11.50","56","56.33","20"
"Gymshark Rest Day Oversized Tee Beige","2026-03","20","14.00","12.50","12.08","62","54.33","18"
"Gymshark Rest Day Oversized Tee Beige","2026-04","18","15.33","14.00","12.67","60","59.33","20"
"Gymshark Rest Day Oversized Tee Beige","2026-05","20","19.33","15.50","13.42","56","59.33","17"
"Gymshark Sport Jogger Gris Oxford","2023-06","3","3.00","3.17","3.17","70","100.33","4"
"Gymshark Sport Jogger Gris Oxford","2023-07","4","3.00","3.33","3.25","101","93.00","2"
"Gymshark Sport Jogger Gris Oxford","2023-08","2","3.00","3.17","3.17","73","81.33","3"
"Gymshark Sport Jogger Gris Oxford","2023-09","3","3.00","3.00","3.17","102","92.00","2"
"Gymshark Sport Jogger Gris Oxford","2023-10","2","2.33","2.67","3.08","88","87.67","4"
"Gymshark Sport Jogger Gris Oxford","2023-11","4","3.00","3.00","3.17","75","88.33","3"
"Gymshark Sport Jogger Gris Oxford","2023-12","3","3.00","3.00","3.08","85","82.67","4"
"Gymshark Sport Jogger Gris Oxford","2024-01","4","3.67","3.00","3.17","99","86.33","3"
"Gymshark Sport Jogger Gris Oxford","2024-02","3","3.33","3.17","3.17","63","82.33","3"
"Gymshark Sport Jogger Gris Oxford","2024-03","3","3.33","3.17","3.08","130","97.33","3"
"Gymshark Sport Jogger Gris Oxford","2024-04","3","3.00","3.33","3.00","113","102.00","2"
"Gymshark Sport Jogger Gris Oxford","2024-05","2","2.67","3.00","3.00","96","113.00","2"
"Gymshark Sport Jogger Gris Oxford","2024-06","2","2.33","2.83","2.92","111","106.67","2"
"Gymshark Sport Jogger Gris Oxford","2024-07","2","2.00","2.50","2.75","80","95.67","7"
"Gymshark Sport Jogger Gris Oxford","2024-08","7","3.67","3.17","3.17","92","94.33","4"
"Gymshark Sport Jogger Gris Oxford","2024-09","4","4.33","3.33","3.25","92","88.00","6"
"Gymshark Sport Jogger Gris Oxford","2024-10","6","5.67","3.83","3.58","95","93.00","6"
"Gymshark Sport Jogger Gris Oxford","2024-11","6","5.33","4.50","3.75","117","101.33","3"
"Gymshark Sport Jogger Gris Oxford","2024-12","3","5.00","4.67","3.75","125","112.33","5"
"Gymshark Sport Jogger Gris Oxford","2025-01","5","4.67","5.17","3.83","104","115.33","7"
"Gymshark Sport Jogger Gris Oxford","2025-02","7","5.00","5.17","4.17","95","108.00","2"
"Gymshark Sport Jogger Gris Oxford","2025-03","2","4.67","4.83","4.08","71","90.00","3"
"Gymshark Sport Jogger Gris Oxford","2025-04","3","4.00","4.33","4.08","93","86.33","7"
"Gymshark Sport Jogger Gris Oxford","2025-05","7","4.00","4.50","4.50","109","91.00","3"
"Gymshark Sport Jogger Gris Oxford","2025-06","3","4.33","4.50","4.58","112","104.67","4"
"Gymshark Sport Jogger Gris Oxford","2025-07","4","4.67","4.33","4.75","86","102.33","5"
"Gymshark Sport Jogger Gris Oxford","2025-08","5","4.00","4.00","4.58","86","94.67","4"
"Gymshark Sport Jogger Gris Oxford","2025-09","4","4.33","4.33","4.58","105","92.33","5"
"Gymshark Sport Jogger Gris Oxford","2025-10","5","4.67","4.67","4.50","116","102.33","5"
"Gymshark Sport Jogger Gris Oxford","2025-11","5","4.67","4.33","4.42","102","107.67","5"
"Gymshark Sport Jogger Gris Oxford","2025-12","5","5.00","4.67","4.58","133","117.00","5"
"Gymshark Sport Jogger Gris Oxford","2026-01","5","5.00","4.83","4.58","93","109.33","6"
"Gymshark Sport Jogger Gris Oxford","2026-02","6","5.33","5.00","4.50","80","102.00","8"
"Gymshark Sport Jogger Gris Oxford","2026-03","8","6.33","5.67","5.00","115","96.00","8"
"Gymshark Sport Jogger Gris Oxford","2026-04","8","7.33","6.17","5.42","79","91.33","7"
"Gymshark Sport Jogger Gris Oxford","2026-05","7","7.67","6.50","5.42","79","91.00","8"
"Gymshark Training Zip Jacket Azul Marino","2023-06","3","2.00","2.00","2.00","35","24.33","2"
"Gymshark Training Zip Jacket Azul Marino","2023-07","2","2.67","2.00","2.00","20","26.67","2"
"Gymshark Training Zip Jacket Azul Marino","2023-08","2","2.33","2.00","2.08","30","28.33","2"
"Gymshark Training Zip Jacket Azul Marino","2023-09","2","2.00","2.00","2.08","28","26.00","2"
"Gymshark Training Zip Jacket Azul Marino","2023-10","2","2.00","2.33","2.08","27","28.33","2"
"Gymshark Training Zip Jacket Azul Marino","2023-11","2","2.00","2.17","2.00","17","24.00","2"
"Gymshark Training Zip Jacket Azul Marino","2023-12","2","2.00","2.00","2.00","30","24.67","0"
"Gymshark Training Zip Jacket Azul Marino","2024-01","0","1.33","1.67","1.83","14","20.33","2"
"Gymshark Training Zip Jacket Azul Marino","2024-02","2","1.33","1.67","1.83","21","21.67","3"
"Gymshark Training Zip Jacket Azul Marino","2024-03","3","1.67","1.83","1.92","29","21.33","3"
"Gymshark Training Zip Jacket Azul Marino","2024-04","3","2.67","2.00","2.17","28","26.00","2"
"Gymshark Training Zip Jacket Azul Marino","2024-05","2","2.67","2.00","2.08","21","26.00","3"
"Gymshark Training Zip Jacket Azul Marino","2024-06","3","2.67","2.17","2.08","32","27.00","5"
"Gymshark Training Zip Jacket Azul Marino","2024-07","5","3.33","3.00","2.33","0","17.67","8"
"Gymshark Training Zip Jacket Azul Marino","2024-08","8","5.33","4.00","2.83","20","17.33","12"
"Gymshark Training Zip Jacket Azul Marino","2024-09","12","8.33","5.50","3.67","22","14.00","10"
"Gymshark Training Zip Jacket Azul Marino","2024-10","10","10.00","6.67","4.33","20","20.67","3"
"Gymshark Training Zip Jacket Azul Marino","2024-11","3","8.33","6.83","4.42","25","22.33","3"
"Gymshark Training Zip Jacket Azul Marino","2024-12","3","5.33","6.83","4.50","27","24.00","3"
"Gymshark Training Zip Jacket Azul Marino","2025-01","3","3.00","6.50","4.75","37","29.67","9"
"Gymshark Training Zip Jacket Azul Marino","2025-02","9","5.00","6.67","5.33","17","27.00","7"
"Gymshark Training Zip Jacket Azul Marino","2025-03","7","6.33","5.83","5.67","27","27.00","15"
"Gymshark Training Zip Jacket Azul Marino","2025-04","15","10.33","6.67","6.67","35","26.33","7"
"Gymshark Training Zip Jacket Azul Marino","2025-05","7","9.67","7.33","7.08","21","27.67","14"
"Gymshark Training Zip Jacket Azul Marino","2025-06","14","12.00","9.17","8.00","24","26.67","2"
"Gymshark Training Zip Jacket Azul Marino","2025-07","2","7.67","9.00","7.75","29","24.67","12"
"Gymshark Training Zip Jacket Azul Marino","2025-08","12","9.33","9.50","8.08","14","22.33","11"
"Gymshark Training Zip Jacket Azul Marino","2025-09","11","8.33","10.17","8.00","27","23.33","7"
"Gymshark Training Zip Jacket Azul Marino","2025-10","7","10.00","8.83","7.75","25","22.00","3"
"Gymshark Training Zip Jacket Azul Marino","2025-11","3","7.00","8.17","7.75","34","28.67","10"
"Gymshark Training Zip Jacket Azul Marino","2025-12","10","6.67","7.50","8.33","29","29.33","7"
"Gymshark Training Zip Jacket Azul Marino","2026-01","7","6.67","8.33","8.67","25","29.33","14"
"Gymshark Training Zip Jacket Azul Marino","2026-02","14","10.33","8.67","9.08","35","29.67","5"
"Gymshark Training Zip Jacket Azul Marino","2026-03","5","8.67","7.67","8.92","31","30.33","11"
"Gymshark Training Zip Jacket Azul Marino","2026-04","11","10.00","8.33","8.58","24","30.00","13"
"Gymshark Training Zip Jacket Azul Marino","2026-05","13","9.67","10.00","9.08","25","26.67","16"
"Gymshark Vital Seamless Top Verde","2023-06","2","2.00","2.17","2.17","33","31.33","2"
"Gymshark Vital Seamless Top Verde","2023-07","2","2.00","2.00","2.17","21","31.00","2"
"Gymshark Vital Seamless Top Verde","2023-08","2","2.00","2.00","2.17","31","28.33","0"
"Gymshark Vital Seamless Top Verde","2023-09","0","1.33","1.67","2.00","0","17.33","2"
"Gymshark Vital Seamless Top Verde","2023-10","2","1.33","1.67","2.00","28","19.67","2"
"Gymshark Vital Seamless Top Verde","2023-11","2","1.33","1.67","2.00","29","19.00","2"
"Gymshark Vital Seamless Top Verde","2023-12","2","2.00","1.67","1.92","37","31.33","2"
"Gymshark Vital Seamless Top Verde","2024-01","2","2.00","1.67","1.83","26","30.67","3"
"Gymshark Vital Seamless Top Verde","2024-02","3","2.33","1.83","1.92","31","31.33","0"
"Gymshark Vital Seamless Top Verde","2024-03","0","1.67","1.83","1.75","19","25.33","3"
"Gymshark Vital Seamless Top Verde","2024-04","3","2.00","2.00","1.83","42","30.67","2"
"Gymshark Vital Seamless Top Verde","2024-05","2","1.67","2.00","1.83","28","29.67","3"
"Gymshark Vital Seamless Top Verde","2024-06","3","2.67","2.17","1.92","42","37.33","11"
"Gymshark Vital Seamless Top Verde","2024-07","11","5.33","3.67","2.67","0","23.33","5"
"Gymshark Vital Seamless Top Verde","2024-08","5","6.33","4.00","2.92","21","21.00","6"
"Gymshark Vital Seamless Top Verde","2024-09","6","7.33","5.00","3.42","36","19.00","8"
"Gymshark Vital Seamless Top Verde","2024-10","8","6.33","5.83","3.92","31","29.33","14"
"Gymshark Vital Seamless Top Verde","2024-11","14","9.33","7.83","4.92","28","31.67","13"
"Gymshark Vital Seamless Top Verde","2024-12","13","11.67","9.50","5.83","30","29.67","11"
"Gymshark Vital Seamless Top Verde","2025-01","11","12.67","9.50","6.58","37","31.67","7"
"Gymshark Vital Seamless Top Verde","2025-02","7","10.33","9.83","6.92","21","29.33","10"
"Gymshark Vital Seamless Top Verde","2025-03","10","9.33","10.50","7.75","38","32.00","15"
"Gymshark Vital Seamless Top Verde","2025-04","15","10.67","11.67","8.75","34","31.00","11"
"Gymshark Vital Seamless Top Verde","2025-05","11","12.00","11.17","9.50","23","31.67","15"
"Gymshark Vital Seamless Top Verde","2025-06","15","13.67","11.50","10.50","31","29.33","8"
"Gymshark Vital Seamless Top Verde","2025-07","8","11.33","11.00","10.25","21","25.00","6"
"Gymshark Vital Seamless Top Verde","2025-08","6","9.67","10.83","10.33","19","23.67","9"
"Gymshark Vital Seamless Top Verde","2025-09","9","7.67","10.67","10.58","37","25.67","9"
"Gymshark Vital Seamless Top Verde","2025-10","9","8.00","9.67","10.67","27","27.67","10"
"Gymshark Vital Seamless Top Verde","2025-11","10","9.33","9.50","10.33","18","27.33","5"
"Gymshark Vital Seamless Top Verde","2025-12","5","8.00","7.83","9.67","30","25.00","9"
"Gymshark Vital Seamless Top Verde","2026-01","9","8.00","8.00","9.50","33","27.00","9"
"Gymshark Vital Seamless Top Verde","2026-02","9","7.67","8.50","9.67","43","35.33","11"
"Gymshark Vital Seamless Top Verde","2026-03","11","9.67","8.83","9.75","41","39.00","16"
"Gymshark Vital Seamless Top Verde","2026-04","16","12.00","10.00","9.83","41","41.67","10"
"Gymshark Vital Seamless Top Verde","2026-05","10","12.33","10.00","9.75","47","43.00","19"
"Harbinger Ab Straps Negro","2023-06","2","2.33","2.00","1.75","24","22.67","2"
"Harbinger Ab Straps Negro","2023-07","2","2.00","2.00","1.75","26","25.67","2"
"Harbinger Ab Straps Negro","2023-08","2","2.00","2.17","1.75","16","22.00","1"
"Harbinger Ab Straps Negro","2023-09","1","1.67","2.00","1.67","20","20.67","0"
"Harbinger Ab Straps Negro","2023-10","0","1.00","1.50","1.67","13","16.33","2"
"Harbinger Ab Straps Negro","2023-11","2","1.00","1.50","1.58","27","20.00","0"
"Harbinger Ab Straps Negro","2023-12","0","0.67","1.17","1.58","13","17.67","3"
"Harbinger Ab Straps Negro","2024-01","3","1.67","1.33","1.67","36","25.33","3"
"Harbinger Ab Straps Negro","2024-02","3","2.00","1.50","1.83","30","26.33","0"
"Harbinger Ab Straps Negro","2024-03","0","2.00","1.33","1.67","22","29.33","1"
"Harbinger Ab Straps Negro","2024-04","1","1.33","1.50","1.50","16","22.67","0"
"Harbinger Ab Straps Negro","2024-05","0","0.33","1.17","1.33","18","18.67","2"
"Harbinger Ab Straps Negro","2024-06","2","1.00","1.50","1.33","15","16.33","0"
"Harbinger Ab Straps Negro","2024-07","0","0.67","1.00","1.17","13","15.33","3"
"Harbinger Ab Straps Negro","2024-08","3","1.67","1.00","1.25","27","18.33","5"
"Harbinger Ab Straps Negro","2024-09","5","2.67","1.83","1.58","21","20.33","6"
"Harbinger Ab Straps Negro","2024-10","6","4.67","2.67","2.08","37","28.33","8"
"Harbinger Ab Straps Negro","2024-11","8","6.33","4.00","2.58","23","27.00","0"
"Harbinger Ab Straps Negro","2024-12","0","4.67","3.67","2.58","25","28.33","6"
"Harbinger Ab Straps Negro","2025-01","6","4.67","4.67","2.83","26","24.67","2"
"Harbinger Ab Straps Negro","2025-02","2","2.67","4.50","2.75","0","17.00","2"
"Harbinger Ab Straps Negro","2025-03","2","3.33","4.00","2.92","24","16.67","3"
"Harbinger Ab Straps Negro","2025-04","3","2.33","3.50","3.08","25","16.33","2"
"Harbinger Ab Straps Negro","2025-05","2","2.33","2.50","3.25","31","26.67","5"
"Harbinger Ab Straps Negro","2025-06","5","3.33","3.33","3.50","27","27.67","4"
"Harbinger Ab Straps Negro","2025-07","4","3.67","3.00","3.83","16","24.67","0"
"Harbinger Ab Straps Negro","2025-08","0","3.00","2.67","3.58","23","22.00","6"
"Harbinger Ab Straps Negro","2025-09","6","3.33","3.33","3.67","31","23.33","0"
"Harbinger Ab Straps Negro","2025-10","0","2.00","2.83","3.17","14","22.67","4"
"Harbinger Ab Straps Negro","2025-11","4","3.33","3.17","2.83","29","24.67","0"
"Harbinger Ab Straps Negro","2025-12","0","1.33","2.33","2.83","13","18.67","3"
"Harbinger Ab Straps Negro","2026-01","3","2.33","2.17","2.58","28","23.33","6"
"Harbinger Ab Straps Negro","2026-02","6","3.00","3.17","2.92","23","21.33","6"
"Harbinger Ab Straps Negro","2026-03","6","5.00","3.17","3.25","31","27.33","15"
"Harbinger Ab Straps Negro","2026-04","15","9.00","5.67","4.25","28","27.33","10"
"Harbinger Ab Straps Negro","2026-05","10","10.33","6.67","4.92","27","28.67","15"
"Harbinger Ankle Cuff Pair Negro","2023-06","6","6.33","6.67","6.08","33","34.00","7"
"Harbinger Ankle Cuff Pair Negro","2023-07","7","6.33","6.67","6.17","49","36.67","6"
"Harbinger Ankle Cuff Pair Negro","2023-08","6","6.33","6.33","6.33","37","39.67","6"
"Harbinger Ankle Cuff Pair Negro","2023-09","6","6.33","6.33","6.25","44","43.33","7"
"Harbinger Ankle Cuff Pair Negro","2023-10","7","6.33","6.33","6.33","30","37.00","9"
"Harbinger Ankle Cuff Pair Negro","2023-11","9","7.33","6.83","6.67","46","40.00","9"
"Harbinger Ankle Cuff Pair Negro","2023-12","9","8.33","7.33","7.00","42","39.33","10"
"Harbinger Ankle Cuff Pair Negro","2024-01","10","9.33","7.83","7.25","44","44.00","6"
"Harbinger Ankle Cuff Pair Negro","2024-02","6","8.33","7.83","7.08","24","36.67","9"
"Harbinger Ankle Cuff Pair Negro","2024-03","9","8.33","8.33","7.33","49","39.00","7"
"Harbinger Ankle Cuff Pair Negro","2024-04","7","7.33","8.33","7.33","47","40.00","9"
"Harbinger Ankle Cuff Pair Negro","2024-05","9","8.33","8.33","7.58","41","45.67","9"
"Harbinger Ankle Cuff Pair Negro","2024-06","9","8.33","8.33","7.83","43","43.67","10"
"Harbinger Ankle Cuff Pair Negro","2024-07","10","9.33","8.33","8.08","30","38.00","11"
"Harbinger Ankle Cuff Pair Negro","2024-08","11","10.00","9.17","8.50","34","35.67","9"
"Harbinger Ankle Cuff Pair Negro","2024-09","9","10.00","9.17","8.75","42","35.33","11"
"Harbinger Ankle Cuff Pair Negro","2024-10","11","10.33","9.83","9.08","47","41.00","15"
"Harbinger Ankle Cuff Pair Negro","2024-11","15","11.67","10.83","9.58","41","43.33","10"
"Harbinger Ankle Cuff Pair Negro","2024-12","10","12.00","11.00","9.67","23","37.00","15"
"Harbinger Ankle Cuff Pair Negro","2025-01","15","13.33","11.83","10.08","59","41.00","15"
"Harbinger Ankle Cuff Pair Negro","2025-02","15","13.33","12.50","10.83","24","35.33","11"
"Harbinger Ankle Cuff Pair Negro","2025-03","11","13.67","12.83","11.00","46","43.00","6"
"Harbinger Ankle Cuff Pair Negro","2025-04","6","10.67","12.00","10.92","31","33.67","17"
"Harbinger Ankle Cuff Pair Negro","2025-05","17","11.33","12.33","11.58","45","40.67","13"
"Harbinger Ankle Cuff Pair Negro","2025-06","13","12.00","12.83","11.92","39","38.33","14"
"Harbinger Ankle Cuff Pair Negro","2025-07","14","14.67","12.67","12.25","51","45.00","14"
"Harbinger Ankle Cuff Pair Negro","2025-08","14","13.67","12.50","12.50","47","45.67","5"
"Harbinger Ankle Cuff Pair Negro","2025-09","5","11.00","11.50","12.17","16","38.00","16"
"Harbinger Ankle Cuff Pair Negro","2025-10","16","11.67","13.17","12.58","35","32.67","15"
"Harbinger Ankle Cuff Pair Negro","2025-11","15","12.00","12.83","12.58","56","35.67","14"
"Harbinger Ankle Cuff Pair Negro","2025-12","14","15.00","13.00","12.92","43","44.67","8"
"Harbinger Ankle Cuff Pair Negro","2026-01","8","12.33","12.00","12.33","43","47.33","6"
"Harbinger Ankle Cuff Pair Negro","2026-02","6","9.33","10.67","11.58","31","39.00","10"
"Harbinger Ankle Cuff Pair Negro","2026-03","10","8.00","11.50","11.50","49","41.00","16"
"Harbinger Ankle Cuff Pair Negro","2026-04","16","10.67","11.50","12.33","41","40.33","17"
"Harbinger Ankle Cuff Pair Negro","2026-05","17","14.33","11.83","12.33","41","43.67","23"
"Harbinger Balance Pad Azul","2023-06","2","2.00","2.33","2.42","14","16.00","2"
"Harbinger Balance Pad Azul","2023-07","2","2.00","2.17","2.33","10","13.67","2"
"Harbinger Balance Pad Azul","2023-08","2","2.00","2.17","2.33","16","13.33","0"
"Harbinger Balance Pad Azul","2023-09","0","1.33","1.67","2.08","11","12.33","3"
"Harbinger Balance Pad Azul","2023-10","3","1.67","1.83","2.08","16","14.33","3"
"Harbinger Balance Pad Azul","2023-11","3","2.00","2.00","2.17","17","14.67","3"
"Harbinger Balance Pad Azul","2023-12","3","3.00","2.17","2.25","15","16.00","2"
"Harbinger Balance Pad Azul","2024-01","2","2.67","2.17","2.17","15","15.67","3"
"Harbinger Balance Pad Azul","2024-02","3","2.67","2.33","2.25","14","14.67","2"
"Harbinger Balance Pad Azul","2024-03","2","2.33","2.67","2.17","12","13.67","2"
"Harbinger Balance Pad Azul","2024-04","2","2.33","2.50","2.17","17","14.33","2"
"Harbinger Balance Pad Azul","2024-05","2","2.00","2.33","2.17","13","14.00","3"
"Harbinger Balance Pad Azul","2024-06","3","2.33","2.33","2.25","11","13.67","9"
"Harbinger Balance Pad Azul","2024-07","9","4.67","3.50","2.83","15","13.00","7"
"Harbinger Balance Pad Azul","2024-08","7","6.33","4.17","3.25","14","13.33","3"
"Harbinger Balance Pad Azul","2024-09","3","6.33","4.33","3.50","18","15.67","9"
"Harbinger Balance Pad Azul","2024-10","9","6.33","5.50","4.00","18","16.67","9"
"Harbinger Balance Pad Azul","2024-11","9","7.00","6.67","4.50","22","19.33","8"
"Harbinger Balance Pad Azul","2024-12","8","8.67","7.50","4.92","22","20.67","7"
"Harbinger Balance Pad Azul","2025-01","7","8.00","7.17","5.33","14","19.33","9"
"Harbinger Balance Pad Azul","2025-02","9","8.00","7.50","5.83","18","18.00","6"
"Harbinger Balance Pad Azul","2025-03","6","7.33","8.00","6.17","17","16.33","9"
"Harbinger Balance Pad Azul","2025-04","9","8.00","8.00","6.75","15","16.67","6"
"Harbinger Balance Pad Azul","2025-05","6","7.00","7.50","7.08","12","14.67","3"
"Harbinger Balance Pad Azul","2025-06","3","6.00","6.67","7.08","17","14.67","10"
"Harbinger Balance Pad Azul","2025-07","10","6.33","7.17","7.17","12","13.67","11"
"Harbinger Balance Pad Azul","2025-08","11","8.00","7.50","7.50","15","14.67","9"
"Harbinger Balance Pad Azul","2025-09","9","10.00","8.00","8.00","11","12.67","7"
"Harbinger Balance Pad Azul","2025-10","7","9.00","7.67","7.83","11","12.33","12"
"Harbinger Balance Pad Azul","2025-11","12","9.33","8.67","8.08","11","11.00","8"
"Harbinger Balance Pad Azul","2025-12","8","9.00","9.50","8.08","13","11.67","8"
"Harbinger Balance Pad Azul","2026-01","8","9.33","9.17","8.17","15","13.00","15"
"Harbinger Balance Pad Azul","2026-02","15","10.33","9.83","8.67","14","14.00","11"
"Harbinger Balance Pad Azul","2026-03","11","11.33","10.17","9.08","13","14.00","18"
"Harbinger Balance Pad Azul","2026-04","18","14.67","12.00","9.83","14","13.67","15"
"Harbinger Balance Pad Azul","2026-05","15","14.67","12.50","10.58","14","13.67","8"
"Harbinger Bar Pad Negro","2023-06","1","0.67","0.67","0.75","7","9.33","0"
"Harbinger Bar Pad Negro","2023-07","0","0.33","0.50","0.75","7","7.67","1"
"Harbinger Bar Pad Negro","2023-08","1","0.67","0.67","0.75","12","8.67","1"
"Harbinger Bar Pad Negro","2023-09","1","0.67","0.67","0.75","10","9.67","1"
"Harbinger Bar Pad Negro","2023-10","1","1.00","0.67","0.75","14","12.00","1"
"Harbinger Bar Pad Negro","2023-11","1","1.00","0.83","0.75","13","12.33","1"
"Harbinger Bar Pad Negro","2023-12","1","1.00","0.83","0.75","9","12.00","1"
"Harbinger Bar Pad Negro","2024-01","1","1.00","1.00","0.75","10","10.67","1"
"Harbinger Bar Pad Negro","2024-02","1","1.00","1.00","0.83","6","8.33","1"
"Harbinger Bar Pad Negro","2024-03","1","1.00","1.00","0.83","11","9.00","1"
"Harbinger Bar Pad Negro","2024-04","1","1.00","1.00","0.83","9","8.67","0"
"Harbinger Bar Pad Negro","2024-05","0","0.67","0.83","0.83","11","10.33","1"
"Harbinger Bar Pad Negro","2024-06","1","0.67","0.83","0.83","12","10.67","9"
"Harbinger Bar Pad Negro","2024-07","9","3.33","2.17","1.58","11","11.33","4"
"Harbinger Bar Pad Negro","2024-08","4","4.67","2.67","1.83","8","10.33","7"
"Harbinger Bar Pad Negro","2024-09","7","6.67","3.67","2.33","11","10.00","4"
"Harbinger Bar Pad Negro","2024-10","4","5.00","4.17","2.58","8","9.00","9"
"Harbinger Bar Pad Negro","2024-11","9","6.67","5.67","3.25","0","6.33","5"
"Harbinger Bar Pad Negro","2024-12","5","6.00","6.33","3.58","11","6.33","4"
"Harbinger Bar Pad Negro","2025-01","4","6.00","5.50","3.83","6","5.67","5"
"Harbinger Bar Pad Negro","2025-02","5","4.67","5.67","4.17","7","8.00","1"
"Harbinger Bar Pad Negro","2025-03","1","3.33","4.67","4.17","9","7.33","9"
"Harbinger Bar Pad Negro","2025-04","9","5.00","5.50","4.83","7","7.67","9"
"Harbinger Bar Pad Negro","2025-05","9","6.33","5.50","5.58","7","7.67","10"
"Harbinger Bar Pad Negro","2025-06","10","9.33","6.33","6.33","15","9.67","8"
"Harbinger Bar Pad Negro","2025-07","8","9.00","7.00","6.25","13","11.67","7"
"Harbinger Bar Pad Negro","2025-08","7","8.33","7.33","6.50","13","13.67","4"
"Harbinger Bar Pad Negro","2025-09","4","6.33","7.83","6.25","12","12.67","5"
"Harbinger Bar Pad Negro","2025-10","5","5.33","7.17","6.33","9","11.33","11"
"Harbinger Bar Pad Negro","2025-11","11","6.67","7.50","6.50","14","11.67","7"
"Harbinger Bar Pad Negro","2025-12","7","7.67","7.00","6.67","7","10.00","0"
"Harbinger Bar Pad Negro","2026-01","0","6.00","5.67","6.33","8","9.67","10"
"Harbinger Bar Pad Negro","2026-02","10","5.67","6.17","6.75","11","8.67","8"
"Harbinger Bar Pad Negro","2026-03","8","6.00","6.83","7.33","12","10.33","3"
"Harbinger Bar Pad Negro","2026-04","3","7.00","6.50","6.83","11","11.33","10"
"Harbinger Bar Pad Negro","2026-05","10","7.00","6.33","6.92","8","10.33","9"
"Harbinger Cable Attachment Rope Negro","2023-06","3","3.00","2.83","2.83","21","18.67","3"
"Harbinger Cable Attachment Rope Negro","2023-07","3","3.00","2.83","2.83","17","19.00","3"
"Harbinger Cable Attachment Rope Negro","2023-08","3","3.00","3.00","2.83","18","18.67","2"
"Harbinger Cable Attachment Rope Negro","2023-09","2","2.67","2.83","2.75","21","18.67","3"
"Harbinger Cable Attachment Rope Negro","2023-10","3","2.67","2.83","2.83","22","20.33","2"
"Harbinger Cable Attachment Rope Negro","2023-11","2","2.33","2.67","2.75","17","20.00","3"
"Harbinger Cable Attachment Rope Negro","2023-12","3","2.67","2.67","2.75","21","20.00","3"
"Harbinger Cable Attachment Rope Negro","2024-01","3","2.67","2.67","2.75","23","20.33","0"
"Harbinger Cable Attachment Rope Negro","2024-02","0","2.00","2.17","2.58","9","17.67","3"
"Harbinger Cable Attachment Rope Negro","2024-03","3","2.00","2.33","2.58","22","18.00","3"
"Harbinger Cable Attachment Rope Negro","2024-04","3","2.00","2.33","2.58","17","16.00","2"
"Harbinger Cable Attachment Rope Negro","2024-05","2","2.67","2.33","2.50","20","19.67","2"
"Harbinger Cable Attachment Rope Negro","2024-06","2","2.33","2.17","2.42","18","18.33","6"
"Harbinger Cable Attachment Rope Negro","2024-07","6","3.33","2.67","2.67","7","15.00","2"
"Harbinger Cable Attachment Rope Negro","2024-08","2","3.33","3.00","2.58","14","13.00","10"
"Harbinger Cable Attachment Rope Negro","2024-09","10","6.00","4.17","3.25","15","12.00","7"
"Harbinger Cable Attachment Rope Negro","2024-10","7","6.33","4.83","3.58","23","17.33","13"
"Harbinger Cable Attachment Rope Negro","2024-11","13","10.00","6.67","4.50","19","19.00","13"
"Harbinger Cable Attachment Rope Negro","2024-12","13","11.00","8.50","5.33","20","20.67","14"
"Harbinger Cable Attachment Rope Negro","2025-01","14","13.33","9.83","6.25","16","18.33","2"
"Harbinger Cable Attachment Rope Negro","2025-02","2","9.67","9.83","6.42","13","16.33","7"
"Harbinger Cable Attachment Rope Negro","2025-03","7","7.67","9.33","6.75","20","16.33","7"
"Harbinger Cable Attachment Rope Negro","2025-04","7","5.33","9.33","7.08","12","15.00","2"
"Harbinger Cable Attachment Rope Negro","2025-05","2","5.33","7.50","7.08","21","17.67","2"
"Harbinger Cable Attachment Rope Negro","2025-06","2","3.67","5.67","7.08","18","17.00","2"
"Harbinger Cable Attachment Rope Negro","2025-07","2","2.00","3.67","6.75","19","19.33","3"
"Harbinger Cable Attachment Rope Negro","2025-08","3","2.33","3.83","6.83","16","17.67","10"
"Harbinger Cable Attachment Rope Negro","2025-09","10","5.00","4.33","6.83","18","17.67","3"
"Harbinger Cable Attachment Rope Negro","2025-10","3","5.33","3.67","6.50","21","18.33","11"
"Harbinger Cable Attachment Rope Negro","2025-11","11","8.00","5.17","6.33","21","20.00","7"
"Harbinger Cable Attachment Rope Negro","2025-12","7","7.00","6.00","5.83","14","18.67","8"
"Harbinger Cable Attachment Rope Negro","2026-01","8","8.67","7.00","5.33","24","19.67","12"
"Harbinger Cable Attachment Rope Negro","2026-02","12","9.00","8.50","6.17","11","16.33","12"
"Harbinger Cable Attachment Rope Negro","2026-03","12","10.67","8.83","6.58","15","16.67","11"
"Harbinger Cable Attachment Rope Negro","2026-04","11","11.67","10.17","6.92","19","15.00","19"
"Harbinger Cable Attachment Rope Negro","2026-05","19","14.00","11.50","8.33","21","18.33","20"
"Harbinger Carabiner Clips Set Plateado","2023-06","2","2.67","2.67","2.83","11","13.67","2"
"Harbinger Carabiner Clips Set Plateado","2023-07","2","2.33","2.50","2.83","8","11.67","5"
"Harbinger Carabiner Clips Set Plateado","2023-08","5","3.00","2.83","3.08","15","11.33","3"
"Harbinger Carabiner Clips Set Plateado","2023-09","3","3.33","3.00","3.17","10","11.00","2"
"Harbinger Carabiner Clips Set Plateado","2023-10","2","3.33","2.83","3.00","11","12.00","3"
"Harbinger Carabiner Clips Set Plateado","2023-11","3","2.67","2.83","2.92","11","10.67","4"
"Harbinger Carabiner Clips Set Plateado","2023-12","4","3.00","3.17","2.92","14","12.00","2"
"Harbinger Carabiner Clips Set Plateado","2024-01","2","3.00","3.17","2.83","14","13.00","3"
"Harbinger Carabiner Clips Set Plateado","2024-02","3","3.00","2.83","2.83","15","14.33","4"
"Harbinger Carabiner Clips Set Plateado","2024-03","4","3.00","3.00","3.00","11","13.33","3"
"Harbinger Carabiner Clips Set Plateado","2024-04","3","3.33","3.17","3.00","18","14.67","2"
"Harbinger Carabiner Clips Set Plateado","2024-05","2","3.00","3.00","2.92","12","13.67","3"
"Harbinger Carabiner Clips Set Plateado","2024-06","3","2.67","2.83","3.00","17","15.67","14"
"Harbinger Carabiner Clips Set Plateado","2024-07","14","6.33","4.83","4.00","14","14.33","4"
"Harbinger Carabiner Clips Set Plateado","2024-08","4","7.00","5.00","3.92","7","12.67","8"
"Harbinger Carabiner Clips Set Plateado","2024-09","8","8.67","5.67","4.33","11","10.67","12"
"Harbinger Carabiner Clips Set Plateado","2024-10","12","8.00","7.17","5.17","20","12.67","8"
"Harbinger Carabiner Clips Set Plateado","2024-11","8","9.33","8.17","5.58","11","14.00","7"
"Harbinger Carabiner Clips Set Plateado","2024-12","7","9.00","8.83","5.83","13","14.67","11"
"Harbinger Carabiner Clips Set Plateado","2025-01","11","8.67","8.33","6.58","16","13.33","2"
"Harbinger Carabiner Clips Set Plateado","2025-02","2","6.67","8.00","6.50","14","14.33","14"
"Harbinger Carabiner Clips Set Plateado","2025-03","14","9.00","9.00","7.33","12","14.00","8"
"Harbinger Carabiner Clips Set Plateado","2025-04","8","8.00","8.33","7.75","13","13.00","13"
"Harbinger Carabiner Clips Set Plateado","2025-05","13","11.67","9.17","8.67","14","13.00","13"
"Harbinger Carabiner Clips Set Plateado","2025-06","13","11.33","10.17","9.50","14","13.67","8"
"Harbinger Carabiner Clips Set Plateado","2025-07","8","11.33","9.67","9.00","9","12.33","11"
"Harbinger Carabiner Clips Set Plateado","2025-08","11","10.67","11.17","9.58","6","9.67","13"
"Harbinger Carabiner Clips Set Plateado","2025-09","13","10.67","11.00","10.00","15","10.00","3"
"Harbinger Carabiner Clips Set Plateado","2025-10","3","9.00","10.17","9.25","16","12.33","6"
"Harbinger Carabiner Clips Set Plateado","2025-11","6","7.33","9.00","9.08","5","12.00","10"
"Harbinger Carabiner Clips Set Plateado","2025-12","10","6.33","8.50","9.33","11","10.67","12"
"Harbinger Carabiner Clips Set Plateado","2026-01","12","9.33","9.17","9.42","14","10.00","4"
"Harbinger Carabiner Clips Set Plateado","2026-02","4","8.67","8.00","9.58","12","12.33","17"
"Harbinger Carabiner Clips Set Plateado","2026-03","17","11.00","8.67","9.83","11","12.33","16"
"Harbinger Carabiner Clips Set Plateado","2026-04","16","12.33","10.83","10.50","16","13.00","7"
"Harbinger Carabiner Clips Set Plateado","2026-05","7","13.33","11.00","10.00","14","13.67","8"
"Harbinger Chalk Ball Blanco","2023-06","3","3.00","3.17","2.83","10","10.67","3"
"Harbinger Chalk Ball Blanco","2023-07","3","3.00","3.00","2.92","14","11.33","3"
"Harbinger Chalk Ball Blanco","2023-08","3","3.00","3.00","3.00","11","11.67","3"
"Harbinger Chalk Ball Blanco","2023-09","3","3.00","3.00","3.00","12","12.33","3"
"Harbinger Chalk Ball Blanco","2023-10","3","3.00","3.00","3.00","17","13.33","3"
"Harbinger Chalk Ball Blanco","2023-11","3","3.00","3.00","3.08","13","14.00","3"
"Harbinger Chalk Ball Blanco","2023-12","3","3.00","3.00","3.08","9","13.00","3"
"Harbinger Chalk Ball Blanco","2024-01","3","3.00","3.00","3.00","14","12.00","4"
"Harbinger Chalk Ball Blanco","2024-02","4","3.33","3.17","3.08","15","12.67","3"
"Harbinger Chalk Ball Blanco","2024-03","3","3.33","3.17","3.08","12","13.67","3"
"Harbinger Chalk Ball Blanco","2024-04","3","3.33","3.17","3.08","10","12.33","4"
"Harbinger Chalk Ball Blanco","2024-05","4","3.33","3.33","3.17","15","12.33","3"
"Harbinger Chalk Ball Blanco","2024-06","3","3.33","3.33","3.17","9","11.33","9"
"Harbinger Chalk Ball Blanco","2024-07","9","5.33","4.33","3.67","16","13.33","8"
"Harbinger Chalk Ball Blanco","2024-08","8","6.67","5.00","4.08","11","12.00","12"
"Harbinger Chalk Ball Blanco","2024-09","12","9.67","6.50","4.83","17","14.67","7"
"Harbinger Chalk Ball Blanco","2024-10","7","9.00","7.17","5.17","7","11.67","9"
"Harbinger Chalk Ball Blanco","2024-11","9","9.33","8.00","5.67","18","14.00","9"
"Harbinger Chalk Ball Blanco","2024-12","9","8.33","9.00","6.17","11","12.00","13"
"Harbinger Chalk Ball Blanco","2025-01","13","10.33","9.67","7.00","16","15.00","10"
"Harbinger Chalk Ball Blanco","2025-02","10","10.67","10.00","7.50","13","13.33","9"
"Harbinger Chalk Ball Blanco","2025-03","9","10.67","9.50","8.00","20","16.33","10"
"Harbinger Chalk Ball Blanco","2025-04","10","9.67","10.00","8.58","14","15.67","14"
"Harbinger Chalk Ball Blanco","2025-05","14","11.00","10.83","9.42","13","15.67","11"
"Harbinger Chalk Ball Blanco","2025-06","11","11.67","11.17","10.08","13","13.33","12"
"Harbinger Chalk Ball Blanco","2025-07","12","12.33","11.00","10.33","8","11.33","2"
"Harbinger Chalk Ball Blanco","2025-08","2","8.33","9.67","9.83","10","10.33","8"
"Harbinger Chalk Ball Blanco","2025-09","8","7.33","9.50","9.50","10","9.33","3"
"Harbinger Chalk Ball Blanco","2025-10","3","4.33","8.33","9.17","12","10.67","9"
"Harbinger Chalk Ball Blanco","2025-11","9","6.67","7.50","9.17","19","13.67","8"
"Harbinger Chalk Ball Blanco","2025-12","8","6.67","7.00","9.08","13","14.67","12"
"Harbinger Chalk Ball Blanco","2026-01","12","9.67","7.00","9.00","21","17.67","12"
"Harbinger Chalk Ball Blanco","2026-02","12","10.67","8.67","9.17","15","16.33","9"
"Harbinger Chalk Ball Blanco","2026-03","9","11.00","8.83","9.17","12","16.00","8"
"Harbinger Chalk Ball Blanco","2026-04","8","9.67","9.67","9.00","17","14.67","13"
"Harbinger Chalk Ball Blanco","2026-05","13","10.00","10.33","8.92","13","14.00","20"
"Harbinger Core Sliders Negro","2023-06","1","0.33","0.67","0.67","11","14.00","1"
"Harbinger Core Sliders Negro","2023-07","1","0.67","0.67","0.67","23","16.00","0"
"Harbinger Core Sliders Negro","2023-08","0","0.67","0.50","0.58","11","15.00","0"
"Harbinger Core Sliders Negro","2023-09","0","0.33","0.33","0.50","14","16.00","1"
"Harbinger Core Sliders Negro","2023-10","1","0.33","0.50","0.50","17","14.00","1"
"Harbinger Core Sliders Negro","2023-11","1","0.67","0.67","0.58","26","19.00","1"
"Harbinger Core Sliders Negro","2023-12","1","1.00","0.67","0.67","20","21.00","1"
"Harbinger Core Sliders Negro","2024-01","1","1.00","0.67","0.67","25","23.67","1"
"Harbinger Core Sliders Negro","2024-02","1","1.00","0.83","0.67","11","18.67","0"
"Harbinger Core Sliders Negro","2024-03","0","0.67","0.83","0.58","15","17.00","1"
"Harbinger Core Sliders Negro","2024-04","1","0.67","0.83","0.67","12","12.67","1"
"Harbinger Core Sliders Negro","2024-05","1","0.67","0.83","0.75","21","16.00","0"
"Harbinger Core Sliders Negro","2024-06","0","0.67","0.67","0.67","13","15.33","15"
"Harbinger Core Sliders Negro","2024-07","15","5.33","3.00","1.83","13","15.67","14"
"Harbinger Core Sliders Negro","2024-08","14","9.67","5.17","3.00","8","11.33","15"
"Harbinger Core Sliders Negro","2024-09","15","14.67","7.67","4.25","15","12.00","11"
"Harbinger Core Sliders Negro","2024-10","11","13.33","9.33","5.08","18","13.67","16"
"Harbinger Core Sliders Negro","2024-11","16","14.00","11.83","6.33","17","16.67","19"
"Harbinger Core Sliders Negro","2024-12","19","15.33","15.00","7.83","15","16.67","15"
"Harbinger Core Sliders Negro","2025-01","15","16.67","15.00","9.00","12","14.67","14"
"Harbinger Core Sliders Negro","2025-02","14","16.00","15.00","10.08","18","15.00","21"
"Harbinger Core Sliders Negro","2025-03","21","16.67","16.00","11.83","19","16.33","13"
"Harbinger Core Sliders Negro","2025-04","13","16.00","16.33","12.83","13","16.67","14"
"Harbinger Core Sliders Negro","2025-05","14","16.00","16.00","13.92","24","18.67","19"
"Harbinger Core Sliders Negro","2025-06","19","15.33","16.00","15.50","23","20.00","22"
"Harbinger Core Sliders Negro","2025-07","22","18.33","17.17","16.08","13","20.00","22"
"Harbinger Core Sliders Negro","2025-08","22","21.00","18.50","16.75","21","19.00","17"
"Harbinger Core Sliders Negro","2025-09","17","20.33","17.83","16.92","16","16.67","0"
"Harbinger Core Sliders Negro","2025-10","0","13.00","15.67","16.00","20","19.00","16"
"Harbinger Core Sliders Negro","2025-11","16","11.00","16.00","16.00","25","20.33","23"
"Harbinger Core Sliders Negro","2025-12","23","13.00","16.67","16.33","13","19.33","23"
"Harbinger Core Sliders Negro","2026-01","23","20.67","16.83","17.00","15","17.67","14"
"Harbinger Core Sliders Negro","2026-02","14","20.00","15.50","17.00","20","16.00","16"
"Harbinger Core Sliders Negro","2026-03","16","17.67","15.33","16.58","23","19.33","21"
"Harbinger Core Sliders Negro","2026-04","21","17.00","18.83","17.25","17","20.00","34"
"Harbinger Core Sliders Negro","2026-05","34","23.67","21.83","18.92","21","20.33","31"
"Harbinger Core Stability Ball Gris","2023-06","3","2.67","2.33","1.92","24","21.67","1"
"Harbinger Core Stability Ball Gris","2023-07","1","2.33","2.00","2.00","17","21.00","2"
"Harbinger Core Stability Ball Gris","2023-08","2","2.00","2.17","2.00","15","18.67","0"
"Harbinger Core Stability Ball Gris","2023-09","0","1.00","1.83","1.83","6","12.67","2"
"Harbinger Core Stability Ball Gris","2023-10","2","1.33","1.83","1.83","20","13.67","1"
"Harbinger Core Stability Ball Gris","2023-11","1","1.00","1.50","1.83","18","14.67","1"
"Harbinger Core Stability Ball Gris","2023-12","1","1.33","1.17","1.75","13","17.00","2"
"Harbinger Core Stability Ball Gris","2024-01","2","1.33","1.33","1.67","17","16.00","1"
"Harbinger Core Stability Ball Gris","2024-02","1","1.33","1.17","1.67","15","15.00","2"
"Harbinger Core Stability Ball Gris","2024-03","2","1.67","1.50","1.67","15","15.67","2"
"Harbinger Core Stability Ball Gris","2024-04","2","1.67","1.50","1.67","15","15.00","2"
"Harbinger Core Stability Ball Gris","2024-05","2","2.00","1.67","1.58","20","16.67","2"
"Harbinger Core Stability Ball Gris","2024-06","2","2.00","1.83","1.50","16","17.00","9"
"Harbinger Core Stability Ball Gris","2024-07","9","4.33","3.00","2.17","18","18.00","10"
"Harbinger Core Stability Ball Gris","2024-08","10","7.00","4.50","2.83","14","16.00","2"
"Harbinger Core Stability Ball Gris","2024-09","2","7.00","4.50","3.00","20","17.33","6"
"Harbinger Core Stability Ball Gris","2024-10","6","6.00","5.17","3.33","19","17.67","5"
"Harbinger Core Stability Ball Gris","2024-11","5","4.33","5.67","3.67","16","18.33","7"
"Harbinger Core Stability Ball Gris","2024-12","7","6.00","6.50","4.17","24","19.67","7"
"Harbinger Core Stability Ball Gris","2025-01","7","6.33","6.17","4.58","10","16.67","8"
"Harbinger Core Stability Ball Gris","2025-02","8","7.33","5.83","5.17","10","14.67","9"
"Harbinger Core Stability Ball Gris","2025-03","9","8.00","7.00","5.75","19","13.00","6"
"Harbinger Core Stability Ball Gris","2025-04","6","7.67","7.00","6.08","11","13.33","0"
"Harbinger Core Stability Ball Gris","2025-05","0","5.00","6.17","5.92","8","12.67","6"
"Harbinger Core Stability Ball Gris","2025-06","6","4.00","6.00","6.25","8","9.00","9"
"Harbinger Core Stability Ball Gris","2025-07","9","5.00","6.33","6.25","15","10.33","2"
"Harbinger Core Stability Ball Gris","2025-08","2","5.67","5.33","5.58","11","11.33","8"
"Harbinger Core Stability Ball Gris","2025-09","8","6.33","5.17","6.08","15","13.67","4"
"Harbinger Core Stability Ball Gris","2025-10","4","4.67","4.83","5.92","9","11.67","12"
"Harbinger Core Stability Ball Gris","2025-11","12","8.00","6.83","6.50","17","13.67","10"
"Harbinger Core Stability Ball Gris","2025-12","10","8.67","7.50","6.75","7","11.00","7"
"Harbinger Core Stability Ball Gris","2026-01","7","9.67","7.17","6.75","19","14.33","8"
"Harbinger Core Stability Ball Gris","2026-02","8","8.33","8.17","6.75","11","12.33","7"
"Harbinger Core Stability Ball Gris","2026-03","7","7.33","8.00","6.58","9","13.00","9"
"Harbinger Core Stability Ball Gris","2026-04","9","8.00","8.83","6.83","9","9.67","6"
"Harbinger Core Stability Ball Gris","2026-05","6","7.33","7.83","7.33","16","11.33","23"
"Harbinger D Handle Grip Negro","2023-06","1","0.67","0.67","0.75","16","18.33","0"
"Harbinger D Handle Grip Negro","2023-07","0","0.67","0.50","0.75","11","17.00","0"
"Harbinger D Handle Grip Negro","2023-08","0","0.33","0.33","0.67","15","14.00","1"
"Harbinger D Handle Grip Negro","2023-09","1","0.33","0.50","0.67","19","15.00","1"
"Harbinger D Handle Grip Negro","2023-10","1","0.67","0.67","0.75","18","17.33","0"
"Harbinger D Handle Grip Negro","2023-11","0","0.67","0.50","0.58","11","16.00","1"
"Harbinger D Handle Grip Negro","2023-12","1","0.67","0.50","0.58","15","14.67","1"
"Harbinger D Handle Grip Negro","2024-01","1","0.67","0.67","0.58","14","13.33","1"
"Harbinger D Handle Grip Negro","2024-02","1","1.00","0.83","0.58","14","14.33","1"
"Harbinger D Handle Grip Negro","2024-03","1","1.00","0.83","0.67","15","14.33","1"
"Harbinger D Handle Grip Negro","2024-04","1","1.00","0.83","0.75","24","17.67","0"
"Harbinger D Handle Grip Negro","2024-05","0","0.67","0.83","0.67","11","16.67","0"
"Harbinger D Handle Grip Negro","2024-06","0","0.33","0.67","0.58","19","18.00","1"
"Harbinger D Handle Grip Negro","2024-07","1","0.33","0.67","0.67","19","16.33","5"
"Harbinger D Handle Grip Negro","2024-08","5","2.00","1.33","1.08","17","18.33","1"
"Harbinger D Handle Grip Negro","2024-09","1","2.33","1.33","1.08","21","19.00","1"
"Harbinger D Handle Grip Negro","2024-10","1","2.33","1.33","1.08","12","16.67","7"
"Harbinger D Handle Grip Negro","2024-11","7","3.00","2.50","1.67","24","19.00","1"
"Harbinger D Handle Grip Negro","2024-12","1","3.00","2.67","1.67","14","16.67","4"
"Harbinger D Handle Grip Negro","2025-01","4","4.00","3.17","1.92","0","12.67","0"
"Harbinger D Handle Grip Negro","2025-02","0","1.67","2.33","1.83","17","10.33","0"
"Harbinger D Handle Grip Negro","2025-03","0","1.33","2.17","1.75","17","11.33","0"
"Harbinger D Handle Grip Negro","2025-04","0","0.00","2.00","1.67","13","15.67","6"
"Harbinger D Handle Grip Negro","2025-05","6","2.00","1.83","2.17","15","15.00","0"
"Harbinger D Handle Grip Negro","2025-06","0","2.00","1.67","2.17","12","13.33","2"
"Harbinger D Handle Grip Negro","2025-07","2","2.67","1.33","2.25","22","16.33","0"
"Harbinger D Handle Grip Negro","2025-08","0","0.67","1.33","1.83","14","16.00","4"
"Harbinger D Handle Grip Negro","2025-09","4","2.00","2.00","2.08","23","19.67","3"
"Harbinger D Handle Grip Negro","2025-10","3","2.33","2.50","2.25","0","12.33","6"
"Harbinger D Handle Grip Negro","2025-11","6","4.33","2.50","2.17","17","13.33","1"
"Harbinger D Handle Grip Negro","2025-12","1","3.33","2.67","2.17","18","11.67","1"
"Harbinger D Handle Grip Negro","2026-01","1","2.67","2.50","1.92","17","17.33","4"
"Harbinger D Handle Grip Negro","2026-02","4","2.00","3.17","2.25","15","16.67","7"
"Harbinger D Handle Grip Negro","2026-03","7","4.00","3.67","2.83","23","18.33","11"
"Harbinger D Handle Grip Negro","2026-04","11","7.33","5.00","3.75","21","19.67","9"
"Harbinger D Handle Grip Negro","2026-05","9","9.00","5.50","4.00","14","19.33","6"
"Harbinger Door Anchor Negro","2023-06","0","0.33","0.50","0.42","77","77.67","0"
"Harbinger Door Anchor Negro","2023-07","0","0.00","0.33","0.42","69","79.00","1"
"Harbinger Door Anchor Negro","2023-08","1","0.33","0.33","0.50","99","81.67","1"
"Harbinger Door Anchor Negro","2023-09","1","0.67","0.50","0.50","71","79.67","1"
"Harbinger Door Anchor Negro","2023-10","1","1.00","0.50","0.58","69","79.67","1"
"Harbinger Door Anchor Negro","2023-11","1","1.00","0.67","0.58","98","79.33","1"
"Harbinger Door Anchor Negro","2023-12","1","1.00","0.83","0.67","63","76.67","1"
"Harbinger Door Anchor Negro","2024-01","1","1.00","1.00","0.67","82","81.00","0"
"Harbinger Door Anchor Negro","2024-02","0","0.67","0.83","0.58","48","64.33","1"
"Harbinger Door Anchor Negro","2024-03","1","0.67","0.83","0.67","69","66.33","1"
"Harbinger Door Anchor Negro","2024-04","1","0.67","0.83","0.67","84","67.00","1"
"Harbinger Door Anchor Negro","2024-05","1","1.00","0.83","0.75","76","76.33","1"
"Harbinger Door Anchor Negro","2024-06","1","1.00","0.83","0.83","93","84.33","8"
"Harbinger Door Anchor Negro","2024-07","8","3.33","2.00","1.50","80","83.00","6"
"Harbinger Door Anchor Negro","2024-08","6","5.00","3.00","1.92","69","80.67","9"
"Harbinger Door Anchor Negro","2024-09","9","7.67","4.33","2.58","56","68.33","1"
"Harbinger Door Anchor Negro","2024-10","1","5.33","4.33","2.58","89","71.33","11"
"Harbinger Door Anchor Negro","2024-11","11","7.00","6.00","3.42","94","79.67","1"
"Harbinger Door Anchor Negro","2024-12","1","4.33","6.00","3.42","80","87.67","11"
"Harbinger Door Anchor Negro","2025-01","11","7.67","6.50","4.25","60","78.00","12"
"Harbinger Door Anchor Negro","2025-02","12","8.00","7.50","5.25","87","75.67","5"
"Harbinger Door Anchor Negro","2025-03","5","9.33","6.83","5.58","79","75.33","7"
"Harbinger Door Anchor Negro","2025-04","7","8.00","7.83","6.08","66","77.33","5"
"Harbinger Door Anchor Negro","2025-05","5","5.67","6.83","6.42","81","75.33","9"
"Harbinger Door Anchor Negro","2025-06","9","7.00","8.17","7.08","71","72.67","12"
"Harbinger Door Anchor Negro","2025-07","12","8.67","8.33","7.42","66","72.67","12"
"Harbinger Door Anchor Negro","2025-08","12","11.00","8.33","7.92","78","71.67","8"
"Harbinger Door Anchor Negro","2025-09","8","10.67","8.83","7.83","83","75.67","8"
"Harbinger Door Anchor Negro","2025-10","8","9.33","9.00","8.42","46","69.00","5"
"Harbinger Door Anchor Negro","2025-11","5","7.00","9.00","7.92","73","67.33","1"
"Harbinger Door Anchor Negro","2025-12","1","4.67","7.67","7.92","68","62.33","4"
"Harbinger Door Anchor Negro","2026-01","4","3.33","6.33","7.33","73","71.33","10"
"Harbinger Door Anchor Negro","2026-02","10","5.00","6.00","7.17","81","74.00","13"
"Harbinger Door Anchor Negro","2026-03","13","9.00","6.83","7.83","76","76.67","20"
"Harbinger Door Anchor Negro","2026-04","20","14.33","8.83","8.92","68","75.00","12"
"Harbinger Door Anchor Negro","2026-05","12","15.00","10.00","9.50","91","78.33","22"
"Harbinger Drawstring Bag Rojo","2023-06","0","0.33","0.67","0.75","53","69.67","1"
"Harbinger Drawstring Bag Rojo","2023-07","1","0.33","0.67","0.75","51","58.67","1"
"Harbinger Drawstring Bag Rojo","2023-08","1","0.67","0.67","0.75","72","58.67","1"
"Harbinger Drawstring Bag Rojo","2023-09","1","1.00","0.67","0.75","88","70.33","1"
"Harbinger Drawstring Bag Rojo","2023-10","1","1.00","0.67","0.75","64","74.67","1"
"Harbinger Drawstring Bag Rojo","2023-11","1","1.00","0.83","0.75","71","74.33","1"
"Harbinger Drawstring Bag Rojo","2023-12","1","1.00","1.00","0.83","64","66.33","1"
"Harbinger Drawstring Bag Rojo","2024-01","1","1.00","1.00","0.83","51","62.00","1"
"Harbinger Drawstring Bag Rojo","2024-02","1","1.00","1.00","0.83","57","57.33","1"
"Harbinger Drawstring Bag Rojo","2024-03","1","1.00","1.00","0.83","74","60.67","1"
"Harbinger Drawstring Bag Rojo","2024-04","1","1.00","1.00","0.83","76","69.00","1"
"Harbinger Drawstring Bag Rojo","2024-05","1","1.00","1.00","0.92","86","78.67","1"
"Harbinger Drawstring Bag Rojo","2024-06","1","1.00","1.00","1.00","78","80.00","1"
"Harbinger Drawstring Bag Rojo","2024-07","1","1.00","1.00","1.00","73","79.00","3"
"Harbinger Drawstring Bag Rojo","2024-08","3","1.67","1.33","1.17","50","67.00","1"
"Harbinger Drawstring Bag Rojo","2024-09","1","1.67","1.33","1.17","55","59.33","1"
"Harbinger Drawstring Bag Rojo","2024-10","1","1.67","1.33","1.17","69","58.00","4"
"Harbinger Drawstring Bag Rojo","2024-11","4","2.00","1.83","1.42","63","62.33","1"
"Harbinger Drawstring Bag Rojo","2024-12","1","2.00","1.83","1.42","67","66.33","0"
"Harbinger Drawstring Bag Rojo","2025-01","0","1.67","1.67","1.33","94","74.67","5"
"Harbinger Drawstring Bag Rojo","2025-02","5","2.00","2.00","1.67","64","75.00","5"
"Harbinger Drawstring Bag Rojo","2025-03","5","3.33","2.67","2.00","73","77.00","1"
"Harbinger Drawstring Bag Rojo","2025-04","1","3.67","2.67","2.00","60","65.67","1"
"Harbinger Drawstring Bag Rojo","2025-05","1","2.33","2.17","2.00","75","69.33","1"
"Harbinger Drawstring Bag Rojo","2025-06","1","1.00","2.17","2.00","92","75.67","4"
"Harbinger Drawstring Bag Rojo","2025-07","4","2.00","2.83","2.25","76","81.00","1"
"Harbinger Drawstring Bag Rojo","2025-08","1","2.00","2.17","2.08","84","84.00","1"
"Harbinger Drawstring Bag Rojo","2025-09","1","2.00","1.50","2.08","67","75.67","5"
"Harbinger Drawstring Bag Rojo","2025-10","5","2.33","2.17","2.42","65","72.00","3"
"Harbinger Drawstring Bag Rojo","2025-11","3","3.00","2.50","2.33","80","70.67","1"
"Harbinger Drawstring Bag Rojo","2025-12","1","3.00","2.50","2.33","42","62.33","2"
"Harbinger Drawstring Bag Rojo","2026-01","2","2.00","2.17","2.50","68","63.33","6"
"Harbinger Drawstring Bag Rojo","2026-02","6","3.00","3.00","2.58","66","58.67","5"
"Harbinger Drawstring Bag Rojo","2026-03","5","4.33","3.67","2.58","70","68.00","4"
"Harbinger Drawstring Bag Rojo","2026-04","4","5.00","3.50","2.83","58","64.67","13"
"Harbinger Drawstring Bag Rojo","2026-05","13","7.33","5.17","3.83","57","61.67","16"
"Harbinger Duffel Bag Negro","2023-06","2","0.67","1.17","0.92","16","14.00","1"
"Harbinger Duffel Bag Negro","2023-07","1","1.00","1.00","0.83","16","14.00","2"
"Harbinger Duffel Bag Negro","2023-08","2","1.67","1.00","0.92","16","16.00","2"
"Harbinger Duffel Bag Negro","2023-09","2","1.67","1.17","1.08","15","15.67","2"
"Harbinger Duffel Bag Negro","2023-10","2","2.00","1.50","1.25","17","16.00","1"
"Harbinger Duffel Bag Negro","2023-11","1","1.67","1.67","1.33","18","16.67","0"
"Harbinger Duffel Bag Negro","2023-12","0","1.00","1.33","1.25","8","14.33","2"
"Harbinger Duffel Bag Negro","2024-01","2","1.00","1.50","1.25","20","15.33","1"
"Harbinger Duffel Bag Negro","2024-02","1","1.00","1.33","1.17","17","15.00","2"
"Harbinger Duffel Bag Negro","2024-03","2","1.67","1.33","1.25","15","17.33","2"
"Harbinger Duffel Bag Negro","2024-04","2","1.67","1.33","1.42","24","18.67","2"
"Harbinger Duffel Bag Negro","2024-05","2","2.00","1.50","1.58","23","20.67","1"
"Harbinger Duffel Bag Negro","2024-06","1","1.67","1.67","1.50","14","20.33","7"
"Harbinger Duffel Bag Negro","2024-07","7","3.33","2.50","2.00","12","16.33","6"
"Harbinger Duffel Bag Negro","2024-08","6","4.67","3.33","2.33","12","12.67","9"
"Harbinger Duffel Bag Negro","2024-09","9","7.33","4.50","2.92","15","13.00","6"
"Harbinger Duffel Bag Negro","2024-10","6","7.00","5.17","3.25","14","13.67","16"
"Harbinger Duffel Bag Negro","2024-11","16","10.33","7.50","4.50","16","15.00","6"
"Harbinger Duffel Bag Negro","2024-12","6","9.33","8.33","5.00","16","15.33","11"
"Harbinger Duffel Bag Negro","2025-01","11","11.00","9.00","5.75","10","14.00","2"
"Harbinger Duffel Bag Negro","2025-02","2","6.33","8.33","5.83","11","12.33","7"
"Harbinger Duffel Bag Negro","2025-03","7","6.67","8.00","6.25","11","10.67","6"
"Harbinger Duffel Bag Negro","2025-04","6","5.00","8.00","6.58","13","11.67","11"
"Harbinger Duffel Bag Negro","2025-05","11","8.00","7.17","7.33","17","13.67","9"
"Harbinger Duffel Bag Negro","2025-06","9","8.67","7.67","8.00","10","13.33","8"
"Harbinger Duffel Bag Negro","2025-07","8","9.33","7.17","8.08","12","13.00","9"
"Harbinger Duffel Bag Negro","2025-08","9","8.67","8.33","8.33","7","9.67","10"
"Harbinger Duffel Bag Negro","2025-09","10","9.00","8.83","8.42","17","12.00","9"
"Harbinger Duffel Bag Negro","2025-10","9","9.33","9.33","8.67","20","14.67","15"
"Harbinger Duffel Bag Negro","2025-11","15","11.33","10.00","8.58","15","17.33","6"
"Harbinger Duffel Bag Negro","2025-12","6","10.00","9.50","8.58","12","15.67","2"
"Harbinger Duffel Bag Negro","2026-01","2","7.67","8.50","7.83","20","15.67","13"
"Harbinger Duffel Bag Negro","2026-02","13","7.00","9.17","8.75","16","16.00","17"
"Harbinger Duffel Bag Negro","2026-03","17","10.67","10.33","9.58","11","15.67","20"
"Harbinger Duffel Bag Negro","2026-04","20","16.67","12.17","10.75","13","13.33","12"
"Harbinger Duffel Bag Negro","2026-05","12","16.33","11.67","10.83","17","13.67","28"
"Harbinger Durafoam Mat Negro","2023-06","0","2.33","2.67","3.00","18","18.00","3"
"Harbinger Durafoam Mat Negro","2023-07","3","2.33","2.67","3.00","21","19.00","4"
"Harbinger Durafoam Mat Negro","2023-08","4","2.33","2.83","3.17","30","23.00","3"
"Harbinger Durafoam Mat Negro","2023-09","3","3.33","2.83","3.17","29","26.67","5"
"Harbinger Durafoam Mat Negro","2023-10","5","4.00","3.17","3.33","30","29.67","4"
"Harbinger Durafoam Mat Negro","2023-11","4","4.00","3.17","3.33","28","29.00","3"
"Harbinger Durafoam Mat Negro","2023-12","3","4.00","3.67","3.17","20","26.00","5"
"Harbinger Durafoam Mat Negro","2024-01","5","4.00","4.00","3.33","37","28.33","5"
"Harbinger Durafoam Mat Negro","2024-02","5","4.33","4.17","3.50","24","27.00","5"
"Harbinger Durafoam Mat Negro","2024-03","5","5.00","4.50","3.67","37","32.67","5"
"Harbinger Durafoam Mat Negro","2024-04","5","5.00","4.50","3.83","19","26.67","4"
"Harbinger Durafoam Mat Negro","2024-05","4","4.67","4.50","3.83","24","26.67","6"
"Harbinger Durafoam Mat Negro","2024-06","6","5.00","5.00","4.33","20","21.00","3"
"Harbinger Durafoam Mat Negro","2024-07","3","4.33","4.67","4.33","17","20.33","8"
"Harbinger Durafoam Mat Negro","2024-08","8","5.67","5.17","4.67","33","23.33","3"
"Harbinger Durafoam Mat Negro","2024-09","3","4.67","4.83","4.67","20","23.33","4"
"Harbinger Durafoam Mat Negro","2024-10","4","5.00","4.67","4.58","28","27.00","8"
"Harbinger Durafoam Mat Negro","2024-11","8","5.00","5.33","4.92","37","28.33","3"
"Harbinger Durafoam Mat Negro","2024-12","3","5.00","4.83","4.92","25","30.00","6"
"Harbinger Durafoam Mat Negro","2025-01","6","5.67","5.33","5.00","19","27.00","9"
"Harbinger Durafoam Mat Negro","2025-02","9","6.00","5.50","5.33","21","21.67","5"
"Harbinger Durafoam Mat Negro","2025-03","5","6.67","5.83","5.33","34","24.67","11"
"Harbinger Durafoam Mat Negro","2025-04","11","8.33","7.00","5.83","35","30.00","6"
"Harbinger Durafoam Mat Negro","2025-05","6","7.33","6.67","6.00","28","32.33","10"
"Harbinger Durafoam Mat Negro","2025-06","10","9.00","7.83","6.33","29","30.67","7"
"Harbinger Durafoam Mat Negro","2025-07","7","7.67","8.00","6.67","36","31.00","4"
"Harbinger Durafoam Mat Negro","2025-08","4","7.00","7.17","6.33","20","28.33","9"
"Harbinger Durafoam Mat Negro","2025-09","9","6.67","7.83","6.83","36","30.67","6"
"Harbinger Durafoam Mat Negro","2025-10","6","6.33","7.00","7.00","30","28.67","3"
"Harbinger Durafoam Mat Negro","2025-11","3","6.00","6.50","6.58","21","29.00","11"
"Harbinger Durafoam Mat Negro","2025-12","11","6.67","6.67","7.25","37","29.33","5"
"Harbinger Durafoam Mat Negro","2026-01","5","6.33","6.33","7.17","34","30.67","11"
"Harbinger Durafoam Mat Negro","2026-02","11","9.00","7.50","7.33","20","30.33","10"
"Harbinger Durafoam Mat Negro","2026-03","10","8.67","7.67","7.75","25","26.33","21"
"Harbinger Durafoam Mat Negro","2026-04","21","14.00","10.17","8.58","21","22.00","17"
"Harbinger Durafoam Mat Negro","2026-05","17","16.00","12.50","9.50","25","23.67","20"
"Harbinger Elastic Wrist Wraps Negro","2023-06","7","6.00","5.83","6.33","18","15.67","8"
"Harbinger Elastic Wrist Wraps Negro","2023-07","8","6.67","5.83","6.58","19","16.67","6"
"Harbinger Elastic Wrist Wraps Negro","2023-08","6","7.00","6.00","6.42","20","19.00","5"
"Harbinger Elastic Wrist Wraps Negro","2023-09","5","6.33","6.17","6.25","20","19.67","7"
"Harbinger Elastic Wrist Wraps Negro","2023-10","7","6.00","6.33","6.17","17","19.00","8"
"Harbinger Elastic Wrist Wraps Negro","2023-11","8","6.67","6.83","6.42","14","17.00","4"
"Harbinger Elastic Wrist Wraps Negro","2023-12","4","6.33","6.33","6.08","20","17.00","6"
"Harbinger Elastic Wrist Wraps Negro","2024-01","6","6.00","6.00","5.92","25","19.67","7"
"Harbinger Elastic Wrist Wraps Negro","2024-02","7","5.67","6.17","6.08","28","24.33","8"
"Harbinger Elastic Wrist Wraps Negro","2024-03","8","7.00","6.67","6.42","34","29.00","7"
"Harbinger Elastic Wrist Wraps Negro","2024-04","7","7.33","6.67","6.50","13","25.00","6"
"Harbinger Elastic Wrist Wraps Negro","2024-05","6","7.00","6.33","6.58","20","22.33","6"
"Harbinger Elastic Wrist Wraps Negro","2024-06","6","6.33","6.67","6.50","15","16.00","5"
"Harbinger Elastic Wrist Wraps Negro","2024-07","5","5.67","6.50","6.25","15","16.67","5"
"Harbinger Elastic Wrist Wraps Negro","2024-08","5","5.33","6.17","6.17","19","16.33","7"
"Harbinger Elastic Wrist Wraps Negro","2024-09","7","5.67","6.00","6.33","22","18.67","4"
"Harbinger Elastic Wrist Wraps Negro","2024-10","4","5.33","5.50","6.08","12","17.67","10"
"Harbinger Elastic Wrist Wraps Negro","2024-11","10","7.00","6.17","6.25","25","19.67","10"
"Harbinger Elastic Wrist Wraps Negro","2024-12","10","8.00","6.83","6.75","31","22.67","7"
"Harbinger Elastic Wrist Wraps Negro","2025-01","7","9.00","7.17","6.83","24","26.67","12"
"Harbinger Elastic Wrist Wraps Negro","2025-02","12","9.67","8.33","7.25","17","24.00","6"
"Harbinger Elastic Wrist Wraps Negro","2025-03","6","8.33","8.17","7.08","23","21.33","10"
"Harbinger Elastic Wrist Wraps Negro","2025-04","10","9.33","9.17","7.33","18","19.33","11"
"Harbinger Elastic Wrist Wraps Negro","2025-05","11","9.00","9.33","7.75","24","21.67","6"
"Harbinger Elastic Wrist Wraps Negro","2025-06","6","9.00","8.67","7.75","24","22.00","6"
"Harbinger Elastic Wrist Wraps Negro","2025-07","6","7.67","8.50","7.83","26","24.67","9"
"Harbinger Elastic Wrist Wraps Negro","2025-08","9","7.00","8.00","8.17","23","24.33","6"
"Harbinger Elastic Wrist Wraps Negro","2025-09","6","7.00","8.00","8.08","27","25.33","11"
"Harbinger Elastic Wrist Wraps Negro","2025-10","11","8.67","8.17","8.67","22","24.00","10"
"Harbinger Elastic Wrist Wraps Negro","2025-11","10","9.00","8.00","8.67","18","22.33","10"
"Harbinger Elastic Wrist Wraps Negro","2025-12","10","10.33","8.67","8.67","28","22.67","8"
"Harbinger Elastic Wrist Wraps Negro","2026-01","8","9.33","9.00","8.75","27","24.33","6"
"Harbinger Elastic Wrist Wraps Negro","2026-02","6","8.00","8.50","8.25","17","24.00","12"
"Harbinger Elastic Wrist Wraps Negro","2026-03","12","8.67","9.50","8.75","23","22.33","17"
"Harbinger Elastic Wrist Wraps Negro","2026-04","17","11.67","10.50","9.33","19","19.67","23"
"Harbinger Elastic Wrist Wraps Negro","2026-05","23","17.33","12.67","10.33","29","23.67","24"
"Harbinger Elbow Sleeves Negro","2023-06","1","0.33","0.50","0.92","9","6.33","2"
"Harbinger Elbow Sleeves Negro","2023-07","2","1.00","0.67","1.00","10","8.00","0"
"Harbinger Elbow Sleeves Negro","2023-08","0","1.00","0.50","0.92","7","8.67","1"
"Harbinger Elbow Sleeves Negro","2023-09","1","1.00","0.67","0.92","9","8.67","2"
"Harbinger Elbow Sleeves Negro","2023-10","2","1.00","1.00","1.00","12","9.33","1"
"Harbinger Elbow Sleeves Negro","2023-11","1","1.33","1.17","0.92","9","10.00","1"
"Harbinger Elbow Sleeves Negro","2023-12","1","1.33","1.17","0.83","10","10.33","1"
"Harbinger Elbow Sleeves Negro","2024-01","1","1.00","1.00","0.83","6","8.33","1"
"Harbinger Elbow Sleeves Negro","2024-02","1","1.00","1.17","0.83","7","7.67","0"
"Harbinger Elbow Sleeves Negro","2024-03","0","0.67","1.00","0.83","6","6.33","1"
"Harbinger Elbow Sleeves Negro","2024-04","1","0.67","0.83","0.92","10","7.67","0"
"Harbinger Elbow Sleeves Negro","2024-05","0","0.33","0.67","0.92","5","7.00","1"
"Harbinger Elbow Sleeves Negro","2024-06","1","0.67","0.67","0.92","5","6.67","6"
"Harbinger Elbow Sleeves Negro","2024-07","6","2.33","1.50","1.25","5","5.00","2"
"Harbinger Elbow Sleeves Negro","2024-08","2","3.00","1.67","1.42","12","7.33","6"
"Harbinger Elbow Sleeves Negro","2024-09","6","4.67","2.67","1.83","7","8.00","8"
"Harbinger Elbow Sleeves Negro","2024-10","8","5.33","3.83","2.33","7","8.67","11"
"Harbinger Elbow Sleeves Negro","2024-11","11","8.33","5.67","3.17","11","8.33","14"
"Harbinger Elbow Sleeves Negro","2024-12","14","11.00","7.83","4.25","8","8.67","5"
"Harbinger Elbow Sleeves Negro","2025-01","5","10.00","7.67","4.58","9","9.33","10"
"Harbinger Elbow Sleeves Negro","2025-02","10","9.67","9.00","5.33","9","8.67","0"
"Harbinger Elbow Sleeves Negro","2025-03","0","5.00","8.00","5.33","0","6.00","11"
"Harbinger Elbow Sleeves Negro","2025-04","11","7.00","8.50","6.17","9","6.00","0"
"Harbinger Elbow Sleeves Negro","2025-05","0","3.67","6.67","6.17","8","5.67","12"
"Harbinger Elbow Sleeves Negro","2025-06","12","7.67","6.33","7.08","11","9.33","10"
"Harbinger Elbow Sleeves Negro","2025-07","10","7.33","7.17","7.42","6","8.33","9"
"Harbinger Elbow Sleeves Negro","2025-08","9","10.33","7.00","8.00","12","9.67","6"
"Harbinger Elbow Sleeves Negro","2025-09","6","8.33","8.00","8.00","9","9.00","5"
"Harbinger Elbow Sleeves Negro","2025-10","5","6.67","7.00","7.75","8","9.67","5"
"Harbinger Elbow Sleeves Negro","2025-11","5","5.33","7.83","7.25","6","7.67","6"
"Harbinger Elbow Sleeves Negro","2025-12","6","5.33","6.83","6.58","9","7.67","12"
"Harbinger Elbow Sleeves Negro","2026-01","12","7.67","7.17","7.17","8","7.67","2"
"Harbinger Elbow Sleeves Negro","2026-02","2","6.67","6.00","6.50","7","8.00","11"
"Harbinger Elbow Sleeves Negro","2026-03","11","8.33","6.83","7.42","15","10.00","13"
"Harbinger Elbow Sleeves Negro","2026-04","13","8.67","8.17","7.58","8","10.00","7"
"Harbinger Elbow Sleeves Negro","2026-05","7","10.33","8.50","8.17","5","9.33","20"
"Harbinger Figure 8 Lifting Straps Negro","2023-06","4","4.00","3.50","3.33","19","16.00","2"
"Harbinger Figure 8 Lifting Straps Negro","2023-07","2","3.67","3.50","3.33","13","15.00","4"
"Harbinger Figure 8 Lifting Straps Negro","2023-08","4","3.33","3.50","3.33","14","15.33","3"
"Harbinger Figure 8 Lifting Straps Negro","2023-09","3","3.00","3.50","3.25","13","13.33","2"
"Harbinger Figure 8 Lifting Straps Negro","2023-10","2","3.00","3.33","3.08","16","14.33","3"
"Harbinger Figure 8 Lifting Straps Negro","2023-11","3","2.67","3.00","3.08","13","14.00","3"
"Harbinger Figure 8 Lifting Straps Negro","2023-12","3","2.67","2.83","3.17","16","15.00","4"
"Harbinger Figure 8 Lifting Straps Negro","2024-01","4","3.33","3.17","3.33","14","14.33","2"
"Harbinger Figure 8 Lifting Straps Negro","2024-02","2","3.00","2.83","3.17","15","15.00","4"
"Harbinger Figure 8 Lifting Straps Negro","2024-03","4","3.33","3.00","3.25","22","17.00","3"
"Harbinger Figure 8 Lifting Straps Negro","2024-04","3","3.00","3.17","3.25","14","17.00","2"
"Harbinger Figure 8 Lifting Straps Negro","2024-05","2","3.00","3.00","3.00","15","17.00","4"
"Harbinger Figure 8 Lifting Straps Negro","2024-06","4","3.00","3.17","3.00","10","13.00","7"
"Harbinger Figure 8 Lifting Straps Negro","2024-07","7","4.33","3.67","3.42","11","12.00","14"
"Harbinger Figure 8 Lifting Straps Negro","2024-08","14","8.33","5.67","4.25","14","11.67","10"
"Harbinger Figure 8 Lifting Straps Negro","2024-09","10","10.33","6.67","4.83","17","14.00","12"
"Harbinger Figure 8 Lifting Straps Negro","2024-10","12","12.00","8.17","5.67","15","15.33","2"
"Harbinger Figure 8 Lifting Straps Negro","2024-11","2","8.00","8.17","5.58","17","16.33","8"
"Harbinger Figure 8 Lifting Straps Negro","2024-12","8","7.33","8.83","6.00","17","16.33","7"
"Harbinger Figure 8 Lifting Straps Negro","2025-01","7","5.67","8.83","6.25","15","16.33","8"
"Harbinger Figure 8 Lifting Straps Negro","2025-02","8","7.67","7.83","6.75","12","14.67","11"
"Harbinger Figure 8 Lifting Straps Negro","2025-03","11","8.67","8.00","7.33","19","15.33","14"
"Harbinger Figure 8 Lifting Straps Negro","2025-04","14","11.00","8.33","8.25","14","15.00","10"
"Harbinger Figure 8 Lifting Straps Negro","2025-05","10","11.67","9.67","8.92","12","15.00","13"
"Harbinger Figure 8 Lifting Straps Negro","2025-06","13","12.33","10.50","9.67","13","13.00","9"
"Harbinger Figure 8 Lifting Straps Negro","2025-07","9","10.67","10.83","9.83","11","12.00","12"
"Harbinger Figure 8 Lifting Straps Negro","2025-08","12","11.33","11.50","9.67","13","12.33","8"
"Harbinger Figure 8 Lifting Straps Negro","2025-09","8","9.67","11.00","9.50","7","10.33","9"
"Harbinger Figure 8 Lifting Straps Negro","2025-10","9","9.67","10.17","9.25","9","9.67","7"
"Harbinger Figure 8 Lifting Straps Negro","2025-11","7","8.00","9.67","9.67","14","10.00","11"
"Harbinger Figure 8 Lifting Straps Negro","2025-12","11","9.00","9.33","9.92","10","11.00","14"
"Harbinger Figure 8 Lifting Straps Negro","2026-01","14","10.67","10.17","10.50","13","12.33","4"
"Harbinger Figure 8 Lifting Straps Negro","2026-02","4","9.67","8.83","10.17","12","11.67","4"
"Harbinger Figure 8 Lifting Straps Negro","2026-03","4","7.33","8.17","9.58","10","11.67","2"
"Harbinger Figure 8 Lifting Straps Negro","2026-04","2","3.33","7.00","8.58","6","9.33","20"
"Harbinger Figure 8 Lifting Straps Negro","2026-05","20","8.67","9.17","9.42","15","10.33","20"
"Harbinger Foam Core Belt Gris","2023-06","2","2.33","2.50","2.58","22","23.33","3"
"Harbinger Foam Core Belt Gris","2023-07","3","2.67","2.50","2.58","30","25.00","3"
"Harbinger Foam Core Belt Gris","2023-08","3","2.67","2.67","2.67","32","28.00","2"
"Harbinger Foam Core Belt Gris","2023-09","2","2.67","2.50","2.58","17","26.33","3"
"Harbinger Foam Core Belt Gris","2023-10","3","2.67","2.67","2.58","36","28.33","3"
"Harbinger Foam Core Belt Gris","2023-11","3","2.67","2.67","2.67","19","24.00","3"
"Harbinger Foam Core Belt Gris","2023-12","3","3.00","2.83","2.67","24","26.33","3"
"Harbinger Foam Core Belt Gris","2024-01","3","3.00","2.83","2.67","36","26.33","2"
"Harbinger Foam Core Belt Gris","2024-02","2","2.67","2.67","2.67","21","27.00","2"
"Harbinger Foam Core Belt Gris","2024-03","2","2.33","2.67","2.58","19","25.33","2"
"Harbinger Foam Core Belt Gris","2024-04","2","2.00","2.50","2.58","26","22.00","2"
"Harbinger Foam Core Belt Gris","2024-05","2","2.00","2.33","2.50","17","20.67","2"
"Harbinger Foam Core Belt Gris","2024-06","2","2.00","2.17","2.50","29","24.00","2"
"Harbinger Foam Core Belt Gris","2024-07","2","2.00","2.00","2.42","21","22.33","2"
"Harbinger Foam Core Belt Gris","2024-08","2","2.00","2.00","2.33","20","23.33","3"
"Harbinger Foam Core Belt Gris","2024-09","3","2.33","2.17","2.42","28","23.00","6"
"Harbinger Foam Core Belt Gris","2024-10","6","3.67","2.83","2.67","16","21.33","2"
"Harbinger Foam Core Belt Gris","2024-11","2","3.67","2.83","2.58","24","22.67","2"
"Harbinger Foam Core Belt Gris","2024-12","2","3.33","2.83","2.50","28","22.67","2"
"Harbinger Foam Core Belt Gris","2025-01","2","2.00","2.83","2.42","24","25.33","3"
"Harbinger Foam Core Belt Gris","2025-02","3","2.33","3.00","2.50","26","26.00","4"
"Harbinger Foam Core Belt Gris","2025-03","4","3.00","3.17","2.67","21","23.67","2"
"Harbinger Foam Core Belt Gris","2025-04","2","3.00","2.50","2.67","26","24.33","4"
"Harbinger Foam Core Belt Gris","2025-05","4","3.33","2.83","2.83","22","23.00","1"
"Harbinger Foam Core Belt Gris","2025-06","1","2.33","2.67","2.75","12","20.00","2"
"Harbinger Foam Core Belt Gris","2025-07","2","2.33","2.67","2.75","24","19.33","7"
"Harbinger Foam Core Belt Gris","2025-08","7","3.33","3.33","3.17","13","16.33","2"
"Harbinger Foam Core Belt Gris","2025-09","2","3.67","3.00","3.08","21","19.33","6"
"Harbinger Foam Core Belt Gris","2025-10","6","5.00","3.67","3.08","16","16.67","5"
"Harbinger Foam Core Belt Gris","2025-11","5","4.33","3.83","3.33","15","17.33","4"
"Harbinger Foam Core Belt Gris","2025-12","4","5.00","4.33","3.50","17","16.00","5"
"Harbinger Foam Core Belt Gris","2026-01","5","4.67","4.83","3.75","16","16.00","7"
"Harbinger Foam Core Belt Gris","2026-02","7","5.33","4.83","4.08","17","16.67","10"
"Harbinger Foam Core Belt Gris","2026-03","10","7.33","6.17","4.58","13","15.33","10"
"Harbinger Foam Core Belt Gris","2026-04","10","9.00","6.83","5.25","25","18.33","20"
"Harbinger Foam Core Belt Gris","2026-05","20","13.33","9.33","6.58","17","18.33","21"
"Harbinger Forearm Roller Negro","2023-06","2","2.00","2.00","2.25","23","19.00","3"
"Harbinger Forearm Roller Negro","2023-07","3","2.33","2.00","2.25","25","21.67","3"
"Harbinger Forearm Roller Negro","2023-08","3","2.67","2.50","2.33","13","20.33","3"
"Harbinger Forearm Roller Negro","2023-09","3","3.00","2.50","2.33","16","18.00","2"
"Harbinger Forearm Roller Negro","2023-10","2","2.67","2.50","2.33","12","13.67","3"
"Harbinger Forearm Roller Negro","2023-11","3","2.67","2.67","2.33","17","15.00","3"
"Harbinger Forearm Roller Negro","2023-12","3","2.67","2.83","2.42","20","16.33","3"
"Harbinger Forearm Roller Negro","2024-01","3","3.00","2.83","2.42","22","19.67","2"
"Harbinger Forearm Roller Negro","2024-02","2","2.67","2.67","2.58","21","21.00","2"
"Harbinger Forearm Roller Negro","2024-03","2","2.33","2.50","2.50","20","21.00","0"
"Harbinger Forearm Roller Negro","2024-04","0","1.33","2.17","2.33","10","17.00","2"
"Harbinger Forearm Roller Negro","2024-05","2","1.33","2.00","2.33","20","16.67","2"
"Harbinger Forearm Roller Negro","2024-06","2","1.33","1.83","2.33","18","16.00","11"
"Harbinger Forearm Roller Negro","2024-07","11","5.00","3.17","3.00","20","19.33","1"
"Harbinger Forearm Roller Negro","2024-08","1","4.67","3.00","2.83","16","18.00","11"
"Harbinger Forearm Roller Negro","2024-09","11","7.67","4.50","3.50","18","18.00","11"
"Harbinger Forearm Roller Negro","2024-10","11","7.67","6.33","4.25","21","18.33","10"
"Harbinger Forearm Roller Negro","2024-11","10","10.67","7.67","4.83","29","22.67","14"
"Harbinger Forearm Roller Negro","2024-12","14","11.67","9.67","5.75","15","21.67","2"
"Harbinger Forearm Roller Negro","2025-01","2","8.67","8.17","5.67","16","20.00","0"
"Harbinger Forearm Roller Negro","2025-02","0","5.33","8.00","5.50","8","13.00","10"
"Harbinger Forearm Roller Negro","2025-03","10","4.00","7.83","6.17","15","13.00","2"
"Harbinger Forearm Roller Negro","2025-04","2","4.00","6.33","6.33","12","11.67","2"
"Harbinger Forearm Roller Negro","2025-05","2","4.67","5.00","6.33","13","13.33","9"
"Harbinger Forearm Roller Negro","2025-06","9","4.33","4.17","6.92","16","13.67","8"
"Harbinger Forearm Roller Negro","2025-07","8","6.33","5.17","6.67","19","16.00","3"
"Harbinger Forearm Roller Negro","2025-08","3","6.67","5.67","6.83","14","16.33","10"
"Harbinger Forearm Roller Negro","2025-09","10","7.00","5.67","6.75","25","19.33","8"
"Harbinger Forearm Roller Negro","2025-10","8","7.00","6.67","6.50","17","18.67","10"
"Harbinger Forearm Roller Negro","2025-11","10","9.33","8.00","6.50","21","21.00","13"
"Harbinger Forearm Roller Negro","2025-12","13","10.33","8.67","6.42","16","18.00","2"
"Harbinger Forearm Roller Negro","2026-01","2","8.33","7.67","6.42","18","18.33","2"
"Harbinger Forearm Roller Negro","2026-02","2","5.67","7.50","6.58","16","16.67","10"
"Harbinger Forearm Roller Negro","2026-03","10","4.67","7.50","6.58","12","15.33","9"
"Harbinger Forearm Roller Negro","2026-04","9","7.00","7.67","7.17","19","15.67","25"
"Harbinger Forearm Roller Negro","2026-05","25","14.67","10.17","9.08","13","14.67","13"
"Harbinger Gym Towel Negro","2023-06","2","2.00","1.83","1.25","30","29.00","0"
"Harbinger Gym Towel Negro","2023-07","0","1.33","1.67","1.25","13","24.67","2"
"Harbinger Gym Towel Negro","2023-08","2","1.33","1.67","1.42","23","22.00","0"
"Harbinger Gym Towel Negro","2023-09","0","0.67","1.33","1.42","26","20.67","0"
"Harbinger Gym Towel Negro","2023-10","0","0.67","1.00","1.33","18","22.33","2"
"Harbinger Gym Towel Negro","2023-11","2","0.67","1.00","1.42","34","26.00","1"
"Harbinger Gym Towel Negro","2023-12","1","1.00","0.83","1.33","25","25.67","2"
"Harbinger Gym Towel Negro","2024-01","2","1.67","1.17","1.42","30","29.67","2"
"Harbinger Gym Towel Negro","2024-02","2","1.67","1.17","1.42","18","24.33","1"
"Harbinger Gym Towel Negro","2024-03","1","1.67","1.33","1.33","22","23.33","2"
"Harbinger Gym Towel Negro","2024-04","2","1.67","1.67","1.33","28","22.67","0"
"Harbinger Gym Towel Negro","2024-05","0","1.00","1.33","1.17","15","21.67","2"
"Harbinger Gym Towel Negro","2024-06","2","1.33","1.50","1.17","37","26.67","7"
"Harbinger Gym Towel Negro","2024-07","7","3.00","2.33","1.75","25","25.67","4"
"Harbinger Gym Towel Negro","2024-08","4","4.33","2.67","1.92","24","28.67","9"
"Harbinger Gym Towel Negro","2024-09","9","6.67","4.00","2.67","0","16.33","12"
"Harbinger Gym Towel Negro","2024-10","12","8.33","5.67","3.67","40","21.33","2"
"Harbinger Gym Towel Negro","2024-11","2","7.67","6.00","3.67","29","23.00","9"
"Harbinger Gym Towel Negro","2024-12","9","7.67","7.17","4.33","23","30.67","0"
"Harbinger Gym Towel Negro","2025-01","0","3.67","6.00","4.17","17","23.00","6"
"Harbinger Gym Towel Negro","2025-02","6","5.00","6.33","4.50","28","22.67","7"
"Harbinger Gym Towel Negro","2025-03","7","4.33","6.00","5.00","36","27.00","9"
"Harbinger Gym Towel Negro","2025-04","9","7.33","5.50","5.58","31","31.67","9"
"Harbinger Gym Towel Negro","2025-05","9","8.33","6.67","6.33","25","30.67","13"
"Harbinger Gym Towel Negro","2025-06","13","10.33","7.33","7.25","37","31.00","11"
"Harbinger Gym Towel Negro","2025-07","11","11.00","9.17","7.58","23","28.33","3"
"Harbinger Gym Towel Negro","2025-08","3","9.00","8.67","7.50","30","30.00","7"
"Harbinger Gym Towel Negro","2025-09","7","7.00","8.67","7.33","0","17.67","10"
"Harbinger Gym Towel Negro","2025-10","10","6.67","8.83","7.17","30","20.00","5"
"Harbinger Gym Towel Negro","2025-11","5","7.33","8.17","7.42","30","20.00","7"
"Harbinger Gym Towel Negro","2025-12","7","7.33","7.17","7.25","33","31.00","10"
"Harbinger Gym Towel Negro","2026-01","10","7.33","7.00","8.08","22","28.33","10"
"Harbinger Gym Towel Negro","2026-02","10","9.00","8.17","8.42","26","27.00","17"
"Harbinger Gym Towel Negro","2026-03","17","12.33","9.83","9.25","21","23.00","16"
"Harbinger Gym Towel Negro","2026-04","16","14.33","10.83","9.83","30","25.67","31"
"Harbinger Gym Towel Negro","2026-05","31","21.33","15.17","11.67","25","25.33","32"
"Harbinger Hand Grip Trainer Negro","2023-06","3","3.00","3.17","3.00","23","21.00","3"
"Harbinger Hand Grip Trainer Negro","2023-07","3","3.00","3.17","3.08","20","19.33","3"
"Harbinger Hand Grip Trainer Negro","2023-08","3","3.00","3.00","3.00","14","19.00","4"
"Harbinger Hand Grip Trainer Negro","2023-09","4","3.33","3.17","3.08","25","19.67","3"
"Harbinger Hand Grip Trainer Negro","2023-10","3","3.33","3.17","3.33","26","21.67","4"
"Harbinger Hand Grip Trainer Negro","2023-11","4","3.67","3.33","3.25","25","25.33","3"
"Harbinger Hand Grip Trainer Negro","2023-12","3","3.33","3.33","3.25","24","25.00","3"
"Harbinger Hand Grip Trainer Negro","2024-01","3","3.33","3.33","3.25","24","24.33","3"
"Harbinger Hand Grip Trainer Negro","2024-02","3","3.00","3.33","3.17","14","20.67","0"
"Harbinger Hand Grip Trainer Negro","2024-03","0","2.00","2.67","2.92","14","17.33","3"
"Harbinger Hand Grip Trainer Negro","2024-04","3","2.00","2.67","2.92","15","14.33","3"
"Harbinger Hand Grip Trainer Negro","2024-05","3","2.00","2.50","2.92","17","15.33","4"
"Harbinger Hand Grip Trainer Negro","2024-06","4","3.33","2.67","3.00","27","19.67","15"
"Harbinger Hand Grip Trainer Negro","2024-07","15","7.33","4.67","4.00","22","22.00","22"
"Harbinger Hand Grip Trainer Negro","2024-08","22","13.67","7.83","5.58","25","24.67","29"
"Harbinger Hand Grip Trainer Negro","2024-09","29","22.00","12.67","7.67","20","22.33","17"
"Harbinger Hand Grip Trainer Negro","2024-10","17","22.67","15.00","8.83","27","24.00","35"
"Harbinger Hand Grip Trainer Negro","2024-11","35","27.00","20.33","11.42","24","23.67","30"
"Harbinger Hand Grip Trainer Negro","2024-12","30","27.33","24.67","13.67","29","26.67","26"
"Harbinger Hand Grip Trainer Negro","2025-01","26","30.33","26.50","15.58","32","28.33","28"
"Harbinger Hand Grip Trainer Negro","2025-02","28","28.00","27.50","17.67","27","29.33","19"
"Harbinger Hand Grip Trainer Negro","2025-03","19","24.33","25.83","19.25","14","24.33","30"
"Harbinger Hand Grip Trainer Negro","2025-04","30","25.67","28.00","21.50","17","19.33","40"
"Harbinger Hand Grip Trainer Negro","2025-05","40","29.67","28.83","24.58","19","16.67","26"
"Harbinger Hand Grip Trainer Negro","2025-06","26","32.00","28.17","26.42","14","16.67","25"
"Harbinger Hand Grip Trainer Negro","2025-07","25","30.33","28.00","27.25","19","17.33","21"
"Harbinger Hand Grip Trainer Negro","2025-08","21","24.00","26.83","27.17","21","18.00","20"
"Harbinger Hand Grip Trainer Negro","2025-09","20","22.00","27.00","26.42","21","20.33","23"
"Harbinger Hand Grip Trainer Negro","2025-10","23","21.33","25.83","26.92","23","21.67","23"
"Harbinger Hand Grip Trainer Negro","2025-11","23","22.00","23.00","25.92","16","20.00","28"
"Harbinger Hand Grip Trainer Negro","2025-12","28","24.67","23.33","25.75","22","20.33","28"
"Harbinger Hand Grip Trainer Negro","2026-01","28","26.33","23.83","25.92","32","23.33","30"
"Harbinger Hand Grip Trainer Negro","2026-02","30","28.67","25.33","26.08","23","25.67","32"
"Harbinger Hand Grip Trainer Negro","2026-03","32","30.00","27.33","27.17","22","25.67","41"
"Harbinger Hand Grip Trainer Negro","2026-04","41","34.33","30.33","28.08","10","18.33","29"
"Harbinger Hand Grip Trainer Negro","2026-05","29","34.00","31.33","27.17","12","14.67","34"
"Harbinger Hip Band Verde","2023-06","4","2.33","2.83","3.00","33","26.33","3"
"Harbinger Hip Band Verde","2023-07","3","2.33","2.83","3.00","28","27.67","3"
"Harbinger Hip Band Verde","2023-08","3","3.33","2.83","3.00","35","32.00","2"
"Harbinger Hip Band Verde","2023-09","2","2.67","2.50","2.92","19","27.33","4"
"Harbinger Hip Band Verde","2023-10","4","3.00","2.67","3.00","27","27.00","4"
"Harbinger Hip Band Verde","2023-11","4","3.33","3.33","3.00","34","26.67","4"
"Harbinger Hip Band Verde","2023-12","4","4.00","3.33","3.08","40","33.67","3"
"Harbinger Hip Band Verde","2024-01","3","3.67","3.33","3.08","16","30.00","4"
"Harbinger Hip Band Verde","2024-02","4","3.67","3.50","3.17","29","28.33","3"
"Harbinger Hip Band Verde","2024-03","3","3.33","3.67","3.08","19","21.33","0"
"Harbinger Hip Band Verde","2024-04","0","2.33","3.00","2.83","10","19.33","4"
"Harbinger Hip Band Verde","2024-05","4","2.33","3.00","3.17","29","19.33","4"
"Harbinger Hip Band Verde","2024-06","4","2.67","3.00","3.17","21","20.00","9"
"Harbinger Hip Band Verde","2024-07","9","5.67","4.00","3.67","18","22.67","11"
"Harbinger Hip Band Verde","2024-08","11","8.00","5.17","4.33","36","25.00","14"
"Harbinger Hip Band Verde","2024-09","14","11.33","7.00","5.33","29","27.67","12"
"Harbinger Hip Band Verde","2024-10","12","12.33","9.00","6.00","27","30.67","14"
"Harbinger Hip Band Verde","2024-11","14","13.33","10.67","6.83","34","30.00","17"
"Harbinger Hip Band Verde","2024-12","17","14.33","12.83","7.92","20","27.00","11"
"Harbinger Hip Band Verde","2025-01","11","14.00","13.17","8.58","25","26.33","13"
"Harbinger Hip Band Verde","2025-02","13","13.67","13.50","9.33","21","22.00","10"
"Harbinger Hip Band Verde","2025-03","10","11.33","12.83","9.92","26","24.00","12"
"Harbinger Hip Band Verde","2025-04","12","11.67","12.83","10.92","16","21.00","3"
"Harbinger Hip Band Verde","2025-05","3","8.33","11.00","10.83","36","26.00","10"
"Harbinger Hip Band Verde","2025-06","10","8.33","9.83","11.33","27","26.33","12"
"Harbinger Hip Band Verde","2025-07","12","8.33","10.00","11.58","24","29.00","12"
"Harbinger Hip Band Verde","2025-08","12","11.33","9.83","11.67","42","31.00","9"
"Harbinger Hip Band Verde","2025-09","9","11.00","9.67","11.25","25","30.33","14"
"Harbinger Hip Band Verde","2025-10","14","11.67","10.00","11.42","23","30.00","15"
"Harbinger Hip Band Verde","2025-11","15","12.67","12.00","11.50","36","28.00","14"
"Harbinger Hip Band Verde","2025-12","14","14.33","12.67","11.25","23","27.33","13"
"Harbinger Hip Band Verde","2026-01","13","14.00","12.83","11.42","29","29.33","12"
"Harbinger Hip Band Verde","2026-02","12","13.00","12.83","11.33","15","22.33","12"
"Harbinger Hip Band Verde","2026-03","12","12.33","13.33","11.50","30","24.67","16"
"Harbinger Hip Band Verde","2026-04","16","13.33","13.67","11.83","22","22.33","18"
"Harbinger Hip Band Verde","2026-05","18","15.33","14.17","13.08","20","24.00","32"
"Harbinger Knee Sleeves 5mm Negro","2023-06","3","2.67","2.67","2.50","15","17.00","3"
"Harbinger Knee Sleeves 5mm Negro","2023-07","3","3.00","2.67","2.75","20","18.67","3"
"Harbinger Knee Sleeves 5mm Negro","2023-08","3","3.00","2.67","2.75","24","19.67","2"
"Harbinger Knee Sleeves 5mm Negro","2023-09","2","2.67","2.67","2.75","25","23.00","2"
"Harbinger Knee Sleeves 5mm Negro","2023-10","2","2.33","2.67","2.75","17","22.00","3"
"Harbinger Knee Sleeves 5mm Negro","2023-11","3","2.33","2.67","2.67","20","20.67","2"
"Harbinger Knee Sleeves 5mm Negro","2023-12","2","2.33","2.50","2.58","24","20.33","3"
"Harbinger Knee Sleeves 5mm Negro","2024-01","3","2.67","2.50","2.58","23","22.33","2"
"Harbinger Knee Sleeves 5mm Negro","2024-02","2","2.33","2.33","2.50","27","24.67","4"
"Harbinger Knee Sleeves 5mm Negro","2024-03","4","3.00","2.67","2.67","21","23.67","4"
"Harbinger Knee Sleeves 5mm Negro","2024-04","4","3.33","3.00","2.83","17","21.67","3"
"Harbinger Knee Sleeves 5mm Negro","2024-05","3","3.67","3.00","2.83","30","22.67","4"
"Harbinger Knee Sleeves 5mm Negro","2024-06","4","3.67","3.33","2.92","32","26.33","3"
"Harbinger Knee Sleeves 5mm Negro","2024-07","3","3.33","3.33","2.92","26","29.33","5"
"Harbinger Knee Sleeves 5mm Negro","2024-08","5","4.00","3.83","3.08","22","26.67","3"
"Harbinger Knee Sleeves 5mm Negro","2024-09","3","3.67","3.67","3.17","21","23.00","8"
"Harbinger Knee Sleeves 5mm Negro","2024-10","8","5.33","4.33","3.67","36","26.33","3"
"Harbinger Knee Sleeves 5mm Negro","2024-11","3","4.67","4.33","3.67","28","28.33","6"
"Harbinger Knee Sleeves 5mm Negro","2024-12","6","5.67","4.67","4.00","35","33.00","5"
"Harbinger Knee Sleeves 5mm Negro","2025-01","5","4.67","5.00","4.17","26","29.67","3"
"Harbinger Knee Sleeves 5mm Negro","2025-02","3","4.67","4.67","4.25","30","30.33","2"
"Harbinger Knee Sleeves 5mm Negro","2025-03","2","3.33","4.50","4.08","21","25.67","7"
"Harbinger Knee Sleeves 5mm Negro","2025-04","7","4.00","4.33","4.33","33","28.00","0"
"Harbinger Knee Sleeves 5mm Negro","2025-05","0","3.00","3.83","4.08","21","25.00","6"
"Harbinger Knee Sleeves 5mm Negro","2025-06","6","4.33","3.83","4.25","23","25.67","8"
"Harbinger Knee Sleeves 5mm Negro","2025-07","8","4.67","4.33","4.67","30","24.67","5"
"Harbinger Knee Sleeves 5mm Negro","2025-08","5","6.33","4.67","4.67","27","26.67","3"
"Harbinger Knee Sleeves 5mm Negro","2025-09","3","5.33","4.83","4.67","37","31.33","8"
"Harbinger Knee Sleeves 5mm Negro","2025-10","8","5.33","5.00","4.67","37","33.67","4"
"Harbinger Knee Sleeves 5mm Negro","2025-11","4","5.00","5.67","4.75","34","36.00","7"
"Harbinger Knee Sleeves 5mm Negro","2025-12","7","6.33","5.83","4.83","30","33.67","9"
"Harbinger Knee Sleeves 5mm Negro","2026-01","9","6.67","6.00","5.17","35","33.00","4"
"Harbinger Knee Sleeves 5mm Negro","2026-02","4","6.67","5.83","5.25","26","30.33","12"
"Harbinger Knee Sleeves 5mm Negro","2026-03","12","8.33","7.33","6.08","25","28.67","10"
"Harbinger Knee Sleeves 5mm Negro","2026-04","10","8.67","7.67","6.33","37","29.33","7"
"Harbinger Knee Sleeves 5mm Negro","2026-05","7","9.67","8.17","6.92","32","31.33","12"
"Harbinger Lacrosse Massage Ball Negro","2023-06","1","0.67","0.83","1.08","16","20.00","2"
"Harbinger Lacrosse Massage Ball Negro","2023-07","2","1.33","1.17","1.17","30","23.00","1"
"Harbinger Lacrosse Massage Ball Negro","2023-08","1","1.33","1.17","1.17","19","21.67","0"
"Harbinger Lacrosse Massage Ball Negro","2023-09","0","1.00","0.83","1.08","23","24.00","2"
"Harbinger Lacrosse Massage Ball Negro","2023-10","2","1.00","1.17","1.08","23","21.67","1"
"Harbinger Lacrosse Massage Ball Negro","2023-11","1","1.00","1.17","1.00","16","20.67","0"
"Harbinger Lacrosse Massage Ball Negro","2023-12","0","1.00","1.00","0.92","19","19.33","2"
"Harbinger Lacrosse Massage Ball Negro","2024-01","2","1.00","1.00","1.08","19","18.00","1"
"Harbinger Lacrosse Massage Ball Negro","2024-02","1","1.00","1.00","1.08","13","17.00","2"
"Harbinger Lacrosse Massage Ball Negro","2024-03","2","1.67","1.33","1.08","25","19.00","2"
"Harbinger Lacrosse Massage Ball Negro","2024-04","2","1.67","1.33","1.25","29","22.33","2"
"Harbinger Lacrosse Massage Ball Negro","2024-05","2","2.00","1.50","1.33","26","26.67","2"
"Harbinger Lacrosse Massage Ball Negro","2024-06","2","2.00","1.83","1.42","17","24.00","9"
"Harbinger Lacrosse Massage Ball Negro","2024-07","9","4.33","3.00","2.00","26","23.00","10"
"Harbinger Lacrosse Massage Ball Negro","2024-08","10","7.00","4.50","2.75","23","22.00","8"
"Harbinger Lacrosse Massage Ball Negro","2024-09","8","9.00","5.50","3.42","31","26.67","8"
"Harbinger Lacrosse Massage Ball Negro","2024-10","8","8.67","6.50","3.92","18","24.00","7"
"Harbinger Lacrosse Massage Ball Negro","2024-11","7","7.67","7.33","4.42","25","24.67","2"
"Harbinger Lacrosse Massage Ball Negro","2024-12","2","5.67","7.33","4.58","26","23.00","7"
"Harbinger Lacrosse Massage Ball Negro","2025-01","7","5.33","7.00","5.00","16","22.33","10"
"Harbinger Lacrosse Massage Ball Negro","2025-02","10","6.33","7.00","5.75","28","23.33","2"
"Harbinger Lacrosse Massage Ball Negro","2025-03","2","6.33","6.00","5.75","27","23.67","8"
"Harbinger Lacrosse Massage Ball Negro","2025-04","8","6.67","6.00","6.25","26","27.00","6"
"Harbinger Lacrosse Massage Ball Negro","2025-05","6","5.33","5.83","6.58","15","22.67","6"
"Harbinger Lacrosse Massage Ball Negro","2025-06","6","6.67","6.50","6.92","21","20.67","7"
"Harbinger Lacrosse Massage Ball Negro","2025-07","7","6.33","6.50","6.75","19","18.33","7"
"Harbinger Lacrosse Massage Ball Negro","2025-08","7","6.67","6.00","6.50","20","20.00","11"
"Harbinger Lacrosse Massage Ball Negro","2025-09","11","8.33","7.50","6.75","30","23.00","0"
"Harbinger Lacrosse Massage Ball Negro","2025-10","0","6.00","6.17","6.08","23","24.33","3"
"Harbinger Lacrosse Massage Ball Negro","2025-11","3","4.67","5.67","5.75","30","27.67","7"
"Harbinger Lacrosse Massage Ball Negro","2025-12","7","3.33","5.83","6.17","27","26.67","11"
"Harbinger Lacrosse Massage Ball Negro","2026-01","11","7.00","6.50","6.50","27","28.00","9"
"Harbinger Lacrosse Massage Ball Negro","2026-02","9","9.00","6.83","6.42","23","25.67","9"
"Harbinger Lacrosse Massage Ball Negro","2026-03","9","9.67","6.50","7.00","22","24.00","18"
"Harbinger Lacrosse Massage Ball Negro","2026-04","18","12.00","9.50","7.83","23","22.67","5"
"Harbinger Lacrosse Massage Ball Negro","2026-05","5","10.67","9.83","7.75","16","20.33","22"
"Harbinger Lat Pulldown Bar Cromado","2023-06","1","1.00","0.67","0.67","61","58.00","1"
"Harbinger Lat Pulldown Bar Cromado","2023-07","1","1.00","0.83","0.67","38","49.67","1"
"Harbinger Lat Pulldown Bar Cromado","2023-08","1","1.00","1.00","0.67","41","46.67","0"
"Harbinger Lat Pulldown Bar Cromado","2023-09","0","0.67","0.83","0.58","58","45.67","1"
"Harbinger Lat Pulldown Bar Cromado","2023-10","1","0.67","0.83","0.58","63","54.00","1"
"Harbinger Lat Pulldown Bar Cromado","2023-11","1","0.67","0.83","0.67","52","57.67","1"
"Harbinger Lat Pulldown Bar Cromado","2023-12","1","1.00","0.83","0.75","39","51.33","0"
"Harbinger Lat Pulldown Bar Cromado","2024-01","0","0.67","0.67","0.75","0","30.33","0"
"Harbinger Lat Pulldown Bar Cromado","2024-02","0","0.33","0.50","0.75","49","29.33","1"
"Harbinger Lat Pulldown Bar Cromado","2024-03","1","0.33","0.67","0.75","43","30.67","1"
"Harbinger Lat Pulldown Bar Cromado","2024-04","1","0.67","0.67","0.75","38","43.33","1"
"Harbinger Lat Pulldown Bar Cromado","2024-05","1","1.00","0.67","0.75","56","45.67","0"
"Harbinger Lat Pulldown Bar Cromado","2024-06","0","0.67","0.50","0.67","0","31.33","1"
"Harbinger Lat Pulldown Bar Cromado","2024-07","1","0.67","0.67","0.67","61","39.00","0"
"Harbinger Lat Pulldown Bar Cromado","2024-08","0","0.33","0.67","0.58","52","37.67","5"
"Harbinger Lat Pulldown Bar Cromado","2024-09","5","2.00","1.33","1.00","59","57.33","4"
"Harbinger Lat Pulldown Bar Cromado","2024-10","4","3.00","1.83","1.25","74","61.67","0"
"Harbinger Lat Pulldown Bar Cromado","2024-11","0","3.00","1.67","1.17","54","62.33","0"
"Harbinger Lat Pulldown Bar Cromado","2024-12","0","1.33","1.67","1.08","52","60.00","1"
"Harbinger Lat Pulldown Bar Cromado","2025-01","1","0.33","1.67","1.17","50","52.00","4"
"Harbinger Lat Pulldown Bar Cromado","2025-02","4","1.67","2.33","1.50","48","50.00","4"
"Harbinger Lat Pulldown Bar Cromado","2025-03","4","3.00","2.17","1.75","62","53.33","2"
"Harbinger Lat Pulldown Bar Cromado","2025-04","2","3.33","1.83","1.83","55","55.00","1"
"Harbinger Lat Pulldown Bar Cromado","2025-05","1","2.33","2.00","1.83","57","58.00","3"
"Harbinger Lat Pulldown Bar Cromado","2025-06","3","2.00","2.50","2.08","62","58.00","1"
"Harbinger Lat Pulldown Bar Cromado","2025-07","1","1.67","2.50","2.08","44","54.33","3"
"Harbinger Lat Pulldown Bar Cromado","2025-08","3","2.33","2.33","2.33","47","51.00","0"
"Harbinger Lat Pulldown Bar Cromado","2025-09","0","1.33","1.67","1.92","59","50.00","4"
"Harbinger Lat Pulldown Bar Cromado","2025-10","4","2.33","2.00","1.92","50","52.00","1"
"Harbinger Lat Pulldown Bar Cromado","2025-11","1","1.67","2.00","2.00","58","55.67","3"
"Harbinger Lat Pulldown Bar Cromado","2025-12","3","2.67","2.00","2.25","65","57.67","2"
"Harbinger Lat Pulldown Bar Cromado","2026-01","2","2.00","2.17","2.33","57","60.00","1"
"Harbinger Lat Pulldown Bar Cromado","2026-02","1","2.00","1.83","2.08","38","53.33","4"
"Harbinger Lat Pulldown Bar Cromado","2026-03","4","2.33","2.50","2.08","61","52.00","5"
"Harbinger Lat Pulldown Bar Cromado","2026-04","5","3.33","2.67","2.33","42","47.00","11"
"Harbinger Lat Pulldown Bar Cromado","2026-05","11","6.67","4.33","3.17","51","51.33","9"
"Harbinger Lifting Chain Collars Negro","2023-06","1","1.67","1.00","1.08","11","13.67","1"
"Harbinger Lifting Chain Collars Negro","2023-07","1","1.33","1.17","1.08","13","13.00","1"
"Harbinger Lifting Chain Collars Negro","2023-08","1","1.00","1.33","1.08","11","11.67","1"
"Harbinger Lifting Chain Collars Negro","2023-09","1","1.00","1.33","1.08","18","14.00","2"
"Harbinger Lifting Chain Collars Negro","2023-10","2","1.33","1.33","1.17","19","16.00","0"
"Harbinger Lifting Chain Collars Negro","2023-11","0","1.00","1.00","1.00","0","12.33","1"
"Harbinger Lifting Chain Collars Negro","2023-12","1","1.00","1.00","1.00","17","12.00","1"
"Harbinger Lifting Chain Collars Negro","2024-01","1","0.67","1.00","1.08","13","10.00","1"
"Harbinger Lifting Chain Collars Negro","2024-02","1","1.00","1.00","1.17","14","14.67","1"
"Harbinger Lifting Chain Collars Negro","2024-03","1","1.00","1.00","1.17","12","13.00","1"
"Harbinger Lifting Chain Collars Negro","2024-04","1","1.00","0.83","1.08","17","14.33","1"
"Harbinger Lifting Chain Collars Negro","2024-05","1","1.00","1.00","1.00","19","16.00","0"
"Harbinger Lifting Chain Collars Negro","2024-06","0","0.67","0.83","0.92","0","12.00","1"
"Harbinger Lifting Chain Collars Negro","2024-07","1","0.67","0.83","0.92","15","11.33","3"
"Harbinger Lifting Chain Collars Negro","2024-08","3","1.33","1.17","1.08","11","8.67","1"
"Harbinger Lifting Chain Collars Negro","2024-09","1","1.67","1.17","1.08","17","14.33","0"
"Harbinger Lifting Chain Collars Negro","2024-10","0","1.33","1.00","0.92","10","12.67","1"
"Harbinger Lifting Chain Collars Negro","2024-11","1","0.67","1.00","1.00","21","16.00","1"
"Harbinger Lifting Chain Collars Negro","2024-12","1","0.67","1.17","1.00","18","16.33","0"
"Harbinger Lifting Chain Collars Negro","2025-01","0","0.67","1.00","0.92","18","19.00","5"
"Harbinger Lifting Chain Collars Negro","2025-02","5","2.00","1.33","1.25","12","16.00","1"
"Harbinger Lifting Chain Collars Negro","2025-03","1","2.00","1.33","1.25","13","14.33","5"
"Harbinger Lifting Chain Collars Negro","2025-04","5","3.67","2.17","1.58","14","13.00","5"
"Harbinger Lifting Chain Collars Negro","2025-05","5","3.67","2.83","1.92","17","14.67","3"
"Harbinger Lifting Chain Collars Negro","2025-06","3","4.33","3.17","2.17","15","15.33","6"
"Harbinger Lifting Chain Collars Negro","2025-07","6","4.67","4.17","2.58","23","18.33","1"
"Harbinger Lifting Chain Collars Negro","2025-08","1","3.33","3.50","2.42","17","18.33","0"
"Harbinger Lifting Chain Collars Negro","2025-09","0","2.33","3.33","2.33","16","18.67","6"
"Harbinger Lifting Chain Collars Negro","2025-10","6","2.33","3.50","2.83","10","14.33","1"
"Harbinger Lifting Chain Collars Negro","2025-11","1","2.33","2.83","2.83","20","15.33","0"
"Harbinger Lifting Chain Collars Negro","2025-12","0","2.33","2.33","2.75","11","13.67","5"
"Harbinger Lifting Chain Collars Negro","2026-01","5","2.00","2.17","3.17","13","14.67","2"
"Harbinger Lifting Chain Collars Negro","2026-02","2","2.33","2.33","2.92","14","12.67","5"
"Harbinger Lifting Chain Collars Negro","2026-03","5","4.00","3.17","3.25","14","13.67","5"
"Harbinger Lifting Chain Collars Negro","2026-04","5","4.00","3.00","3.25","15","14.33","6"
"Harbinger Lifting Chain Collars Negro","2026-05","6","5.33","3.83","3.33","18","15.67","9"
"Harbinger Liquid Chalk 250 ml Blanco","2023-06","3","3.67","3.50","3.08","29","23.67","3"
"Harbinger Liquid Chalk 250 ml Blanco","2023-07","3","3.33","3.33","3.08","26","25.33","3"
"Harbinger Liquid Chalk 250 ml Blanco","2023-08","3","3.00","3.33","3.08","22","25.67","4"
"Harbinger Liquid Chalk 250 ml Blanco","2023-09","4","3.33","3.50","3.08","25","24.33","5"
"Harbinger Liquid Chalk 250 ml Blanco","2023-10","5","4.00","3.67","3.50","37","28.00","5"
"Harbinger Liquid Chalk 250 ml Blanco","2023-11","5","4.67","3.83","3.75","26","29.33","5"
"Harbinger Liquid Chalk 250 ml Blanco","2023-12","5","5.00","4.17","3.83","22","28.33","5"
"Harbinger Liquid Chalk 250 ml Blanco","2024-01","5","5.00","4.50","3.92","21","23.00","4"
"Harbinger Liquid Chalk 250 ml Blanco","2024-02","4","4.67","4.67","4.00","25","22.67","4"
"Harbinger Liquid Chalk 250 ml Blanco","2024-03","4","4.33","4.67","4.08","23","23.00","4"
"Harbinger Liquid Chalk 250 ml Blanco","2024-04","4","4.00","4.50","4.08","22","23.33","4"
"Harbinger Liquid Chalk 250 ml Blanco","2024-05","4","4.00","4.33","4.08","23","22.67","3"
"Harbinger Liquid Chalk 250 ml Blanco","2024-06","3","3.67","4.00","4.08","20","21.67","5"
"Harbinger Liquid Chalk 250 ml Blanco","2024-07","5","4.00","4.00","4.25","31","24.67","4"
"Harbinger Liquid Chalk 250 ml Blanco","2024-08","4","4.00","4.00","4.33","24","25.00","4"
"Harbinger Liquid Chalk 250 ml Blanco","2024-09","4","4.33","4.00","4.33","17","24.00","9"
"Harbinger Liquid Chalk 250 ml Blanco","2024-10","9","5.67","4.83","4.67","30","23.67","8"
"Harbinger Liquid Chalk 250 ml Blanco","2024-11","8","7.00","5.50","4.92","28","25.00","5"
"Harbinger Liquid Chalk 250 ml Blanco","2024-12","5","7.33","5.83","4.92","36","31.33","8"
"Harbinger Liquid Chalk 250 ml Blanco","2025-01","8","7.00","6.33","5.17","37","33.67","10"
"Harbinger Liquid Chalk 250 ml Blanco","2025-02","10","7.67","7.33","5.67","26","33.00","6"
"Harbinger Liquid Chalk 250 ml Blanco","2025-03","6","8.00","7.67","5.83","34","32.33","7"
"Harbinger Liquid Chalk 250 ml Blanco","2025-04","7","7.67","7.33","6.08","20","26.67","5"
"Harbinger Liquid Chalk 250 ml Blanco","2025-05","5","6.00","6.83","6.17","25","26.33","6"
"Harbinger Liquid Chalk 250 ml Blanco","2025-06","6","6.00","7.00","6.42","28","24.33","8"
"Harbinger Liquid Chalk 250 ml Blanco","2025-07","8","6.33","7.00","6.67","16","23.00","5"
"Harbinger Liquid Chalk 250 ml Blanco","2025-08","5","6.33","6.17","6.75","28","24.00","8"
"Harbinger Liquid Chalk 250 ml Blanco","2025-09","8","7.00","6.50","7.08","33","25.67","5"
"Harbinger Liquid Chalk 250 ml Blanco","2025-10","5","6.00","6.17","6.75","31","30.67","11"
"Harbinger Liquid Chalk 250 ml Blanco","2025-11","11","8.00","7.17","7.00","29","31.00","5"
"Harbinger Liquid Chalk 250 ml Blanco","2025-12","5","7.00","7.00","7.00","31","30.33","7"
"Harbinger Liquid Chalk 250 ml Blanco","2026-01","7","7.67","6.83","6.92","33","31.00","9"
"Harbinger Liquid Chalk 250 ml Blanco","2026-02","9","7.00","7.50","6.83","37","33.67","9"
"Harbinger Liquid Chalk 250 ml Blanco","2026-03","9","8.33","7.67","7.08","25","31.67","8"
"Harbinger Liquid Chalk 250 ml Blanco","2026-04","8","8.67","8.17","7.17","40","34.00","15"
"Harbinger Liquid Chalk 250 ml Blanco","2026-05","15","10.67","8.83","8.00","34","33.00","17"
"Harbinger Massage Roller Negro","2023-06","3","3.33","3.67","3.17","29","23.00","3"
"Harbinger Massage Roller Negro","2023-07","3","3.00","3.50","3.25","20","22.67","4"
"Harbinger Massage Roller Negro","2023-08","4","3.33","3.50","3.33","16","21.67","5"
"Harbinger Massage Roller Negro","2023-09","5","4.00","3.67","3.50","22","19.33","3"
"Harbinger Massage Roller Negro","2023-10","3","4.00","3.50","3.58","18","18.67","4"
"Harbinger Massage Roller Negro","2023-11","4","4.00","3.67","3.67","19","19.67","3"
"Harbinger Massage Roller Negro","2023-12","3","3.33","3.67","3.67","26","21.00","4"
"Harbinger Massage Roller Negro","2024-01","4","3.67","3.83","3.67","23","22.67","4"
"Harbinger Massage Roller Negro","2024-02","4","3.67","3.83","3.67","17","22.00","4"
"Harbinger Massage Roller Negro","2024-03","4","4.00","3.67","3.67","25","21.67","4"
"Harbinger Massage Roller Negro","2024-04","4","4.00","3.83","3.67","29","23.67","4"
"Harbinger Massage Roller Negro","2024-05","4","4.00","3.83","3.75","31","28.33","4"
"Harbinger Massage Roller Negro","2024-06","4","4.00","4.00","3.83","14","24.67","8"
"Harbinger Massage Roller Negro","2024-07","8","5.33","4.67","4.25","18","21.00","3"
"Harbinger Massage Roller Negro","2024-08","3","5.00","4.50","4.17","18","16.67","9"
"Harbinger Massage Roller Negro","2024-09","9","6.67","5.33","4.50","16","17.33","6"
"Harbinger Massage Roller Negro","2024-10","6","6.00","5.67","4.75","13","15.67","14"
"Harbinger Massage Roller Negro","2024-11","14","9.67","7.33","5.58","37","22.00","12"
"Harbinger Massage Roller Negro","2024-12","12","10.67","8.67","6.33","21","23.67","11"
"Harbinger Massage Roller Negro","2025-01","11","12.33","9.17","6.92","25","27.67","10"
"Harbinger Massage Roller Negro","2025-02","10","11.00","10.33","7.42","25","23.67","14"
"Harbinger Massage Roller Negro","2025-03","14","11.67","11.17","8.25","26","25.33","9"
"Harbinger Massage Roller Negro","2025-04","9","11.00","11.67","8.67","34","28.33","12"
"Harbinger Massage Roller Negro","2025-05","12","11.67","11.33","9.33","17","25.67","13"
"Harbinger Massage Roller Negro","2025-06","13","11.33","11.50","10.08","28","26.33","9"
"Harbinger Massage Roller Negro","2025-07","9","11.33","11.17","10.17","31","25.33","14"
"Harbinger Massage Roller Negro","2025-08","14","12.00","11.83","11.08","18","25.67","10"
"Harbinger Massage Roller Negro","2025-09","10","11.00","11.17","11.17","26","25.00","9"
"Harbinger Massage Roller Negro","2025-10","9","11.00","11.17","11.42","31","25.00","12"
"Harbinger Massage Roller Negro","2025-11","12","10.33","11.17","11.25","38","31.67","5"
"Harbinger Massage Roller Negro","2025-12","5","8.67","9.83","10.67","35","34.67","9"
"Harbinger Massage Roller Negro","2026-01","9","8.67","9.83","10.50","28","33.67","13"
"Harbinger Massage Roller Negro","2026-02","13","9.00","9.67","10.75","36","33.00","14"
"Harbinger Massage Roller Negro","2026-03","14","12.00","10.33","10.75","20","28.00","19"
"Harbinger Massage Roller Negro","2026-04","19","15.33","12.00","11.58","30","28.67","18"
"Harbinger Massage Roller Negro","2026-05","18","17.00","13.00","12.08","18","22.67","24"
"Harbinger Mini Band Set Multicolor","2023-06","0","0.67","0.50","0.83","17","17.33","2"
"Harbinger Mini Band Set Multicolor","2023-07","2","0.67","0.83","0.83","22","19.00","1"
"Harbinger Mini Band Set Multicolor","2023-08","1","1.00","0.83","0.83","27","22.00","2"
"Harbinger Mini Band Set Multicolor","2023-09","2","1.67","1.17","1.00","29","26.00","2"
"Harbinger Mini Band Set Multicolor","2023-10","2","1.67","1.17","1.17","29","28.33","0"
"Harbinger Mini Band Set Multicolor","2023-11","0","1.33","1.17","1.00","13","23.67","2"
"Harbinger Mini Band Set Multicolor","2023-12","2","1.33","1.50","1.00","33","25.00","2"
"Harbinger Mini Band Set Multicolor","2024-01","2","1.33","1.50","1.17","28","24.67","1"
"Harbinger Mini Band Set Multicolor","2024-02","1","1.67","1.50","1.17","15","25.33","0"
"Harbinger Mini Band Set Multicolor","2024-03","0","1.00","1.17","1.17","19","20.67","2"
"Harbinger Mini Band Set Multicolor","2024-04","2","1.00","1.17","1.17","18","17.33","2"
"Harbinger Mini Band Set Multicolor","2024-05","2","1.33","1.50","1.33","25","20.67","1"
"Harbinger Mini Band Set Multicolor","2024-06","1","1.67","1.33","1.42","26","23.00","22"
"Harbinger Mini Band Set Multicolor","2024-07","22","8.33","4.67","3.08","17","22.67","28"
"Harbinger Mini Band Set Multicolor","2024-08","28","17.00","9.17","5.33","22","21.67","17"
"Harbinger Mini Band Set Multicolor","2024-09","17","22.33","12.00","6.58","19","19.33","33"
"Harbinger Mini Band Set Multicolor","2024-10","33","26.00","17.17","9.17","27","22.67","27"
"Harbinger Mini Band Set Multicolor","2024-11","27","25.67","21.33","11.42","26","24.00","17"
"Harbinger Mini Band Set Multicolor","2024-12","17","25.67","24.00","12.67","28","27.00","20"
"Harbinger Mini Band Set Multicolor","2025-01","20","21.33","23.67","14.17","27","27.00","34"
"Harbinger Mini Band Set Multicolor","2025-02","34","23.67","24.67","16.92","0","18.33","17"
"Harbinger Mini Band Set Multicolor","2025-03","17","23.67","24.67","18.33","33","20.00","2"
"Harbinger Mini Band Set Multicolor","2025-04","2","17.67","19.50","18.33","23","18.67","30"
"Harbinger Mini Band Set Multicolor","2025-05","30","16.33","20.00","20.67","27","27.67","25"
"Harbinger Mini Band Set Multicolor","2025-06","25","19.00","21.33","22.67","27","25.67","24"
"Harbinger Mini Band Set Multicolor","2025-07","24","26.33","22.00","22.83","27","27.00","34"
"Harbinger Mini Band Set Multicolor","2025-08","34","27.67","22.00","23.33","16","23.33","29"
"Harbinger Mini Band Set Multicolor","2025-09","29","29.00","24.00","24.33","25","22.67","20"
"Harbinger Mini Band Set Multicolor","2025-10","20","27.67","27.00","23.25","23","21.33","26"
"Harbinger Mini Band Set Multicolor","2025-11","26","25.00","26.33","23.17","26","24.67","25"
"Harbinger Mini Band Set Multicolor","2025-12","25","23.67","26.33","23.83","25","24.67","26"
"Harbinger Mini Band Set Multicolor","2026-01","26","25.67","26.67","24.33","40","30.33","32"
"Harbinger Mini Band Set Multicolor","2026-02","32","27.67","26.33","24.17","25","30.00","8"
"Harbinger Mini Band Set Multicolor","2026-03","8","22.00","22.83","23.42","25","30.00","37"
"Harbinger Mini Band Set Multicolor","2026-04","37","25.67","25.67","26.33","33","27.67","51"
"Harbinger Mini Band Set Multicolor","2026-05","51","32.00","29.83","28.08","23","27.00","18"
"Harbinger Padded Cotton Lifting Straps Negro","2023-06","2","2.67","2.67","2.67","21","27.00","3"
"Harbinger Padded Cotton Lifting Straps Negro","2023-07","3","2.67","2.67","2.67","31","26.00","3"
"Harbinger Padded Cotton Lifting Straps Negro","2023-08","3","2.67","2.83","2.75","16","22.67","3"
"Harbinger Padded Cotton Lifting Straps Negro","2023-09","3","3.00","2.83","2.75","30","25.67","2"
"Harbinger Padded Cotton Lifting Straps Negro","2023-10","2","2.67","2.67","2.75","29","25.00","4"
"Harbinger Padded Cotton Lifting Straps Negro","2023-11","4","3.00","2.83","2.83","25","28.00","3"
"Harbinger Padded Cotton Lifting Straps Negro","2023-12","3","3.00","3.00","2.83","27","27.00","3"
"Harbinger Padded Cotton Lifting Straps Negro","2024-01","3","3.33","3.00","2.83","32","28.00","3"
"Harbinger Padded Cotton Lifting Straps Negro","2024-02","3","3.00","3.00","2.92","25","28.00","0"
"Harbinger Padded Cotton Lifting Straps Negro","2024-03","0","2.00","2.50","2.67","19","25.33","3"
"Harbinger Padded Cotton Lifting Straps Negro","2024-04","3","2.00","2.67","2.67","23","22.33","2"
"Harbinger Padded Cotton Lifting Straps Negro","2024-05","2","1.67","2.33","2.58","25","22.33","3"
"Harbinger Padded Cotton Lifting Straps Negro","2024-06","3","2.67","2.33","2.67","30","26.00","13"
"Harbinger Padded Cotton Lifting Straps Negro","2024-07","13","6.00","4.00","3.50","21","25.33","23"
"Harbinger Padded Cotton Lifting Straps Negro","2024-08","23","13.00","7.33","5.17","19","23.33","26"
"Harbinger Padded Cotton Lifting Straps Negro","2024-09","26","20.67","11.67","7.08","29","23.00","27"
"Harbinger Padded Cotton Lifting Straps Negro","2024-10","27","25.33","15.67","9.17","27","25.00","31"
"Harbinger Padded Cotton Lifting Straps Negro","2024-11","31","28.00","20.50","11.42","28","28.00","24"
"Harbinger Padded Cotton Lifting Straps Negro","2024-12","24","27.33","24.00","13.17","24","26.33","32"
"Harbinger Padded Cotton Lifting Straps Negro","2025-01","32","29.00","27.17","15.58","27","26.33","18"
"Harbinger Padded Cotton Lifting Straps Negro","2025-02","18","24.67","26.33","16.83","31","27.33","23"
"Harbinger Padded Cotton Lifting Straps Negro","2025-03","23","24.33","25.83","18.75","30","29.33","24"
"Harbinger Padded Cotton Lifting Straps Negro","2025-04","24","21.67","25.33","20.50","25","28.67","22"
"Harbinger Padded Cotton Lifting Straps Negro","2025-05","22","23.00","23.83","22.17","23","26.00","29"
"Harbinger Padded Cotton Lifting Straps Negro","2025-06","29","25.00","24.67","24.33","21","23.00","22"
"Harbinger Padded Cotton Lifting Straps Negro","2025-07","22","24.33","23.00","25.08","26","23.33","17"
"Harbinger Padded Cotton Lifting Straps Negro","2025-08","17","22.67","22.83","24.58","29","25.33","22"
"Harbinger Padded Cotton Lifting Straps Negro","2025-09","22","20.33","22.67","24.25","24","26.33","20"
"Harbinger Padded Cotton Lifting Straps Negro","2025-10","20","19.67","22.00","23.67","33","28.67","27"
"Harbinger Padded Cotton Lifting Straps Negro","2025-11","27","23.00","22.83","23.33","28","28.33","21"
"Harbinger Padded Cotton Lifting Straps Negro","2025-12","21","22.67","21.50","23.08","19","26.67","18"
"Harbinger Padded Cotton Lifting Straps Negro","2026-01","18","22.00","20.83","21.92","29","25.33","26"
"Harbinger Padded Cotton Lifting Straps Negro","2026-02","26","21.67","22.33","22.58","25","24.33","37"
"Harbinger Padded Cotton Lifting Straps Negro","2026-03","37","27.00","24.83","23.75","29","27.67","28"
"Harbinger Padded Cotton Lifting Straps Negro","2026-04","28","30.33","26.17","24.08","33","29.00","48"
"Harbinger Padded Cotton Lifting Straps Negro","2026-05","48","37.67","29.67","26.25","22","28.00","31"
"Harbinger Power Lifting Belt Negro","2023-06","2","2.00","2.17","2.50","18","21.33","2"
"Harbinger Power Lifting Belt Negro","2023-07","2","2.00","2.17","2.50","20","21.00","2"
"Harbinger Power Lifting Belt Negro","2023-08","2","2.00","2.00","2.42","22","20.00","3"
"Harbinger Power Lifting Belt Negro","2023-09","3","2.33","2.17","2.42","26","22.67","2"
"Harbinger Power Lifting Belt Negro","2023-10","2","2.33","2.17","2.33","22","23.33","3"
"Harbinger Power Lifting Belt Negro","2023-11","3","2.67","2.33","2.33","17","21.67","2"
"Harbinger Power Lifting Belt Negro","2023-12","2","2.33","2.33","2.25","19","19.33","2"
"Harbinger Power Lifting Belt Negro","2024-01","2","2.33","2.33","2.25","17","17.67","2"
"Harbinger Power Lifting Belt Negro","2024-02","2","2.00","2.33","2.17","14","16.67","1"
"Harbinger Power Lifting Belt Negro","2024-03","1","1.67","2.00","2.08","17","16.00","2"
"Harbinger Power Lifting Belt Negro","2024-04","2","1.67","2.00","2.08","24","18.33","2"
"Harbinger Power Lifting Belt Negro","2024-05","2","1.67","1.83","2.08","17","19.33","2"
"Harbinger Power Lifting Belt Negro","2024-06","2","2.00","1.83","2.08","17","19.33","3"
"Harbinger Power Lifting Belt Negro","2024-07","3","2.33","2.00","2.17","19","17.67","2"
"Harbinger Power Lifting Belt Negro","2024-08","2","2.33","2.00","2.17","10","15.33","4"
"Harbinger Power Lifting Belt Negro","2024-09","4","3.00","2.50","2.25","24","17.67","2"
"Harbinger Power Lifting Belt Negro","2024-10","2","2.67","2.50","2.25","14","16.00","6"
"Harbinger Power Lifting Belt Negro","2024-11","6","4.00","3.17","2.50","23","20.33","3"
"Harbinger Power Lifting Belt Negro","2024-12","3","3.67","3.33","2.58","22","19.67","2"
"Harbinger Power Lifting Belt Negro","2025-01","2","3.67","3.17","2.58","25","23.33","5"
"Harbinger Power Lifting Belt Negro","2025-02","5","3.33","3.67","2.83","13","20.00","4"
"Harbinger Power Lifting Belt Negro","2025-03","4","3.67","3.67","3.08","21","19.67","1"
"Harbinger Power Lifting Belt Negro","2025-04","1","3.33","3.50","3.00","20","18.00","3"
"Harbinger Power Lifting Belt Negro","2025-05","3","2.67","3.00","3.08","12","17.67","0"
"Harbinger Power Lifting Belt Negro","2025-06","0","1.33","2.50","2.92","14","15.33","2"
"Harbinger Power Lifting Belt Negro","2025-07","2","1.67","2.50","2.83","17","14.33","4"
"Harbinger Power Lifting Belt Negro","2025-08","4","2.00","2.33","3.00","16","15.67","5"
"Harbinger Power Lifting Belt Negro","2025-09","5","3.67","2.50","3.08","21","18.00","6"
"Harbinger Power Lifting Belt Negro","2025-10","6","5.00","3.33","3.42","21","19.33","3"
"Harbinger Power Lifting Belt Negro","2025-11","3","4.67","3.33","3.17","17","19.67","6"
"Harbinger Power Lifting Belt Negro","2025-12","6","5.00","4.33","3.42","18","18.67","6"
"Harbinger Power Lifting Belt Negro","2026-01","6","5.00","5.00","3.75","19","18.00","6"
"Harbinger Power Lifting Belt Negro","2026-02","6","6.00","5.33","3.83","10","15.67","6"
"Harbinger Power Lifting Belt Negro","2026-03","6","6.00","5.50","4.00","12","13.67","14"
"Harbinger Power Lifting Belt Negro","2026-04","14","8.67","6.83","5.08","16","12.67","21"
"Harbinger Power Lifting Belt Negro","2026-05","21","13.67","9.83","6.58","15","14.33","21"
"Harbinger Pro Wristwrap Gloves Negro","2023-06","1","1.00","0.83","0.92","9","11.67","1"
"Harbinger Pro Wristwrap Gloves Negro","2023-07","1","1.00","1.00","0.92","14","12.33","1"
"Harbinger Pro Wristwrap Gloves Negro","2023-08","1","1.00","1.00","1.00","9","10.67","1"
"Harbinger Pro Wristwrap Gloves Negro","2023-09","1","1.00","1.00","1.00","7","10.00","1"
"Harbinger Pro Wristwrap Gloves Negro","2023-10","1","1.00","1.00","1.00","7","7.67","1"
"Harbinger Pro Wristwrap Gloves Negro","2023-11","1","1.00","1.00","0.92","14","9.33","1"
"Harbinger Pro Wristwrap Gloves Negro","2023-12","1","1.00","1.00","0.92","10","10.33","0"
"Harbinger Pro Wristwrap Gloves Negro","2024-01","0","0.67","0.83","0.92","8","10.67","0"
"Harbinger Pro Wristwrap Gloves Negro","2024-02","0","0.33","0.67","0.83","8","8.67","1"
"Harbinger Pro Wristwrap Gloves Negro","2024-03","1","0.33","0.67","0.83","14","10.00","1"
"Harbinger Pro Wristwrap Gloves Negro","2024-04","1","0.67","0.67","0.83","14","12.00","0"
"Harbinger Pro Wristwrap Gloves Negro","2024-05","0","0.67","0.50","0.75","0","9.33","0"
"Harbinger Pro Wristwrap Gloves Negro","2024-06","0","0.33","0.33","0.67","6","6.67","22"
"Harbinger Pro Wristwrap Gloves Negro","2024-07","22","7.33","4.00","2.42","9","5.00","18"
"Harbinger Pro Wristwrap Gloves Negro","2024-08","18","13.33","7.00","3.83","12","9.00","15"
"Harbinger Pro Wristwrap Gloves Negro","2024-09","15","18.33","9.33","5.00","12","11.00","14"
"Harbinger Pro Wristwrap Gloves Negro","2024-10","14","15.67","11.50","6.08","10","11.33","17"
"Harbinger Pro Wristwrap Gloves Negro","2024-11","17","15.33","14.33","7.42","0","7.33","15"
"Harbinger Pro Wristwrap Gloves Negro","2024-12","15","15.33","16.83","8.58","9","6.33","15"
"Harbinger Pro Wristwrap Gloves Negro","2025-01","15","15.67","15.67","9.83","11","6.67","12"
"Harbinger Pro Wristwrap Gloves Negro","2025-02","12","14.00","14.67","10.83","11","10.33","24"
"Harbinger Pro Wristwrap Gloves Negro","2025-03","24","17.00","16.17","12.75","10","10.67","25"
"Harbinger Pro Wristwrap Gloves Negro","2025-04","25","20.33","18.00","14.75","8","9.67","15"
"Harbinger Pro Wristwrap Gloves Negro","2025-05","15","21.33","17.67","16.00","11","9.67","14"
"Harbinger Pro Wristwrap Gloves Negro","2025-06","14","18.00","17.50","17.17","11","10.00","21"
"Harbinger Pro Wristwrap Gloves Negro","2025-07","21","16.67","18.50","17.08","12","11.33","23"
"Harbinger Pro Wristwrap Gloves Negro","2025-08","23","19.33","20.33","17.50","9","10.67","16"
"Harbinger Pro Wristwrap Gloves Negro","2025-09","16","20.00","19.00","17.58","10","10.33","15"
"Harbinger Pro Wristwrap Gloves Negro","2025-10","15","18.00","17.33","17.67","7","8.67","14"
"Harbinger Pro Wristwrap Gloves Negro","2025-11","14","15.00","17.17","17.42","13","10.00","15"
"Harbinger Pro Wristwrap Gloves Negro","2025-12","15","14.67","17.33","17.42","10","10.00","18"
"Harbinger Pro Wristwrap Gloves Negro","2026-01","18","15.67","16.83","17.67","10","11.00","20"
"Harbinger Pro Wristwrap Gloves Negro","2026-02","20","17.67","16.33","18.33","9","9.67","21"
"Harbinger Pro Wristwrap Gloves Negro","2026-03","21","19.67","17.17","18.08","9","9.33","41"
"Harbinger Pro Wristwrap Gloves Negro","2026-04","41","27.33","21.50","19.42","6","8.00","39"
"Harbinger Pro Wristwrap Gloves Negro","2026-05","39","33.67","25.67","21.42","6","7.00","38"
"Harbinger Push Up Pro Handles Negro","2023-06","2","1.00","1.00","1.00","31","22.33","0"
"Harbinger Push Up Pro Handles Negro","2023-07","0","0.67","0.67","0.92","18","23.00","1"
"Harbinger Push Up Pro Handles Negro","2023-08","1","1.00","0.67","1.00","18","22.33","1"
"Harbinger Push Up Pro Handles Negro","2023-09","1","0.67","0.83","1.08","29","21.67","1"
"Harbinger Push Up Pro Handles Negro","2023-10","1","1.00","0.83","1.00","35","27.33","2"
"Harbinger Push Up Pro Handles Negro","2023-11","2","1.33","1.17","1.00","29","31.00","2"
"Harbinger Push Up Pro Handles Negro","2023-12","2","1.67","1.17","1.08","26","30.00","1"
"Harbinger Push Up Pro Handles Negro","2024-01","1","1.67","1.33","1.00","30","28.33","2"
"Harbinger Push Up Pro Handles Negro","2024-02","2","1.67","1.50","1.08","32","29.33","2"
"Harbinger Push Up Pro Handles Negro","2024-03","2","1.67","1.67","1.25","24","28.67","1"
"Harbinger Push Up Pro Handles Negro","2024-04","1","1.67","1.67","1.25","27","27.67","2"
"Harbinger Push Up Pro Handles Negro","2024-05","2","1.67","1.67","1.42","21","24.00","1"
"Harbinger Push Up Pro Handles Negro","2024-06","1","1.33","1.50","1.33","31","26.33","5"
"Harbinger Push Up Pro Handles Negro","2024-07","5","2.67","2.17","1.75","28","26.67","3"
"Harbinger Push Up Pro Handles Negro","2024-08","3","3.00","2.33","1.92","21","26.67","5"
"Harbinger Push Up Pro Handles Negro","2024-09","5","4.33","2.83","2.25","35","28.00","2"
"Harbinger Push Up Pro Handles Negro","2024-10","2","3.33","3.00","2.33","32","29.33","7"
"Harbinger Push Up Pro Handles Negro","2024-11","7","4.67","3.83","2.75","42","36.33","7"
"Harbinger Push Up Pro Handles Negro","2024-12","7","5.33","4.83","3.17","24","32.67","0"
"Harbinger Push Up Pro Handles Negro","2025-01","0","4.67","4.00","3.08","21","29.00","5"
"Harbinger Push Up Pro Handles Negro","2025-02","5","4.00","4.33","3.33","26","23.67","0"
"Harbinger Push Up Pro Handles Negro","2025-03","0","1.67","3.50","3.17","30","25.67","1"
"Harbinger Push Up Pro Handles Negro","2025-04","1","2.00","3.33","3.17","31","29.00","7"
"Harbinger Push Up Pro Handles Negro","2025-05","7","2.67","3.33","3.58","37","32.67","4"
"Harbinger Push Up Pro Handles Negro","2025-06","4","4.00","2.83","3.83","35","34.33","4"
"Harbinger Push Up Pro Handles Negro","2025-07","4","5.00","3.50","3.75","42","38.00","2"
"Harbinger Push Up Pro Handles Negro","2025-08","2","3.33","3.00","3.67","29","35.33","6"
"Harbinger Push Up Pro Handles Negro","2025-09","6","4.00","4.00","3.75","31","34.00","8"
"Harbinger Push Up Pro Handles Negro","2025-10","8","5.33","5.17","4.25","34","31.33","1"
"Harbinger Push Up Pro Handles Negro","2025-11","1","5.00","4.17","3.75","23","29.33","2"
"Harbinger Push Up Pro Handles Negro","2025-12","2","3.67","3.83","3.33","23","26.67","5"
"Harbinger Push Up Pro Handles Negro","2026-01","5","2.67","4.00","3.75","38","28.00","3"
"Harbinger Push Up Pro Handles Negro","2026-02","3","3.33","4.17","3.58","0","20.33","3"
"Harbinger Push Up Pro Handles Negro","2026-03","3","3.67","3.67","3.83","37","25.00","9"
"Harbinger Push Up Pro Handles Negro","2026-04","9","5.00","3.83","4.50","50","29.00","12"
"Harbinger Push Up Pro Handles Negro","2026-05","12","8.00","5.67","4.92","32","39.67","3"
"Harbinger Red Line Knee Wraps Rojo","2023-06","3","3.00","3.17","3.25","15","18.67","3"
"Harbinger Red Line Knee Wraps Rojo","2023-07","3","3.00","3.17","3.17","22","19.33","3"
"Harbinger Red Line Knee Wraps Rojo","2023-08","3","3.00","3.00","3.42","13","16.67","3"
"Harbinger Red Line Knee Wraps Rojo","2023-09","3","3.00","3.00","3.42","20","18.33","3"
"Harbinger Red Line Knee Wraps Rojo","2023-10","3","3.00","3.00","3.33","27","20.00","6"
"Harbinger Red Line Knee Wraps Rojo","2023-11","6","4.00","3.50","3.42","27","24.67","3"
"Harbinger Red Line Knee Wraps Rojo","2023-12","3","4.00","3.50","3.33","26","26.67","5"
"Harbinger Red Line Knee Wraps Rojo","2024-01","5","4.67","3.83","3.50","31","28.00","4"
"Harbinger Red Line Knee Wraps Rojo","2024-02","4","4.00","4.00","3.50","19","25.33","4"
"Harbinger Red Line Knee Wraps Rojo","2024-03","4","4.33","4.17","3.58","27","25.67","4"
"Harbinger Red Line Knee Wraps Rojo","2024-04","4","4.00","4.33","3.67","29","25.00","3"
"Harbinger Red Line Knee Wraps Rojo","2024-05","3","3.67","3.83","3.67","20","25.33","4"
"Harbinger Red Line Knee Wraps Rojo","2024-06","4","3.67","4.00","3.75","20","23.00","11"
"Harbinger Red Line Knee Wraps Rojo","2024-07","11","6.00","5.00","4.42","29","23.00","14"
"Harbinger Red Line Knee Wraps Rojo","2024-08","14","9.67","6.67","5.33","29","26.00","11"
"Harbinger Red Line Knee Wraps Rojo","2024-09","11","12.00","7.83","6.00","19","25.67","10"
"Harbinger Red Line Knee Wraps Rojo","2024-10","10","11.67","8.83","6.58","28","25.33","3"
"Harbinger Red Line Knee Wraps Rojo","2024-11","3","8.00","8.83","6.33","21","22.67","3"
"Harbinger Red Line Knee Wraps Rojo","2024-12","3","5.33","8.67","6.33","21","23.33","12"
"Harbinger Red Line Knee Wraps Rojo","2025-01","12","6.00","8.83","6.92","20","20.67","12"
"Harbinger Red Line Knee Wraps Rojo","2025-02","12","9.00","8.50","7.58","17","19.33","10"
"Harbinger Red Line Knee Wraps Rojo","2025-03","10","11.33","8.33","8.08","18","18.33","14"
"Harbinger Red Line Knee Wraps Rojo","2025-04","14","12.00","9.00","8.92","27","20.67","12"
"Harbinger Red Line Knee Wraps Rojo","2025-05","12","12.00","10.50","9.67","26","23.67","9"
"Harbinger Red Line Knee Wraps Rojo","2025-06","9","11.67","11.50","10.08","20","24.33","3"
"Harbinger Red Line Knee Wraps Rojo","2025-07","3","8.00","10.00","9.42","22","22.67","11"
"Harbinger Red Line Knee Wraps Rojo","2025-08","11","7.67","9.83","9.17","23","21.67","11"
"Harbinger Red Line Knee Wraps Rojo","2025-09","11","8.33","10.00","9.17","25","23.33","13"
"Harbinger Red Line Knee Wraps Rojo","2025-10","13","11.67","9.83","9.42","18","22.00","9"
"Harbinger Red Line Knee Wraps Rojo","2025-11","9","11.00","9.33","9.92","26","23.00","9"
"Harbinger Red Line Knee Wraps Rojo","2025-12","9","10.33","9.33","10.42","30","24.67","16"
"Harbinger Red Line Knee Wraps Rojo","2026-01","16","11.33","11.50","10.75","26","27.33","10"
"Harbinger Red Line Knee Wraps Rojo","2026-02","10","11.67","11.33","10.58","19","25.00","11"
"Harbinger Red Line Knee Wraps Rojo","2026-03","11","12.33","11.33","10.67","14","19.67","27"
"Harbinger Red Line Knee Wraps Rojo","2026-04","27","16.00","13.67","11.75","24","19.00","36"
"Harbinger Red Line Knee Wraps Rojo","2026-05","36","24.67","18.17","13.75","25","21.00","25"
"Harbinger Resistance Band Heavy Negro","2023-06","1","0.33","0.67","0.67","71","62.67","1"
"Harbinger Resistance Band Heavy Negro","2023-07","1","0.67","0.67","0.67","70","69.33","1"
"Harbinger Resistance Band Heavy Negro","2023-08","1","1.00","0.67","0.75","83","74.67","1"
"Harbinger Resistance Band Heavy Negro","2023-09","1","1.00","0.67","0.75","54","69.00","0"
"Harbinger Resistance Band Heavy Negro","2023-10","0","0.67","0.67","0.67","52","63.00","1"
"Harbinger Resistance Band Heavy Negro","2023-11","1","0.67","0.83","0.75","59","55.00","0"
"Harbinger Resistance Band Heavy Negro","2023-12","0","0.33","0.67","0.67","56","55.67","0"
"Harbinger Resistance Band Heavy Negro","2024-01","0","0.33","0.50","0.58","46","53.67","0"
"Harbinger Resistance Band Heavy Negro","2024-02","0","0.00","0.33","0.50","45","49.00","1"
"Harbinger Resistance Band Heavy Negro","2024-03","1","0.33","0.33","0.50","39","43.33","0"
"Harbinger Resistance Band Heavy Negro","2024-04","0","0.33","0.33","0.50","54","46.00","0"
"Harbinger Resistance Band Heavy Negro","2024-05","0","0.33","0.17","0.50","66","53.00","1"
"Harbinger Resistance Band Heavy Negro","2024-06","1","0.33","0.33","0.50","63","61.00","15"
"Harbinger Resistance Band Heavy Negro","2024-07","15","5.33","2.83","1.67","76","68.33","1"
"Harbinger Resistance Band Heavy Negro","2024-08","1","5.67","3.00","1.67","64","67.67","20"
"Harbinger Resistance Band Heavy Negro","2024-09","20","12.00","6.17","3.25","57","65.67","17"
"Harbinger Resistance Band Heavy Negro","2024-10","17","12.67","9.00","4.67","50","57.00","27"
"Harbinger Resistance Band Heavy Negro","2024-11","27","21.33","13.50","6.83","59","55.33","22"
"Harbinger Resistance Band Heavy Negro","2024-12","22","22.00","17.00","8.67","65","58.00","24"
"Harbinger Resistance Band Heavy Negro","2025-01","24","24.33","18.50","10.67","73","65.67","16"
"Harbinger Resistance Band Heavy Negro","2025-02","16","20.67","21.00","12.00","45","61.00","15"
"Harbinger Resistance Band Heavy Negro","2025-03","15","18.33","20.17","13.17","49","55.67","18"
"Harbinger Resistance Band Heavy Negro","2025-04","18","16.33","20.33","14.67","66","53.33","24"
"Harbinger Resistance Band Heavy Negro","2025-05","24","19.00","19.83","16.67","75","63.33","19"
"Harbinger Resistance Band Heavy Negro","2025-06","19","20.33","19.33","18.17","69","70.00","12"
"Harbinger Resistance Band Heavy Negro","2025-07","12","18.33","17.33","17.92","0","48.00","22"
"Harbinger Resistance Band Heavy Negro","2025-08","22","17.67","18.33","19.67","69","46.00","19"
"Harbinger Resistance Band Heavy Negro","2025-09","19","17.67","19.00","19.58","57","42.00","23"
"Harbinger Resistance Band Heavy Negro","2025-10","23","21.33","19.83","20.08","34","53.33","26"
"Harbinger Resistance Band Heavy Negro","2025-11","26","22.67","20.17","20.00","55","48.67","21"
"Harbinger Resistance Band Heavy Negro","2025-12","21","23.33","20.50","19.92","69","52.67","29"
"Harbinger Resistance Band Heavy Negro","2026-01","29","25.33","23.33","20.33","46","56.67","18"
"Harbinger Resistance Band Heavy Negro","2026-02","18","22.67","22.67","20.50","61","58.67","26"
"Harbinger Resistance Band Heavy Negro","2026-03","26","24.33","23.83","21.42","0","35.67","21"
"Harbinger Resistance Band Heavy Negro","2026-04","21","21.67","23.50","21.67","49","36.67","29"
"Harbinger Resistance Band Heavy Negro","2026-05","29","25.33","24.00","22.08","55","34.67","44"
"Harbinger Resistance Band Light Amarillo","2023-06","4","5.33","5.67","5.92","29","40.67","4"
"Harbinger Resistance Band Light Amarillo","2023-07","4","5.00","5.33","5.75","27","33.00","7"
"Harbinger Resistance Band Light Amarillo","2023-08","7","5.00","5.33","6.00","31","29.00","8"
"Harbinger Resistance Band Light Amarillo","2023-09","8","6.33","5.83","6.25","46","34.67","7"
"Harbinger Resistance Band Light Amarillo","2023-10","7","7.33","6.17","6.08","37","38.00","7"
"Harbinger Resistance Band Light Amarillo","2023-11","7","7.33","6.17","6.33","38","40.33","8"
"Harbinger Resistance Band Light Amarillo","2023-12","8","7.33","6.83","6.25","43","39.33","10"
"Harbinger Resistance Band Light Amarillo","2024-01","10","8.33","7.83","6.58","61","47.33","5"
"Harbinger Resistance Band Light Amarillo","2024-02","5","7.67","7.50","6.42","22","42.00","4"
"Harbinger Resistance Band Light Amarillo","2024-03","4","6.33","6.83","6.33","36","39.67","5"
"Harbinger Resistance Band Light Amarillo","2024-04","5","4.67","6.50","6.33","34","30.67","6"
"Harbinger Resistance Band Light Amarillo","2024-05","6","5.00","6.33","6.25","44","38.00","6"
"Harbinger Resistance Band Light Amarillo","2024-06","6","5.67","6.00","6.42","33","37.00","12"
"Harbinger Resistance Band Light Amarillo","2024-07","12","8.00","6.33","7.08","42","39.67","8"
"Harbinger Resistance Band Light Amarillo","2024-08","8","8.67","6.83","7.17","26","33.67","7"
"Harbinger Resistance Band Light Amarillo","2024-09","7","9.00","7.33","7.08","43","37.00","15"
"Harbinger Resistance Band Light Amarillo","2024-10","15","10.00","9.00","7.75","39","36.00","15"
"Harbinger Resistance Band Light Amarillo","2024-11","15","12.33","10.50","8.42","40","40.67","13"
"Harbinger Resistance Band Light Amarillo","2024-12","13","14.33","11.67","8.83","40","39.67","13"
"Harbinger Resistance Band Light Amarillo","2025-01","13","13.67","11.83","9.08","52","44.00","15"
"Harbinger Resistance Band Light Amarillo","2025-02","15","13.67","13.00","9.92","48","46.67","9"
"Harbinger Resistance Band Light Amarillo","2025-03","9","12.33","13.33","10.33","20","40.00","12"
"Harbinger Resistance Band Light Amarillo","2025-04","12","12.00","12.83","10.92","26","31.33","13"
"Harbinger Resistance Band Light Amarillo","2025-05","13","11.33","12.50","11.50","23","23.00","12"
"Harbinger Resistance Band Light Amarillo","2025-06","12","12.33","12.33","12.00","30","26.33","13"
"Harbinger Resistance Band Light Amarillo","2025-07","13","12.67","12.33","12.08","24","25.67","12"
"Harbinger Resistance Band Light Amarillo","2025-08","12","12.33","11.83","12.42","57","37.00","11"
"Harbinger Resistance Band Light Amarillo","2025-09","11","12.00","12.17","12.75","28","36.33","13"
"Harbinger Resistance Band Light Amarillo","2025-10","13","12.00","12.33","12.58","38","41.00","6"
"Harbinger Resistance Band Light Amarillo","2025-11","6","10.00","11.17","11.83","35","33.67","15"
"Harbinger Resistance Band Light Amarillo","2025-12","15","11.33","11.67","12.00","33","35.33","18"
"Harbinger Resistance Band Light Amarillo","2026-01","18","13.00","12.50","12.42","51","39.67","6"
"Harbinger Resistance Band Light Amarillo","2026-02","6","13.00","11.50","11.67","43","42.33","14"
"Harbinger Resistance Band Light Amarillo","2026-03","14","12.67","12.00","12.08","38","44.00","17"
"Harbinger Resistance Band Light Amarillo","2026-04","17","12.33","12.67","12.50","23","34.67","30"
"Harbinger Resistance Band Light Amarillo","2026-05","30","20.33","16.67","13.92","43","34.67","27"
"Harbinger Resistance Band Medium Rojo","2023-06","4","3.67","3.83","4.00","13","12.67","3"
"Harbinger Resistance Band Medium Rojo","2023-07","3","3.33","3.50","3.92","13","11.67","3"
"Harbinger Resistance Band Medium Rojo","2023-08","3","3.33","3.50","3.92","8","11.33","3"
"Harbinger Resistance Band Medium Rojo","2023-09","3","3.00","3.33","3.83","14","11.67","3"
"Harbinger Resistance Band Medium Rojo","2023-10","3","3.00","3.17","3.58","18","13.33","3"
"Harbinger Resistance Band Medium Rojo","2023-11","3","3.00","3.17","3.42","13","15.00","4"
"Harbinger Resistance Band Medium Rojo","2023-12","4","3.33","3.17","3.50","12","14.33","3"
"Harbinger Resistance Band Medium Rojo","2024-01","3","3.33","3.17","3.33","12","12.33","3"
"Harbinger Resistance Band Medium Rojo","2024-02","3","3.33","3.17","3.33","14","12.67","4"
"Harbinger Resistance Band Medium Rojo","2024-03","4","3.33","3.33","3.33","16","14.00","3"
"Harbinger Resistance Band Medium Rojo","2024-04","3","3.33","3.33","3.25","13","14.33","3"
"Harbinger Resistance Band Medium Rojo","2024-05","3","3.33","3.33","3.25","16","15.00","3"
"Harbinger Resistance Band Medium Rojo","2024-06","3","3.00","3.17","3.17","12","13.67","5"
"Harbinger Resistance Band Medium Rojo","2024-07","5","3.67","3.50","3.33","10","12.67","5"
"Harbinger Resistance Band Medium Rojo","2024-08","5","4.33","3.83","3.50","12","11.33","8"
"Harbinger Resistance Band Medium Rojo","2024-09","8","6.00","4.50","3.92","16","12.67","6"
"Harbinger Resistance Band Medium Rojo","2024-10","6","6.33","5.00","4.17","14","14.00","8"
"Harbinger Resistance Band Medium Rojo","2024-11","8","7.33","5.83","4.58","15","15.00","8"
"Harbinger Resistance Band Medium Rojo","2024-12","8","7.33","6.67","4.92","13","14.00","7"
"Harbinger Resistance Band Medium Rojo","2025-01","7","7.67","7.00","5.25","14","14.00","3"
"Harbinger Resistance Band Medium Rojo","2025-02","3","6.00","6.67","5.25","7","11.33","3"
"Harbinger Resistance Band Medium Rojo","2025-03","3","4.33","5.83","5.17","14","11.67","5"
"Harbinger Resistance Band Medium Rojo","2025-04","5","3.67","5.67","5.33","14","11.67","4"
"Harbinger Resistance Band Medium Rojo","2025-05","4","4.00","5.00","5.42","13","13.67","3"
"Harbinger Resistance Band Medium Rojo","2025-06","3","4.00","4.17","5.42","8","11.67","7"
"Harbinger Resistance Band Medium Rojo","2025-07","7","4.67","4.17","5.58","10","10.33","4"
"Harbinger Resistance Band Medium Rojo","2025-08","4","4.67","4.33","5.50","18","12.00","6"
"Harbinger Resistance Band Medium Rojo","2025-09","6","5.67","4.83","5.33","8","12.00","2"
"Harbinger Resistance Band Medium Rojo","2025-10","2","4.00","4.33","5.00","10","12.00","4"
"Harbinger Resistance Band Medium Rojo","2025-11","4","4.00","4.33","4.67","18","12.00","5"
"Harbinger Resistance Band Medium Rojo","2025-12","5","3.67","4.67","4.42","17","15.00","6"
"Harbinger Resistance Band Medium Rojo","2026-01","6","5.00","4.50","4.33","11","15.33","7"
"Harbinger Resistance Band Medium Rojo","2026-02","7","6.00","5.00","4.67","20","16.00","9"
"Harbinger Resistance Band Medium Rojo","2026-03","9","7.33","5.50","5.17","13","14.67","10"
"Harbinger Resistance Band Medium Rojo","2026-04","10","8.67","6.83","5.58","17","16.67","13"
"Harbinger Resistance Band Medium Rojo","2026-05","13","10.67","8.33","6.33","14","14.67","26"
"Harbinger Shaker Bottle 700 ml Negro","2023-06","2","2.00","2.00","1.92","17","22.33","2"
"Harbinger Shaker Bottle 700 ml Negro","2023-07","2","2.00","1.83","1.92","30","23.67","2"
"Harbinger Shaker Bottle 700 ml Negro","2023-08","2","2.00","1.83","1.92","30","25.67","3"
"Harbinger Shaker Bottle 700 ml Negro","2023-09","3","2.33","2.17","1.92","28","29.33","2"
"Harbinger Shaker Bottle 700 ml Negro","2023-10","2","2.33","2.17","1.92","28","28.67","3"
"Harbinger Shaker Bottle 700 ml Negro","2023-11","3","2.67","2.33","2.00","21","25.67","2"
"Harbinger Shaker Bottle 700 ml Negro","2023-12","2","2.33","2.33","2.17","28","25.67","2"
"Harbinger Shaker Bottle 700 ml Negro","2024-01","2","2.33","2.33","2.08","18","22.33","2"
"Harbinger Shaker Bottle 700 ml Negro","2024-02","2","2.00","2.33","2.08","19","21.67","2"
"Harbinger Shaker Bottle 700 ml Negro","2024-03","2","2.00","2.17","2.17","26","21.00","2"
"Harbinger Shaker Bottle 700 ml Negro","2024-04","2","2.00","2.17","2.17","19","21.33","2"
"Harbinger Shaker Bottle 700 ml Negro","2024-05","2","2.00","2.00","2.17","27","24.00","2"
"Harbinger Shaker Bottle 700 ml Negro","2024-06","2","2.00","2.00","2.17","27","24.33","2"
"Harbinger Shaker Bottle 700 ml Negro","2024-07","2","2.00","2.00","2.17","18","24.00","4"
"Harbinger Shaker Bottle 700 ml Negro","2024-08","4","2.67","2.33","2.33","28","24.33","7"
"Harbinger Shaker Bottle 700 ml Negro","2024-09","7","4.33","3.17","2.67","32","26.00","5"
"Harbinger Shaker Bottle 700 ml Negro","2024-10","5","5.33","3.67","2.92","24","28.00","4"
"Harbinger Shaker Bottle 700 ml Negro","2024-11","4","5.33","4.00","3.00","30","28.67","3"
"Harbinger Shaker Bottle 700 ml Negro","2024-12","3","4.00","4.17","3.08","31","28.33","6"
"Harbinger Shaker Bottle 700 ml Negro","2025-01","6","4.33","4.83","3.42","31","30.67","2"
"Harbinger Shaker Bottle 700 ml Negro","2025-02","2","3.67","4.50","3.42","28","30.00","0"
"Harbinger Shaker Bottle 700 ml Negro","2025-03","0","2.67","3.33","3.25","20","26.33","2"
"Harbinger Shaker Bottle 700 ml Negro","2025-04","2","1.33","2.83","3.25","28","25.33","2"
"Harbinger Shaker Bottle 700 ml Negro","2025-05","2","1.33","2.50","3.25","22","23.33","1"
"Harbinger Shaker Bottle 700 ml Negro","2025-06","1","1.67","2.17","3.17","19","23.00","5"
"Harbinger Shaker Bottle 700 ml Negro","2025-07","5","2.67","2.00","3.42","28","23.00","2"
"Harbinger Shaker Bottle 700 ml Negro","2025-08","2","2.67","2.00","3.25","23","23.33","6"
"Harbinger Shaker Bottle 700 ml Negro","2025-09","6","4.33","3.00","3.17","26","25.67","5"
"Harbinger Shaker Bottle 700 ml Negro","2025-10","5","4.33","3.50","3.17","18","22.33","6"
"Harbinger Shaker Bottle 700 ml Negro","2025-11","6","5.67","4.17","3.33","29","24.33","2"
"Harbinger Shaker Bottle 700 ml Negro","2025-12","2","4.33","4.33","3.25","20","22.33","9"
"Harbinger Shaker Bottle 700 ml Negro","2026-01","9","5.67","5.00","3.50","26","25.00","8"
"Harbinger Shaker Bottle 700 ml Negro","2026-02","8","6.33","6.00","4.00","24","23.33","22"
"Harbinger Shaker Bottle 700 ml Negro","2026-03","22","13.00","8.67","5.83","20","23.33","27"
"Harbinger Shaker Bottle 700 ml Negro","2026-04","27","19.00","12.33","7.92","26","23.33","44"
"Harbinger Shaker Bottle 700 ml Negro","2026-05","44","31.00","18.67","11.42","18","21.33","67"
"Harbinger Speed Agility Cones Naranja","2023-06","0","0.67","0.67","0.92","5","6.67","1"
"Harbinger Speed Agility Cones Naranja","2023-07","1","0.67","0.67","0.92","8","6.67","1"
"Harbinger Speed Agility Cones Naranja","2023-08","1","0.67","0.67","0.83","11","8.00","2"
"Harbinger Speed Agility Cones Naranja","2023-09","2","1.33","1.00","0.92","10","9.67","2"
"Harbinger Speed Agility Cones Naranja","2023-10","2","1.67","1.17","1.00","15","12.00","1"
"Harbinger Speed Agility Cones Naranja","2023-11","1","1.67","1.17","1.00","13","12.67","2"
"Harbinger Speed Agility Cones Naranja","2023-12","2","1.67","1.50","1.08","12","13.33","2"
"Harbinger Speed Agility Cones Naranja","2024-01","2","1.67","1.67","1.17","10","11.67","1"
"Harbinger Speed Agility Cones Naranja","2024-02","1","1.67","1.67","1.17","8","10.00","0"
"Harbinger Speed Agility Cones Naranja","2024-03","0","1.00","1.33","1.17","9","9.00","1"
"Harbinger Speed Agility Cones Naranja","2024-04","1","0.67","1.17","1.17","12","9.67","2"
"Harbinger Speed Agility Cones Naranja","2024-05","2","1.00","1.33","1.25","13","11.33","1"
"Harbinger Speed Agility Cones Naranja","2024-06","1","1.33","1.17","1.33","11","12.00","6"
"Harbinger Speed Agility Cones Naranja","2024-07","6","3.00","1.83","1.75","12","12.00","6"
"Harbinger Speed Agility Cones Naranja","2024-08","6","4.33","2.67","2.17","10","11.00","6"
"Harbinger Speed Agility Cones Naranja","2024-09","6","6.00","3.67","2.50","13","11.67","5"
"Harbinger Speed Agility Cones Naranja","2024-10","5","5.67","4.33","2.75","10","11.00","5"
"Harbinger Speed Agility Cones Naranja","2024-11","5","5.33","4.83","3.08","15","12.67","3"
"Harbinger Speed Agility Cones Naranja","2024-12","3","4.33","5.17","3.17","10","11.67","7"
"Harbinger Speed Agility Cones Naranja","2025-01","7","5.00","5.33","3.58","12","12.33","7"
"Harbinger Speed Agility Cones Naranja","2025-02","7","5.67","5.50","4.08","11","11.00","5"
"Harbinger Speed Agility Cones Naranja","2025-03","5","6.33","5.33","4.50","10","11.00","4"
"Harbinger Speed Agility Cones Naranja","2025-04","4","5.33","5.17","4.75","9","10.00","1"
"Harbinger Speed Agility Cones Naranja","2025-05","1","3.33","4.50","4.67","6","8.33","1"
"Harbinger Speed Agility Cones Naranja","2025-06","1","2.00","4.17","4.67","10","8.33","2"
"Harbinger Speed Agility Cones Naranja","2025-07","2","1.33","3.33","4.33","12","9.33","3"
"Harbinger Speed Agility Cones Naranja","2025-08","3","2.00","2.67","4.08","5","9.00","1"
"Harbinger Speed Agility Cones Naranja","2025-09","1","2.00","2.00","3.67","7","8.00","10"
"Harbinger Speed Agility Cones Naranja","2025-10","10","4.67","3.00","4.08","10","7.33","4"
"Harbinger Speed Agility Cones Naranja","2025-11","4","5.00","3.50","4.00","11","9.33","1"
"Harbinger Speed Agility Cones Naranja","2025-12","1","5.00","3.50","3.83","10","10.33","7"
"Harbinger Speed Agility Cones Naranja","2026-01","7","4.00","4.33","3.83","11","10.67","3"
"Harbinger Speed Agility Cones Naranja","2026-02","3","3.67","4.33","3.50","9","10.00","4"
"Harbinger Speed Agility Cones Naranja","2026-03","4","4.67","4.83","3.42","8","9.33","2"
"Harbinger Speed Agility Cones Naranja","2026-04","2","3.00","3.50","3.25","8","8.33","8"
"Harbinger Speed Agility Cones Naranja","2026-05","8","4.67","4.17","3.83","9","8.33","9"
"Harbinger Speed Rope Negro","2023-06","2","2.00","2.17","2.00","23","18.67","2"
"Harbinger Speed Rope Negro","2023-07","2","2.00","2.17","2.08","13","16.67","2"
"Harbinger Speed Rope Negro","2023-08","2","2.00","2.00","2.08","19","18.33","0"
"Harbinger Speed Rope Negro","2023-09","0","1.33","1.67","1.92","16","16.00","3"
"Harbinger Speed Rope Negro","2023-10","3","1.67","1.83","2.00","25","20.00","3"
"Harbinger Speed Rope Negro","2023-11","3","2.00","2.00","2.08","24","21.67","2"
"Harbinger Speed Rope Negro","2023-12","2","2.67","2.00","2.08","22","23.67","3"
"Harbinger Speed Rope Negro","2024-01","3","2.67","2.17","2.17","25","23.67","3"
"Harbinger Speed Rope Negro","2024-02","3","2.67","2.33","2.17","21","22.67","2"
"Harbinger Speed Rope Negro","2024-03","2","2.67","2.67","2.17","25","23.67","3"
"Harbinger Speed Rope Negro","2024-04","3","2.67","2.67","2.25","18","21.33","3"
"Harbinger Speed Rope Negro","2024-05","3","2.67","2.67","2.33","16","19.67","2"
"Harbinger Speed Rope Negro","2024-06","2","2.67","2.67","2.33","16","16.67","19"
"Harbinger Speed Rope Negro","2024-07","19","8.00","5.33","3.75","27","19.67","19"
"Harbinger Speed Rope Negro","2024-08","19","13.33","8.00","5.17","17","20.00","2"
"Harbinger Speed Rope Negro","2024-09","2","13.33","8.00","5.33","20","21.33","13"
"Harbinger Speed Rope Negro","2024-10","13","11.33","9.67","6.17","15","17.33","25"
"Harbinger Speed Rope Negro","2024-11","25","13.33","13.33","8.00","16","17.00","25"
"Harbinger Speed Rope Negro","2024-12","25","21.00","17.17","9.92","21","17.33","26"
"Harbinger Speed Rope Negro","2025-01","26","25.33","18.33","11.83","20","19.00","26"
"Harbinger Speed Rope Negro","2025-02","26","25.67","19.50","13.75","12","17.67","17"
"Harbinger Speed Rope Negro","2025-03","17","23.00","22.00","15.00","28","20.00","23"
"Harbinger Speed Rope Negro","2025-04","23","22.00","23.67","16.67","25","21.67","35"
"Harbinger Speed Rope Negro","2025-05","35","25.00","25.33","19.33","15","22.67","20"
"Harbinger Speed Rope Negro","2025-06","20","26.00","24.50","20.83","17","19.00","24"
"Harbinger Speed Rope Negro","2025-07","24","26.33","24.17","21.25","19","17.00","21"
"Harbinger Speed Rope Negro","2025-08","21","21.67","23.33","21.42","21","19.00","25"
"Harbinger Speed Rope Negro","2025-09","25","23.33","24.67","23.33","23","21.00","23"
"Harbinger Speed Rope Negro","2025-10","23","23.00","24.67","24.17","22","22.00","21"
"Harbinger Speed Rope Negro","2025-11","21","23.00","22.33","23.83","21","22.00","23"
"Harbinger Speed Rope Negro","2025-12","23","22.33","22.83","23.67","15","19.33","27"
"Harbinger Speed Rope Negro","2026-01","27","23.67","23.33","23.75","25","20.33","31"
"Harbinger Speed Rope Negro","2026-02","31","27.00","25.00","24.17","27","22.33","27"
"Harbinger Speed Rope Negro","2026-03","27","28.33","25.33","25.00","24","25.33","27"
"Harbinger Speed Rope Negro","2026-04","27","28.33","26.00","25.33","18","23.00","36"
"Harbinger Speed Rope Negro","2026-05","36","30.00","28.50","25.42","12","18.00","43"
"Harbinger Stainless Shaker 750 ml Plateado","2023-06","0","0.33","0.33","0.58","18","18.67","1"
"Harbinger Stainless Shaker 750 ml Plateado","2023-07","1","0.67","0.50","0.58","26","19.67","0"
"Harbinger Stainless Shaker 750 ml Plateado","2023-08","0","0.33","0.50","0.50","0","14.67","1"
"Harbinger Stainless Shaker 750 ml Plateado","2023-09","1","0.67","0.50","0.58","18","14.67","1"
"Harbinger Stainless Shaker 750 ml Plateado","2023-10","1","0.67","0.67","0.58","20","12.67","0"
"Harbinger Stainless Shaker 750 ml Plateado","2023-11","0","0.67","0.50","0.50","11","16.33","1"
"Harbinger Stainless Shaker 750 ml Plateado","2023-12","1","0.67","0.67","0.50","12","14.33","1"
"Harbinger Stainless Shaker 750 ml Plateado","2024-01","1","0.67","0.67","0.58","18","13.67","1"
"Harbinger Stainless Shaker 750 ml Plateado","2024-02","1","1.00","0.83","0.67","21","17.00","0"
"Harbinger Stainless Shaker 750 ml Plateado","2024-03","0","0.67","0.67","0.58","15","18.00","0"
"Harbinger Stainless Shaker 750 ml Plateado","2024-04","0","0.33","0.50","0.58","17","17.67","1"
"Harbinger Stainless Shaker 750 ml Plateado","2024-05","1","0.33","0.67","0.58","17","16.33","0"
"Harbinger Stainless Shaker 750 ml Plateado","2024-06","0","0.33","0.50","0.58","13","15.67","7"
"Harbinger Stainless Shaker 750 ml Plateado","2024-07","7","2.67","1.50","1.08","19","16.33","1"
"Harbinger Stainless Shaker 750 ml Plateado","2024-08","1","2.67","1.50","1.17","20","17.33","5"
"Harbinger Stainless Shaker 750 ml Plateado","2024-09","5","4.33","2.33","1.50","22","20.33","9"
"Harbinger Stainless Shaker 750 ml Plateado","2024-10","9","5.00","3.83","2.17","20","20.67","1"
"Harbinger Stainless Shaker 750 ml Plateado","2024-11","1","5.00","3.83","2.25","24","22.00","7"
"Harbinger Stainless Shaker 750 ml Plateado","2024-12","7","5.67","5.00","2.75","16","20.00","9"
"Harbinger Stainless Shaker 750 ml Plateado","2025-01","9","5.67","5.33","3.42","19","19.67","6"
"Harbinger Stainless Shaker 750 ml Plateado","2025-02","6","7.33","6.17","3.83","21","18.67","11"
"Harbinger Stainless Shaker 750 ml Plateado","2025-03","11","8.67","7.17","4.75","16","18.67","1"
"Harbinger Stainless Shaker 750 ml Plateado","2025-04","1","6.00","5.83","4.83","19","18.67","5"
"Harbinger Stainless Shaker 750 ml Plateado","2025-05","5","5.67","6.50","5.17","25","20.00","4"
"Harbinger Stainless Shaker 750 ml Plateado","2025-06","4","3.33","6.00","5.50","15","19.67","9"
"Harbinger Stainless Shaker 750 ml Plateado","2025-07","9","6.00","6.00","5.67","20","20.00","1"
"Harbinger Stainless Shaker 750 ml Plateado","2025-08","1","4.67","5.17","5.67","25","20.00","6"
"Harbinger Stainless Shaker 750 ml Plateado","2025-09","6","5.33","4.33","5.75","20","21.67","8"
"Harbinger Stainless Shaker 750 ml Plateado","2025-10","8","5.00","5.50","5.67","17","20.67","7"
"Harbinger Stainless Shaker 750 ml Plateado","2025-11","7","7.00","5.83","6.17","15","17.33","10"
"Harbinger Stainless Shaker 750 ml Plateado","2025-12","10","8.33","6.83","6.42","15","15.67","3"
"Harbinger Stainless Shaker 750 ml Plateado","2026-01","3","6.67","5.83","5.92","25","18.33","11"
"Harbinger Stainless Shaker 750 ml Plateado","2026-02","11","8.00","7.50","6.33","15","18.33","30"
"Harbinger Stainless Shaker 750 ml Plateado","2026-03","30","14.67","11.50","7.92","20","20.00","33"
"Harbinger Stainless Shaker 750 ml Plateado","2026-04","33","24.67","15.67","10.58","13","16.00","45"
"Harbinger Stainless Shaker 750 ml Plateado","2026-05","45","36.00","22.00","13.92","19","17.33","68"
"Harbinger Stretch Strap Azul","2023-06","2","1.67","1.00","1.25","29","28.33","2"
"Harbinger Stretch Strap Azul","2023-07","2","2.00","1.33","1.42","24","29.33","0"
"Harbinger Stretch Strap Azul","2023-08","0","1.33","1.33","1.33","14","22.33","2"
"Harbinger Stretch Strap Azul","2023-09","2","1.33","1.50","1.33","22","20.00","0"
"Harbinger Stretch Strap Azul","2023-10","0","0.67","1.33","1.17","16","17.33","2"
"Harbinger Stretch Strap Azul","2023-11","2","1.33","1.33","1.17","34","24.00","0"
"Harbinger Stretch Strap Azul","2023-12","0","0.67","1.00","1.00","22","24.00","0"
"Harbinger Stretch Strap Azul","2024-01","0","0.67","0.67","1.00","26","27.33","2"
"Harbinger Stretch Strap Azul","2024-02","2","0.67","1.00","1.17","34","27.33","0"
"Harbinger Stretch Strap Azul","2024-03","0","0.67","0.67","1.08","29","29.67","2"
"Harbinger Stretch Strap Azul","2024-04","2","1.33","1.00","1.17","29","30.67","1"
"Harbinger Stretch Strap Azul","2024-05","1","1.00","0.83","1.08","19","25.67","2"
"Harbinger Stretch Strap Azul","2024-06","2","1.67","1.17","1.08","28","25.33","21"
"Harbinger Stretch Strap Azul","2024-07","21","8.00","4.67","2.67","25","24.00","21"
"Harbinger Stretch Strap Azul","2024-08","21","14.67","7.83","4.42","28","27.00","24"
"Harbinger Stretch Strap Azul","2024-09","24","22.00","11.83","6.25","26","26.33","22"
"Harbinger Stretch Strap Azul","2024-10","22","22.33","15.17","8.08","20","24.67","16"
"Harbinger Stretch Strap Azul","2024-11","16","20.67","17.67","9.25","19","21.67","20"
"Harbinger Stretch Strap Azul","2024-12","20","19.33","20.67","10.92","18","19.00","21"
"Harbinger Stretch Strap Azul","2025-01","21","19.00","20.67","12.67","32","23.00","25"
"Harbinger Stretch Strap Azul","2025-02","25","22.00","21.33","14.58","17","22.33","23"
"Harbinger Stretch Strap Azul","2025-03","23","23.00","21.17","16.50","22","23.67","29"
"Harbinger Stretch Strap Azul","2025-04","29","25.67","22.33","18.75","23","20.67","34"
"Harbinger Stretch Strap Azul","2025-05","34","28.67","25.33","21.50","28","24.33","23"
"Harbinger Stretch Strap Azul","2025-06","23","28.67","25.83","23.25","34","28.33","30"
"Harbinger Stretch Strap Azul","2025-07","30","29.00","27.33","24.00","37","33.00","20"
"Harbinger Stretch Strap Azul","2025-08","20","24.33","26.50","23.92","38","36.33","30"
"Harbinger Stretch Strap Azul","2025-09","30","26.67","27.67","24.42","28","34.33","19"
"Harbinger Stretch Strap Azul","2025-10","19","23.00","26.00","24.17","28","31.33","22"
"Harbinger Stretch Strap Azul","2025-11","22","23.67","24.00","24.67","37","31.00","19"
"Harbinger Stretch Strap Azul","2025-12","19","20.00","23.33","24.58","24","29.67","22"
"Harbinger Stretch Strap Azul","2026-01","22","21.00","22.00","24.67","36","32.33","3"
"Harbinger Stretch Strap Azul","2026-02","3","14.67","19.17","22.83","25","28.33","17"
"Harbinger Stretch Strap Azul","2026-03","17","14.00","17.00","22.33","32","31.00","25"
"Harbinger Stretch Strap Azul","2026-04","25","15.00","18.00","22.00","25","27.33","24"
"Harbinger Stretch Strap Azul","2026-05","24","22.00","18.33","21.17","28","28.33","34"
"Harbinger Training Grip Gloves Gris","2023-06","3","2.33","2.50","2.58","11","9.00","3"
"Harbinger Training Grip Gloves Gris","2023-07","3","2.67","2.50","2.58","15","10.67","3"
"Harbinger Training Grip Gloves Gris","2023-08","3","3.00","2.67","2.58","16","14.00","3"
"Harbinger Training Grip Gloves Gris","2023-09","3","3.00","2.67","2.58","17","16.00","2"
"Harbinger Training Grip Gloves Gris","2023-10","2","2.67","2.67","2.58","10","14.33","2"
"Harbinger Training Grip Gloves Gris","2023-11","2","2.33","2.67","2.50","11","12.67","2"
"Harbinger Training Grip Gloves Gris","2023-12","2","2.00","2.50","2.50","11","10.67","0"
"Harbinger Training Grip Gloves Gris","2024-01","0","1.33","2.00","2.25","5","9.00","3"
"Harbinger Training Grip Gloves Gris","2024-02","3","1.67","2.00","2.33","14","10.00","3"
"Harbinger Training Grip Gloves Gris","2024-03","3","2.00","2.00","2.33","16","11.67","3"
"Harbinger Training Grip Gloves Gris","2024-04","3","3.00","2.17","2.42","7","12.33","3"
"Harbinger Training Grip Gloves Gris","2024-05","3","3.00","2.33","2.50","13","12.00","3"
"Harbinger Training Grip Gloves Gris","2024-06","3","3.00","2.50","2.50","17","12.33","3"
"Harbinger Training Grip Gloves Gris","2024-07","3","3.00","3.00","2.50","12","14.00","7"
"Harbinger Training Grip Gloves Gris","2024-08","7","4.33","3.67","2.83","10","13.00","3"
"Harbinger Training Grip Gloves Gris","2024-09","3","4.33","3.67","2.83","10","10.67","3"
"Harbinger Training Grip Gloves Gris","2024-10","3","4.33","3.67","2.92","10","10.00","11"
"Harbinger Training Grip Gloves Gris","2024-11","11","5.67","5.00","3.67","22","14.00","7"
"Harbinger Training Grip Gloves Gris","2024-12","7","7.00","5.67","4.08","8","13.33","9"
"Harbinger Training Grip Gloves Gris","2025-01","9","9.00","6.67","4.83","12","14.00","11"
"Harbinger Training Grip Gloves Gris","2025-02","11","9.00","7.33","5.50","13","11.00","9"
"Harbinger Training Grip Gloves Gris","2025-03","9","9.67","8.33","6.00","17","14.00","12"
"Harbinger Training Grip Gloves Gris","2025-04","12","10.67","9.83","6.75","11","13.67","2"
"Harbinger Training Grip Gloves Gris","2025-05","2","7.67","8.33","6.67","9","12.33","14"
"Harbinger Training Grip Gloves Gris","2025-06","14","9.33","9.50","7.58","13","11.00","12"
"Harbinger Training Grip Gloves Gris","2025-07","12","9.33","10.00","8.33","10","10.67","9"
"Harbinger Training Grip Gloves Gris","2025-08","9","11.67","9.67","8.50","15","12.67","3"
"Harbinger Training Grip Gloves Gris","2025-09","3","8.00","8.67","8.50","15","13.33","3"
"Harbinger Training Grip Gloves Gris","2025-10","3","5.00","7.17","8.50","14","14.67","12"
"Harbinger Training Grip Gloves Gris","2025-11","12","6.00","8.83","8.58","11","13.33","12"
"Harbinger Training Grip Gloves Gris","2025-12","12","9.00","8.50","9.00","9","11.33","7"
"Harbinger Training Grip Gloves Gris","2026-01","7","10.33","7.67","8.83","14","11.33","11"
"Harbinger Training Grip Gloves Gris","2026-02","11","10.00","8.00","8.83","6","9.67","14"
"Harbinger Training Grip Gloves Gris","2026-03","14","10.67","9.83","9.25","12","10.67","17"
"Harbinger Training Grip Gloves Gris","2026-04","17","14.00","12.17","9.67","9","9.00","27"
"Harbinger Training Grip Gloves Gris","2026-05","27","19.33","14.67","11.75","4","8.33","25"
"Harbinger Training Log Book Negro","2023-06","1","0.67","0.67","0.75","9","9.00","1"
"Harbinger Training Log Book Negro","2023-07","1","1.00","0.83","0.75","12","9.67","1"
"Harbinger Training Log Book Negro","2023-08","1","1.00","0.83","0.75","12","11.00","1"
"Harbinger Training Log Book Negro","2023-09","1","1.00","0.83","0.75","9","11.00","0"
"Harbinger Training Log Book Negro","2023-10","0","0.67","0.83","0.67","0","7.00","0"
"Harbinger Training Log Book Negro","2023-11","0","0.33","0.67","0.58","11","6.67","1"
"Harbinger Training Log Book Negro","2023-12","1","0.33","0.67","0.67","11","7.33","0"
"Harbinger Training Log Book Negro","2024-01","0","0.33","0.50","0.67","8","10.00","0"
"Harbinger Training Log Book Negro","2024-02","0","0.33","0.33","0.58","5","8.00","1"
"Harbinger Training Log Book Negro","2024-03","1","0.33","0.33","0.58","11","8.00","1"
"Harbinger Training Log Book Negro","2024-04","1","0.67","0.50","0.67","9","8.33","1"
"Harbinger Training Log Book Negro","2024-05","1","1.00","0.67","0.67","8","9.33","1"
"Harbinger Training Log Book Negro","2024-06","1","1.00","0.67","0.67","8","8.33","9"
"Harbinger Training Log Book Negro","2024-07","9","3.67","2.17","1.33","8","8.00","7"
"Harbinger Training Log Book Negro","2024-08","7","5.67","3.33","1.83","11","9.00","9"
"Harbinger Training Log Book Negro","2024-09","9","8.33","4.67","2.50","10","9.67","2"
"Harbinger Training Log Book Negro","2024-10","2","6.00","4.83","2.67","13","11.33","15"
"Harbinger Training Log Book Negro","2024-11","15","8.67","7.17","3.92","10","11.00","9"
"Harbinger Training Log Book Negro","2024-12","9","8.67","8.50","4.58","13","12.00","7"
"Harbinger Training Log Book Negro","2025-01","7","10.33","8.17","5.17","13","12.00","1"
"Harbinger Training Log Book Negro","2025-02","1","5.67","7.17","5.25","9","11.67","11"
"Harbinger Training Log Book Negro","2025-03","11","6.33","7.50","6.08","14","12.00","7"
"Harbinger Training Log Book Negro","2025-04","7","6.33","8.33","6.58","9","10.67","5"
"Harbinger Training Log Book Negro","2025-05","5","7.67","6.67","6.92","7","10.00","8"
"Harbinger Training Log Book Negro","2025-06","8","6.67","6.50","7.50","12","9.33","6"
"Harbinger Training Log Book Negro","2025-07","6","6.33","6.33","7.25","0","6.33","7"
"Harbinger Training Log Book Negro","2025-08","7","7.00","7.33","7.25","6","6.00","2"
"Harbinger Training Log Book Negro","2025-09","2","5.00","5.83","6.67","8","4.67","7"
"Harbinger Training Log Book Negro","2025-10","7","5.33","5.83","7.08","11","8.33","0"
"Harbinger Training Log Book Negro","2025-11","0","3.00","5.00","5.83","0","6.33","12"
"Harbinger Training Log Book Negro","2025-12","12","6.33","5.67","6.08","13","8.00","10"
"Harbinger Training Log Book Negro","2026-01","10","7.33","6.33","6.33","11","8.00","7"
"Harbinger Training Log Book Negro","2026-02","7","9.67","6.33","6.83","8","10.67","9"
"Harbinger Training Log Book Negro","2026-03","9","8.67","7.50","6.67","11","10.00","10"
"Harbinger Training Log Book Negro","2026-04","10","8.67","8.00","6.92","8","9.00","14"
"Harbinger Training Log Book Negro","2026-05","14","11.00","10.33","7.67","10","9.67","24"
"Harbinger Training Towel Gris","2023-06","2","2.33","2.33","2.00","12","14.67","2"
"Harbinger Training Towel Gris","2023-07","2","2.33","2.33","2.17","16","16.00","2"
"Harbinger Training Towel Gris","2023-08","2","2.00","2.17","2.17","15","14.33","2"
"Harbinger Training Towel Gris","2023-09","2","2.00","2.17","2.17","8","13.00","2"
"Harbinger Training Towel Gris","2023-10","2","2.00","2.17","2.17","10","11.00","3"
"Harbinger Training Towel Gris","2023-11","3","2.33","2.17","2.25","16","11.33","0"
"Harbinger Training Towel Gris","2023-12","0","1.67","1.83","2.08","7","11.00","2"
"Harbinger Training Towel Gris","2024-01","2","1.67","1.83","2.08","14","12.33","2"
"Harbinger Training Towel Gris","2024-02","2","1.33","1.83","2.00","9","10.00","2"
"Harbinger Training Towel Gris","2024-03","2","2.00","1.83","2.00","8","10.33","0"
"Harbinger Training Towel Gris","2024-04","0","1.33","1.50","1.83","5","7.33","2"
"Harbinger Training Towel Gris","2024-05","2","1.33","1.33","1.75","16","9.67","2"
"Harbinger Training Towel Gris","2024-06","2","1.33","1.67","1.75","12","11.00","11"
"Harbinger Training Towel Gris","2024-07","11","5.00","3.17","2.50","13","13.67","8"
"Harbinger Training Towel Gris","2024-08","8","7.00","4.17","3.00","12","12.33","11"
"Harbinger Training Towel Gris","2024-09","11","10.00","5.67","3.75","11","12.00","9"
"Harbinger Training Towel Gris","2024-10","9","9.33","7.17","4.33","17","13.33","2"
"Harbinger Training Towel Gris","2024-11","2","7.33","7.17","4.25","17","15.00","8"
"Harbinger Training Towel Gris","2024-12","8","6.33","8.17","4.92","17","17.00","6"
"Harbinger Training Towel Gris","2025-01","6","5.33","7.33","5.25","12","15.33","6"
"Harbinger Training Towel Gris","2025-02","6","6.67","7.00","5.58","9","12.67","2"
"Harbinger Training Towel Gris","2025-03","2","4.67","5.50","5.58","17","12.67","9"
"Harbinger Training Towel Gris","2025-04","9","5.67","5.50","6.33","14","13.33","12"
"Harbinger Training Towel Gris","2025-05","12","7.67","7.17","7.17","15","15.33","2"
"Harbinger Training Towel Gris","2025-06","2","7.67","6.17","7.17","13","14.00","2"
"Harbinger Training Towel Gris","2025-07","2","5.33","5.50","6.42","8","12.00","9"
"Harbinger Training Towel Gris","2025-08","9","4.33","6.00","6.50","11","10.67","12"
"Harbinger Training Towel Gris","2025-09","12","7.67","7.67","6.58","10","9.67","9"
"Harbinger Training Towel Gris","2025-10","9","10.00","7.67","6.58","12","11.00","12"
"Harbinger Training Towel Gris","2025-11","12","11.00","7.67","7.42","15","12.33","11"
"Harbinger Training Towel Gris","2025-12","11","10.67","9.17","7.67","10","12.33","1"
"Harbinger Training Towel Gris","2026-01","1","8.00","9.00","7.25","9","11.33","13"
"Harbinger Training Towel Gris","2026-02","13","8.33","9.67","7.83","12","10.33","23"
"Harbinger Training Towel Gris","2026-03","23","12.33","11.50","9.58","11","10.67","16"
"Harbinger Training Towel Gris","2026-04","16","17.33","12.67","10.17","15","12.67","30"
"Harbinger Training Towel Gris","2026-05","30","23.00","15.67","11.67","13","13.00","29"
"Harbinger Triceps V Bar Cromado","2023-06","0","1.33","1.67","1.67","73","73.67","2"
"Harbinger Triceps V Bar Cromado","2023-07","2","1.33","1.67","1.67","60","70.67","2"
"Harbinger Triceps V Bar Cromado","2023-08","2","1.33","1.67","1.75","60","64.33","2"
"Harbinger Triceps V Bar Cromado","2023-09","2","2.00","1.67","1.75","58","59.33","0"
"Harbinger Triceps V Bar Cromado","2023-10","0","1.33","1.33","1.58","67","61.67","2"
"Harbinger Triceps V Bar Cromado","2023-11","2","1.33","1.33","1.58","56","60.33","2"
"Harbinger Triceps V Bar Cromado","2023-12","2","1.33","1.67","1.67","85","69.33","2"
"Harbinger Triceps V Bar Cromado","2024-01","2","2.00","1.67","1.67","48","63.00","2"
"Harbinger Triceps V Bar Cromado","2024-02","2","2.00","1.67","1.67","68","67.00","2"
"Harbinger Triceps V Bar Cromado","2024-03","2","2.00","1.67","1.67","55","57.00","3"
"Harbinger Triceps V Bar Cromado","2024-04","3","2.33","2.17","1.75","81","68.00","2"
"Harbinger Triceps V Bar Cromado","2024-05","2","2.33","2.17","1.75","85","73.67","3"
"Harbinger Triceps V Bar Cromado","2024-06","3","2.67","2.33","2.00","61","75.67","1"
"Harbinger Triceps V Bar Cromado","2024-07","1","2.00","2.17","1.92","66","70.67","9"
"Harbinger Triceps V Bar Cromado","2024-08","9","4.33","3.33","2.50","47","58.00","7"
"Harbinger Triceps V Bar Cromado","2024-09","7","5.67","4.17","2.92","71","61.33","9"
"Harbinger Triceps V Bar Cromado","2024-10","9","8.33","5.17","3.67","76","64.67","11"
"Harbinger Triceps V Bar Cromado","2024-11","11","9.00","6.67","4.42","74","73.67","11"
"Harbinger Triceps V Bar Cromado","2024-12","11","10.33","8.00","5.17","91","80.33","10"
"Harbinger Triceps V Bar Cromado","2025-01","10","10.67","9.50","5.83","90","85.00","9"
"Harbinger Triceps V Bar Cromado","2025-02","9","10.00","9.50","6.42","68","83.00","10"
"Harbinger Triceps V Bar Cromado","2025-03","10","9.67","10.00","7.08","94","84.00","12"
"Harbinger Triceps V Bar Cromado","2025-04","12","10.33","10.50","7.83","87","83.00","3"
"Harbinger Triceps V Bar Cromado","2025-05","3","8.33","9.17","7.92","92","91.00","7"
"Harbinger Triceps V Bar Cromado","2025-06","7","7.33","8.50","8.25","82","87.00","9"
"Harbinger Triceps V Bar Cromado","2025-07","9","6.33","8.33","8.92","69","81.00","6"
"Harbinger Triceps V Bar Cromado","2025-08","6","7.33","7.83","8.67","74","75.00","6"
"Harbinger Triceps V Bar Cromado","2025-09","6","7.00","7.17","8.58","80","74.33","7"
"Harbinger Triceps V Bar Cromado","2025-10","7","6.33","6.33","8.42","74","76.00","8"
"Harbinger Triceps V Bar Cromado","2025-11","8","7.00","7.17","8.17","85","79.67","10"
"Harbinger Triceps V Bar Cromado","2025-12","10","8.33","7.67","8.08","74","77.67","16"
"Harbinger Triceps V Bar Cromado","2026-01","16","11.33","8.83","8.58","80","79.67","12"
"Harbinger Triceps V Bar Cromado","2026-02","12","12.67","9.83","8.83","69","74.33","8"
"Harbinger Triceps V Bar Cromado","2026-03","8","12.00","10.17","8.67","87","78.67","9"
"Harbinger Triceps V Bar Cromado","2026-04","9","9.67","10.50","8.42","51","69.00","19"
"Harbinger Triceps V Bar Cromado","2026-05","19","12.00","12.33","9.75","69","69.00","24"
"Harbinger Weighted Jump Rope Gris","2023-06","2","2.67","2.67","2.25","17","24.00","2"
"Harbinger Weighted Jump Rope Gris","2023-07","2","2.33","2.67","2.25","20","22.67","2"
"Harbinger Weighted Jump Rope Gris","2023-08","2","2.00","2.50","2.25","17","18.00","3"
"Harbinger Weighted Jump Rope Gris","2023-09","3","2.33","2.50","2.33","37","24.67","2"
"Harbinger Weighted Jump Rope Gris","2023-10","2","2.33","2.33","2.33","32","28.67","0"
"Harbinger Weighted Jump Rope Gris","2023-11","0","1.67","1.83","2.08","18","29.00","3"
"Harbinger Weighted Jump Rope Gris","2023-12","3","1.67","2.00","2.33","29","26.33","0"
"Harbinger Weighted Jump Rope Gris","2024-01","0","1.00","1.67","2.17","21","22.67","3"
"Harbinger Weighted Jump Rope Gris","2024-02","3","2.00","1.83","2.17","24","24.67","3"
"Harbinger Weighted Jump Rope Gris","2024-03","3","2.00","1.83","2.17","27","24.00","2"
"Harbinger Weighted Jump Rope Gris","2024-04","2","2.67","1.83","2.08","29","26.67","3"
"Harbinger Weighted Jump Rope Gris","2024-05","3","2.67","2.33","2.08","39","31.67","2"
"Harbinger Weighted Jump Rope Gris","2024-06","2","2.33","2.17","2.08","19","29.00","8"
"Harbinger Weighted Jump Rope Gris","2024-07","8","4.33","3.50","2.58","13","23.67","7"
"Harbinger Weighted Jump Rope Gris","2024-08","7","5.67","4.17","3.00","21","17.67","7"
"Harbinger Weighted Jump Rope Gris","2024-09","7","7.33","4.83","3.33","29","21.00","13"
"Harbinger Weighted Jump Rope Gris","2024-10","13","9.00","6.67","4.25","24","24.67","16"
"Harbinger Weighted Jump Rope Gris","2024-11","16","12.00","8.83","5.58","21","24.67","7"
"Harbinger Weighted Jump Rope Gris","2024-12","7","12.00","9.67","5.92","23","22.67","9"
"Harbinger Weighted Jump Rope Gris","2025-01","9","10.67","9.83","6.67","15","19.67","3"
"Harbinger Weighted Jump Rope Gris","2025-02","3","6.33","9.17","6.67","42","26.67","3"
"Harbinger Weighted Jump Rope Gris","2025-03","3","5.00","8.50","6.67","27","28.00","10"
"Harbinger Weighted Jump Rope Gris","2025-04","10","5.33","8.00","7.33","36","35.00","11"
"Harbinger Weighted Jump Rope Gris","2025-05","11","8.00","7.17","8.00","26","29.67","9"
"Harbinger Weighted Jump Rope Gris","2025-06","9","10.00","7.50","8.58","23","28.33","9"
"Harbinger Weighted Jump Rope Gris","2025-07","9","9.67","7.50","8.67","17","22.00","10"
"Harbinger Weighted Jump Rope Gris","2025-08","10","9.33","8.67","8.92","20","20.00","9"
"Harbinger Weighted Jump Rope Gris","2025-09","9","9.33","9.67","9.08","26","21.00","11"
"Harbinger Weighted Jump Rope Gris","2025-10","11","10.00","9.83","8.92","20","22.00","10"
"Harbinger Weighted Jump Rope Gris","2025-11","10","10.00","9.67","8.42","36","27.33","2"
"Harbinger Weighted Jump Rope Gris","2025-12","2","7.67","8.50","8.00","17","24.33","11"
"Harbinger Weighted Jump Rope Gris","2026-01","11","7.67","8.83","8.17","26","26.33","11"
"Harbinger Weighted Jump Rope Gris","2026-02","11","8.00","9.00","8.83","21","21.33","18"
"Harbinger Weighted Jump Rope Gris","2026-03","18","13.33","10.50","10.08","22","23.00","21"
"Harbinger Weighted Jump Rope Gris","2026-04","21","16.67","12.17","11.00","24","22.33","19"
"Harbinger Weighted Jump Rope Gris","2026-05","19","19.33","13.67","11.67","35","27.00","13"
"Harbinger Weightlifting Hooks Negro","2023-06","1","0.67","0.33","0.67","23","23.00","0"
"Harbinger Weightlifting Hooks Negro","2023-07","0","0.33","0.33","0.58","20","21.00","0"
"Harbinger Weightlifting Hooks Negro","2023-08","0","0.33","0.33","0.42","19","20.67","1"
"Harbinger Weightlifting Hooks Negro","2023-09","1","0.33","0.50","0.50","19","19.33","0"
"Harbinger Weightlifting Hooks Negro","2023-10","0","0.33","0.33","0.50","17","18.33","1"
"Harbinger Weightlifting Hooks Negro","2023-11","1","0.67","0.50","0.50","18","18.00","0"
"Harbinger Weightlifting Hooks Negro","2023-12","0","0.33","0.33","0.33","15","16.67","1"
"Harbinger Weightlifting Hooks Negro","2024-01","1","0.67","0.50","0.42","27","20.00","1"
"Harbinger Weightlifting Hooks Negro","2024-02","1","0.67","0.67","0.50","17","19.67","0"
"Harbinger Weightlifting Hooks Negro","2024-03","0","0.67","0.50","0.50","11","18.33","0"
"Harbinger Weightlifting Hooks Negro","2024-04","0","0.33","0.50","0.42","16","14.67","1"
"Harbinger Weightlifting Hooks Negro","2024-05","1","0.33","0.50","0.50","18","15.00","0"
"Harbinger Weightlifting Hooks Negro","2024-06","0","0.33","0.50","0.42","11","15.00","5"
"Harbinger Weightlifting Hooks Negro","2024-07","5","2.00","1.17","0.83","24","17.67","1"
"Harbinger Weightlifting Hooks Negro","2024-08","1","2.00","1.17","0.92","13","16.00","1"
"Harbinger Weightlifting Hooks Negro","2024-09","1","2.33","1.33","0.92","19","18.67","1"
"Harbinger Weightlifting Hooks Negro","2024-10","1","1.00","1.50","1.00","28","20.00","2"
"Harbinger Weightlifting Hooks Negro","2024-11","2","1.33","1.67","1.08","15","20.67","3"
"Harbinger Weightlifting Hooks Negro","2024-12","3","2.00","2.17","1.33","20","21.00","1"
"Harbinger Weightlifting Hooks Negro","2025-01","1","2.00","1.50","1.33","18","17.67","1"
"Harbinger Weightlifting Hooks Negro","2025-02","1","1.67","1.50","1.33","22","20.00","1"
"Harbinger Weightlifting Hooks Negro","2025-03","1","1.00","1.50","1.42","17","19.00","4"
"Harbinger Weightlifting Hooks Negro","2025-04","4","2.00","2.00","1.75","11","16.67","3"
"Harbinger Weightlifting Hooks Negro","2025-05","3","2.67","2.17","1.92","13","13.67","2"
"Harbinger Weightlifting Hooks Negro","2025-06","2","3.00","2.00","2.08","19","14.33","0"
"Harbinger Weightlifting Hooks Negro","2025-07","0","1.67","1.83","1.67","18","16.67","1"
"Harbinger Weightlifting Hooks Negro","2025-08","1","1.00","1.83","1.67","18","18.33","0"
"Harbinger Weightlifting Hooks Negro","2025-09","0","0.33","1.67","1.58","19","18.33","3"
"Harbinger Weightlifting Hooks Negro","2025-10","3","1.33","1.50","1.75","22","19.67","2"
"Harbinger Weightlifting Hooks Negro","2025-11","2","1.67","1.33","1.75","27","22.67","1"
"Harbinger Weightlifting Hooks Negro","2025-12","1","2.00","1.17","1.58","21","23.33","4"
"Harbinger Weightlifting Hooks Negro","2026-01","4","2.33","1.83","1.83","26","24.67","0"
"Harbinger Weightlifting Hooks Negro","2026-02","0","1.67","1.67","1.75","17","21.33","5"
"Harbinger Weightlifting Hooks Negro","2026-03","5","3.00","2.50","2.08","20","21.00","6"
"Harbinger Weightlifting Hooks Negro","2026-04","6","3.67","3.00","2.25","23","20.00","8"
"Harbinger Weightlifting Hooks Negro","2026-05","8","6.33","4.00","2.67","13","18.67","9"
"Harbinger Wrist Roller Kit Negro","2023-06","1","0.33","0.33","0.67","18","14.00","1"
"Harbinger Wrist Roller Kit Negro","2023-07","1","0.67","0.33","0.67","18","17.00","0"
"Harbinger Wrist Roller Kit Negro","2023-08","0","0.67","0.33","0.58","15","17.00","1"
"Harbinger Wrist Roller Kit Negro","2023-09","1","0.67","0.50","0.58","19","17.33","1"
"Harbinger Wrist Roller Kit Negro","2023-10","1","0.67","0.67","0.58","12","15.33","0"
"Harbinger Wrist Roller Kit Negro","2023-11","0","0.67","0.67","0.50","10","13.67","0"
"Harbinger Wrist Roller Kit Negro","2023-12","0","0.33","0.50","0.42","17","13.00","0"
"Harbinger Wrist Roller Kit Negro","2024-01","0","0.00","0.33","0.33","12","13.00","1"
"Harbinger Wrist Roller Kit Negro","2024-02","1","0.33","0.50","0.42","12","13.67","0"
"Harbinger Wrist Roller Kit Negro","2024-03","0","0.33","0.33","0.42","16","13.33","0"
"Harbinger Wrist Roller Kit Negro","2024-04","0","0.33","0.17","0.42","12","13.33","1"
"Harbinger Wrist Roller Kit Negro","2024-05","1","0.33","0.33","0.50","15","14.33","1"
"Harbinger Wrist Roller Kit Negro","2024-06","1","0.67","0.50","0.50","21","16.00","7"
"Harbinger Wrist Roller Kit Negro","2024-07","7","3.00","1.67","1.00","14","16.67","7"
"Harbinger Wrist Roller Kit Negro","2024-08","7","5.00","2.67","1.58","15","16.67","1"
"Harbinger Wrist Roller Kit Negro","2024-09","1","5.00","2.83","1.58","22","17.00","10"
"Harbinger Wrist Roller Kit Negro","2024-10","10","6.00","4.50","2.33","12","16.33","10"
"Harbinger Wrist Roller Kit Negro","2024-11","10","7.00","6.00","3.17","17","17.00","10"
"Harbinger Wrist Roller Kit Negro","2024-12","10","10.00","7.50","4.00","20","16.33","11"
"Harbinger Wrist Roller Kit Negro","2025-01","11","10.33","8.17","4.92","16","17.67","5"
"Harbinger Wrist Roller Kit Negro","2025-02","5","8.67","7.83","5.25","14","16.67","10"
"Harbinger Wrist Roller Kit Negro","2025-03","10","8.67","9.33","6.08","23","17.67","7"
"Harbinger Wrist Roller Kit Negro","2025-04","7","7.33","8.83","6.67","20","19.00","8"
"Harbinger Wrist Roller Kit Negro","2025-05","8","8.33","8.50","7.25","17","20.00","0"
"Harbinger Wrist Roller Kit Negro","2025-06","0","5.00","6.83","7.17","19","18.67","7"
"Harbinger Wrist Roller Kit Negro","2025-07","7","5.00","6.17","7.17","18","18.00","7"
"Harbinger Wrist Roller Kit Negro","2025-08","7","4.67","6.50","7.17","17","18.00","1"
"Harbinger Wrist Roller Kit Negro","2025-09","1","5.00","5.00","7.17","21","18.67","7"
"Harbinger Wrist Roller Kit Negro","2025-10","7","5.00","5.00","6.92","11","16.33","8"
"Harbinger Wrist Roller Kit Negro","2025-11","8","5.33","5.00","6.75","13","15.00","12"
"Harbinger Wrist Roller Kit Negro","2025-12","12","9.00","7.00","6.92","19","14.33","8"
"Harbinger Wrist Roller Kit Negro","2026-01","8","9.33","7.17","6.67","21","17.67","2"
"Harbinger Wrist Roller Kit Negro","2026-02","2","7.33","6.33","6.42","13","17.67","12"
"Harbinger Wrist Roller Kit Negro","2026-03","12","7.33","8.17","6.58","15","16.33","15"
"Harbinger Wrist Roller Kit Negro","2026-04","15","9.67","9.50","7.25","22","16.67","18"
"Harbinger Wrist Roller Kit Negro","2026-05","18","15.00","11.17","8.08","16","17.67","21"
"Harbinger Yoga Block Gris","2023-06","1","0.67","0.83","1.08","8","7.33","1"
"Harbinger Yoga Block Gris","2023-07","1","1.00","0.83","1.08","9","8.33","1"
"Harbinger Yoga Block Gris","2023-08","1","1.00","0.83","1.08","8","8.33","1"
"Harbinger Yoga Block Gris","2023-09","1","1.00","0.83","1.08","7","8.00","1"
"Harbinger Yoga Block Gris","2023-10","1","1.00","1.00","1.00","6","7.00","1"
"Harbinger Yoga Block Gris","2023-11","1","1.00","1.00","0.92","9","7.33","1"
"Harbinger Yoga Block Gris","2023-12","1","1.00","1.00","0.92","7","7.33","0"
"Harbinger Yoga Block Gris","2024-01","0","0.67","0.83","0.83","4","6.67","1"
"Harbinger Yoga Block Gris","2024-02","1","0.67","0.83","0.83","7","6.00","1"
"Harbinger Yoga Block Gris","2024-03","1","0.67","0.83","0.83","7","6.00","0"
"Harbinger Yoga Block Gris","2024-04","0","0.67","0.67","0.83","4","6.00","1"
"Harbinger Yoga Block Gris","2024-05","1","0.67","0.67","0.83","5","5.33","1"
"Harbinger Yoga Block Gris","2024-06","1","0.67","0.67","0.83","6","5.00","3"
"Harbinger Yoga Block Gris","2024-07","3","1.67","1.17","1.00","8","6.33","0"
"Harbinger Yoga Block Gris","2024-08","0","1.33","1.00","0.92","5","6.33","5"
"Harbinger Yoga Block Gris","2024-09","5","2.67","1.67","1.25","8","7.00","3"
"Harbinger Yoga Block Gris","2024-10","3","2.67","2.17","1.42","8","7.00","5"
"Harbinger Yoga Block Gris","2024-11","5","4.33","2.83","1.75","9","8.33","0"
"Harbinger Yoga Block Gris","2024-12","0","2.67","2.67","1.67","4","7.00","1"
"Harbinger Yoga Block Gris","2025-01","1","2.00","2.33","1.75","7","6.67","1"
"Harbinger Yoga Block Gris","2025-02","1","0.67","2.50","1.75","5","5.33","0"
"Harbinger Yoga Block Gris","2025-03","0","0.67","1.67","1.67","4","5.33","4"
"Harbinger Yoga Block Gris","2025-04","4","1.67","1.83","2.00","8","5.67","0"
"Harbinger Yoga Block Gris","2025-05","0","1.33","1.00","1.92","5","5.67","4"
"Harbinger Yoga Block Gris","2025-06","4","2.67","1.67","2.17","5","6.00","1"
"Harbinger Yoga Block Gris","2025-07","1","1.67","1.67","2.00","7","5.67","1"
"Harbinger Yoga Block Gris","2025-08","1","2.00","1.67","2.08","8","6.67","5"
"Harbinger Yoga Block Gris","2025-09","5","2.33","2.50","2.08","7","7.33","0"
"Harbinger Yoga Block Gris","2025-10","0","2.00","1.83","1.83","5","6.67","3"
"Harbinger Yoga Block Gris","2025-11","3","2.67","2.33","1.67","6","6.00","0"
"Harbinger Yoga Block Gris","2025-12","0","1.00","1.67","1.67","5","5.33","2"
"Harbinger Yoga Block Gris","2026-01","2","1.67","1.83","1.75","8","6.33","6"
"Harbinger Yoga Block Gris","2026-02","6","2.67","2.67","2.17","6","6.33","5"
"Harbinger Yoga Block Gris","2026-03","5","4.33","2.67","2.58","4","6.00","11"
"Harbinger Yoga Block Gris","2026-04","11","7.33","4.50","3.17","8","6.00","16"
"Harbinger Yoga Block Gris","2026-05","16","10.67","6.67","4.50","4","5.33","31"
"MuscleTech 100 Percent Whey Chocolate 5 lb","2023-06","9","8.33","10.00","10.00","57","55.33","15"
"MuscleTech 100 Percent Whey Chocolate 5 lb","2023-07","15","11.00","10.50","10.33","57","54.00","14"
"MuscleTech 100 Percent Whey Chocolate 5 lb","2023-08","14","12.67","11.00","10.67","70","61.33","13"
"MuscleTech 100 Percent Whey Chocolate 5 lb","2023-09","13","14.00","11.17","11.08","38","55.00","7"
"MuscleTech 100 Percent Whey Chocolate 5 lb","2023-10","7","11.33","11.17","10.92","54","54.00","11"
"MuscleTech 100 Percent Whey Chocolate 5 lb","2023-11","11","10.33","11.50","11.08","43","45.00","9"
"MuscleTech 100 Percent Whey Chocolate 5 lb","2023-12","9","9.00","11.50","10.75","52","49.67","9"
"MuscleTech 100 Percent Whey Chocolate 5 lb","2024-01","9","9.67","10.50","10.50","65","53.33","10"
"MuscleTech 100 Percent Whey Chocolate 5 lb","2024-02","10","9.33","9.83","10.42","52","56.33","12"
"MuscleTech 100 Percent Whey Chocolate 5 lb","2024-03","12","10.33","9.67","10.42","51","56.00","11"
"MuscleTech 100 Percent Whey Chocolate 5 lb","2024-04","11","11.00","10.33","10.75","40","47.67","9"
"MuscleTech 100 Percent Whey Chocolate 5 lb","2024-05","9","10.67","10.00","10.75","39","43.33","17"
"MuscleTech 100 Percent Whey Chocolate 5 lb","2024-06","17","12.33","11.33","11.42","94","57.67","17"
"MuscleTech 100 Percent Whey Chocolate 5 lb","2024-07","17","14.33","12.67","11.58","48","60.33","9"
"MuscleTech 100 Percent Whey Chocolate 5 lb","2024-08","9","14.33","12.50","11.17","60","67.33","18"
"MuscleTech 100 Percent Whey Chocolate 5 lb","2024-09","18","14.67","13.50","11.58","66","58.00","13"
"MuscleTech 100 Percent Whey Chocolate 5 lb","2024-10","13","13.33","13.83","12.08","80","68.67","8"
"MuscleTech 100 Percent Whey Chocolate 5 lb","2024-11","8","13.00","13.67","11.83","61","69.00","13"
"MuscleTech 100 Percent Whey Chocolate 5 lb","2024-12","13","11.33","13.00","12.17","69","70.00","23"
"MuscleTech 100 Percent Whey Chocolate 5 lb","2025-01","23","14.67","14.00","13.33","90","73.33","13"
"MuscleTech 100 Percent Whey Chocolate 5 lb","2025-02","13","16.33","14.67","13.58","43","67.33","13"
"MuscleTech 100 Percent Whey Chocolate 5 lb","2025-03","13","16.33","13.83","13.67","66","66.33","15"
"MuscleTech 100 Percent Whey Chocolate 5 lb","2025-04","15","13.67","14.17","14.00","62","57.00","11"
"MuscleTech 100 Percent Whey Chocolate 5 lb","2025-05","11","13.00","14.67","14.17","41","56.33","13"
"MuscleTech 100 Percent Whey Chocolate 5 lb","2025-06","13","13.00","14.67","13.83","87","63.33","12"
"MuscleTech 100 Percent Whey Chocolate 5 lb","2025-07","12","12.00","12.83","13.42","45","57.67","11"
"MuscleTech 100 Percent Whey Chocolate 5 lb","2025-08","11","12.00","12.50","13.58","70","67.33","17"
"MuscleTech 100 Percent Whey Chocolate 5 lb","2025-09","17","13.33","13.17","13.50","64","59.67","17"
"MuscleTech 100 Percent Whey Chocolate 5 lb","2025-10","17","15.00","13.50","13.83","74","69.33","13"
"MuscleTech 100 Percent Whey Chocolate 5 lb","2025-11","13","15.67","13.83","14.25","75","71.00","10"
"MuscleTech 100 Percent Whey Chocolate 5 lb","2025-12","10","13.33","13.33","14.00","70","73.00","16"
"MuscleTech 100 Percent Whey Chocolate 5 lb","2026-01","16","13.00","14.00","13.42","93","79.33","12"
"MuscleTech 100 Percent Whey Chocolate 5 lb","2026-02","12","12.67","14.17","13.33","52","71.67","6"
"MuscleTech 100 Percent Whey Chocolate 5 lb","2026-03","6","11.33","12.33","12.75","43","62.67","14"
"MuscleTech 100 Percent Whey Chocolate 5 lb","2026-04","14","10.67","11.83","12.67","79","58.00","18"
"MuscleTech 100 Percent Whey Chocolate 5 lb","2026-05","18","12.67","12.67","13.25","51","57.67","19"
"MuscleTech Amino Build Orange Mango","2023-06","9","9.67","9.67","9.25","63","57.00","11"
"MuscleTech Amino Build Orange Mango","2023-07","11","9.67","9.50","9.50","63","57.67","4"
"MuscleTech Amino Build Orange Mango","2023-08","4","8.00","8.50","9.25","45","57.00","8"
"MuscleTech Amino Build Orange Mango","2023-09","8","7.67","8.67","9.17","53","53.67","9"
"MuscleTech Amino Build Orange Mango","2023-10","9","7.00","8.33","9.08","42","46.67","13"
"MuscleTech Amino Build Orange Mango","2023-11","13","10.00","9.00","9.25","73","56.00","9"
"MuscleTech Amino Build Orange Mango","2023-12","9","10.33","9.00","9.33","61","58.67","12"
"MuscleTech Amino Build Orange Mango","2024-01","12","11.33","9.17","9.33","67","67.00","8"
"MuscleTech Amino Build Orange Mango","2024-02","8","9.67","9.83","9.17","71","66.33","11"
"MuscleTech Amino Build Orange Mango","2024-03","11","10.33","10.33","9.50","67","68.33","6"
"MuscleTech Amino Build Orange Mango","2024-04","6","8.33","9.83","9.08","44","60.67","11"
"MuscleTech Amino Build Orange Mango","2024-05","11","9.33","9.50","9.25","65","58.67","8"
"MuscleTech Amino Build Orange Mango","2024-06","8","8.33","9.33","9.17","68","59.00","25"
"MuscleTech Amino Build Orange Mango","2024-07","25","14.67","11.50","10.33","50","61.00","34"
"MuscleTech Amino Build Orange Mango","2024-08","34","22.33","15.83","12.83","89","69.00","25"
"MuscleTech Amino Build Orange Mango","2024-09","25","28.00","18.17","14.25","55","64.67","15"
"MuscleTech Amino Build Orange Mango","2024-10","15","24.67","19.67","14.75","41","61.67","26"
"MuscleTech Amino Build Orange Mango","2024-11","26","22.00","22.17","15.83","78","58.00","27"
"MuscleTech Amino Build Orange Mango","2024-12","27","22.67","25.33","17.33","47","55.33","33"
"MuscleTech Amino Build Orange Mango","2025-01","33","28.67","26.67","19.08","63","62.67","16"
"MuscleTech Amino Build Orange Mango","2025-02","16","25.33","23.67","19.75","43","51.00","26"
"MuscleTech Amino Build Orange Mango","2025-03","26","25.00","23.83","21.00","86","64.00","26"
"MuscleTech Amino Build Orange Mango","2025-04","26","22.67","25.67","22.67","39","56.00","31"
"MuscleTech Amino Build Orange Mango","2025-05","31","27.67","26.50","24.33","55","60.00","18"
"MuscleTech Amino Build Orange Mango","2025-06","18","25.00","25.00","25.17","54","49.33","30"
"MuscleTech Amino Build Orange Mango","2025-07","30","26.33","24.50","25.58","67","58.67","7"
"MuscleTech Amino Build Orange Mango","2025-08","7","18.33","23.00","23.33","56","59.00","20"
"MuscleTech Amino Build Orange Mango","2025-09","20","19.00","22.00","22.92","58","60.33","20"
"MuscleTech Amino Build Orange Mango","2025-10","20","15.67","21.00","23.33","49","54.33","29"
"MuscleTech Amino Build Orange Mango","2025-11","29","23.00","20.67","23.58","64","57.00","29"
"MuscleTech Amino Build Orange Mango","2025-12","29","26.00","22.50","23.75","73","62.00","36"
"MuscleTech Amino Build Orange Mango","2026-01","36","31.33","23.50","24.00","76","71.00","21"
"MuscleTech Amino Build Orange Mango","2026-02","21","28.67","25.83","24.42","59","69.33","32"
"MuscleTech Amino Build Orange Mango","2026-03","32","29.67","27.83","24.92","45","60.00","30"
"MuscleTech Amino Build Orange Mango","2026-04","30","27.67","29.50","25.25","80","61.33","17"
"MuscleTech Amino Build Orange Mango","2026-05","17","26.33","27.50","24.08","45","56.67","31"
"MuscleTech Clear Muscle 84 caps","2023-06","4","2.67","1.83","2.33","92","103.67","3"
"MuscleTech Clear Muscle 84 caps","2023-07","3","3.00","2.33","2.42","135","109.33","3"
"MuscleTech Clear Muscle 84 caps","2023-08","3","3.33","2.83","2.50","134","120.33","3"
"MuscleTech Clear Muscle 84 caps","2023-09","3","3.00","2.83","2.50","127","132.00","2"
"MuscleTech Clear Muscle 84 caps","2023-10","2","2.67","2.83","2.42","135","132.00","2"
"MuscleTech Clear Muscle 84 caps","2023-11","2","2.33","2.83","2.33","135","132.33","0"
"MuscleTech Clear Muscle 84 caps","2023-12","0","1.33","2.17","2.00","130","133.33","5"
"MuscleTech Clear Muscle 84 caps","2024-01","5","2.33","2.50","2.42","94","119.67","3"
"MuscleTech Clear Muscle 84 caps","2024-02","3","2.67","2.50","2.67","135","119.67","2"
"MuscleTech Clear Muscle 84 caps","2024-03","2","3.33","2.33","2.58","135","121.33","3"
"MuscleTech Clear Muscle 84 caps","2024-04","3","2.67","2.50","2.67","98","122.67","3"
"MuscleTech Clear Muscle 84 caps","2024-05","3","2.67","2.67","2.75","115","116.00","0"
"MuscleTech Clear Muscle 84 caps","2024-06","0","2.00","2.67","2.42","0","71.00","5"
"MuscleTech Clear Muscle 84 caps","2024-07","5","2.67","2.67","2.58","132","82.33","2"
"MuscleTech Clear Muscle 84 caps","2024-08","2","2.33","2.50","2.50","106","79.33","8"
"MuscleTech Clear Muscle 84 caps","2024-09","8","5.00","3.50","2.92","135","124.33","6"
"MuscleTech Clear Muscle 84 caps","2024-10","6","5.33","4.00","3.25","124","121.67","4"
"MuscleTech Clear Muscle 84 caps","2024-11","4","6.00","4.17","3.42","100","119.67","6"
"MuscleTech Clear Muscle 84 caps","2024-12","6","5.33","5.17","3.92","133","119.00","4"
"MuscleTech Clear Muscle 84 caps","2025-01","4","4.67","5.00","3.83","135","122.67","4"
"MuscleTech Clear Muscle 84 caps","2025-02","4","4.67","5.33","3.92","135","134.33","5"
"MuscleTech Clear Muscle 84 caps","2025-03","5","4.33","4.83","4.17","83","117.67","4"
"MuscleTech Clear Muscle 84 caps","2025-04","4","4.33","4.50","4.25","135","117.67","3"
"MuscleTech Clear Muscle 84 caps","2025-05","3","4.00","4.33","4.25","135","117.67","5"
"MuscleTech Clear Muscle 84 caps","2025-06","5","4.00","4.17","4.67","113","127.67","3"
"MuscleTech Clear Muscle 84 caps","2025-07","3","3.67","4.00","4.50","135","127.67","7"
"MuscleTech Clear Muscle 84 caps","2025-08","7","5.00","4.50","4.92","107","118.33","11"
"MuscleTech Clear Muscle 84 caps","2025-09","11","7.00","5.50","5.17","135","125.67","9"
"MuscleTech Clear Muscle 84 caps","2025-10","9","9.00","6.33","5.42","135","125.67","0"
"MuscleTech Clear Muscle 84 caps","2025-11","0","6.67","5.83","5.08","86","118.67","3"
"MuscleTech Clear Muscle 84 caps","2025-12","3","4.00","5.50","4.83","122","114.33","8"
"MuscleTech Clear Muscle 84 caps","2026-01","8","3.67","6.33","5.17","135","114.33","3"
"MuscleTech Clear Muscle 84 caps","2026-02","3","4.67","5.67","5.08","135","130.67","7"
"MuscleTech Clear Muscle 84 caps","2026-03","7","6.00","5.00","5.25","135","135.00","4"
"MuscleTech Clear Muscle 84 caps","2026-04","4","4.67","4.17","5.25","135","135.00","13"
"MuscleTech Clear Muscle 84 caps","2026-05","13","8.00","6.33","6.08","118","129.33","13"
"MuscleTech Collagen Peptides Unflavored 300 g","2023-06","3","3.67","3.67","2.83","31","36.00","3"
"MuscleTech Collagen Peptides Unflavored 300 g","2023-07","3","3.33","3.50","3.08","46","39.67","3"
"MuscleTech Collagen Peptides Unflavored 300 g","2023-08","3","3.00","3.50","3.08","28","35.00","3"
"MuscleTech Collagen Peptides Unflavored 300 g","2023-09","3","3.00","3.33","3.33","25","33.00","4"
"MuscleTech Collagen Peptides Unflavored 300 g","2023-10","4","3.33","3.33","3.42","40","31.00","5"
"MuscleTech Collagen Peptides Unflavored 300 g","2023-11","5","4.00","3.50","3.58","53","39.33","4"
"MuscleTech Collagen Peptides Unflavored 300 g","2023-12","4","4.33","3.67","3.67","43","45.33","4"
"MuscleTech Collagen Peptides Unflavored 300 g","2024-01","4","4.33","3.83","3.67","38","44.67","5"
"MuscleTech Collagen Peptides Unflavored 300 g","2024-02","5","4.33","4.17","3.83","28","36.33","4"
"MuscleTech Collagen Peptides Unflavored 300 g","2024-03","4","4.33","4.33","3.83","30","32.00","3"
"MuscleTech Collagen Peptides Unflavored 300 g","2024-04","3","4.00","4.17","3.75","37","31.67","0"
"MuscleTech Collagen Peptides Unflavored 300 g","2024-05","0","2.33","3.33","3.42","26","31.00","3"
"MuscleTech Collagen Peptides Unflavored 300 g","2024-06","3","2.00","3.17","3.42","36","33.00","8"
"MuscleTech Collagen Peptides Unflavored 300 g","2024-07","8","3.67","3.83","3.83","21","27.67","8"
"MuscleTech Collagen Peptides Unflavored 300 g","2024-08","8","6.33","4.33","4.25","41","32.67","11"
"MuscleTech Collagen Peptides Unflavored 300 g","2024-09","11","9.00","5.50","4.92","44","35.33","11"
"MuscleTech Collagen Peptides Unflavored 300 g","2024-10","11","10.00","6.83","5.50","43","42.67","13"
"MuscleTech Collagen Peptides Unflavored 300 g","2024-11","13","11.67","9.00","6.17","43","43.33","17"
"MuscleTech Collagen Peptides Unflavored 300 g","2024-12","17","13.67","11.33","7.25","56","47.33","0"
"MuscleTech Collagen Peptides Unflavored 300 g","2025-01","0","10.00","10.00","6.92","0","33.00","4"
"MuscleTech Collagen Peptides Unflavored 300 g","2025-02","4","7.00","9.33","6.83","38","31.33","15"
"MuscleTech Collagen Peptides Unflavored 300 g","2025-03","15","6.33","10.00","7.75","34","24.00","10"
"MuscleTech Collagen Peptides Unflavored 300 g","2025-04","10","9.67","9.83","8.33","40","37.33","11"
"MuscleTech Collagen Peptides Unflavored 300 g","2025-05","11","12.00","9.50","9.25","53","42.33","16"
"MuscleTech Collagen Peptides Unflavored 300 g","2025-06","16","12.33","9.33","10.33","48","47.00","4"
"MuscleTech Collagen Peptides Unflavored 300 g","2025-07","4","10.33","10.00","10.00","26","42.33","12"
"MuscleTech Collagen Peptides Unflavored 300 g","2025-08","12","10.67","11.33","10.33","27","33.67","17"
"MuscleTech Collagen Peptides Unflavored 300 g","2025-09","17","11.00","11.67","10.83","51","34.67","11"
"MuscleTech Collagen Peptides Unflavored 300 g","2025-10","11","13.33","11.83","10.83","46","41.33","16"
"MuscleTech Collagen Peptides Unflavored 300 g","2025-11","16","14.67","12.67","11.08","51","49.33","11"
"MuscleTech Collagen Peptides Unflavored 300 g","2025-12","11","12.67","11.83","10.58","37","44.67","14"
"MuscleTech Collagen Peptides Unflavored 300 g","2026-01","14","13.67","13.50","11.75","45","44.33","21"
"MuscleTech Collagen Peptides Unflavored 300 g","2026-02","21","15.33","15.00","13.17","38","40.00","14"
"MuscleTech Collagen Peptides Unflavored 300 g","2026-03","14","16.33","14.50","13.08","41","41.33","7"
"MuscleTech Collagen Peptides Unflavored 300 g","2026-04","7","14.00","13.83","12.83","57","45.33","17"
"MuscleTech Collagen Peptides Unflavored 300 g","2026-05","17","12.67","14.00","13.33","58","52.00","26"
"MuscleTech EAA Hydration Blue Raspberry","2023-06","20","20.33","20.83","19.83","34","45.00","21"
"MuscleTech EAA Hydration Blue Raspberry","2023-07","21","20.67","20.17","20.17","51","42.33","22"
"MuscleTech EAA Hydration Blue Raspberry","2023-08","22","21.00","20.83","20.75","63","49.33","18"
"MuscleTech EAA Hydration Blue Raspberry","2023-09","18","20.33","20.33","20.83","47","53.67","18"
"MuscleTech EAA Hydration Blue Raspberry","2023-10","18","19.33","20.00","20.67","51","53.67","21"
"MuscleTech EAA Hydration Blue Raspberry","2023-11","21","19.00","20.00","20.50","64","54.00","24"
"MuscleTech EAA Hydration Blue Raspberry","2023-12","24","21.00","20.67","20.75","52","55.67","25"
"MuscleTech EAA Hydration Blue Raspberry","2024-01","25","23.33","21.33","20.75","43","53.00","18"
"MuscleTech EAA Hydration Blue Raspberry","2024-02","18","22.33","20.67","20.75","37","44.00","23"
"MuscleTech EAA Hydration Blue Raspberry","2024-03","23","22.00","21.50","20.92","79","53.00","19"
"MuscleTech EAA Hydration Blue Raspberry","2024-04","19","20.00","21.67","20.83","41","52.33","18"
"MuscleTech EAA Hydration Blue Raspberry","2024-05","18","20.00","21.17","20.58","58","59.33","16"
"MuscleTech EAA Hydration Blue Raspberry","2024-06","16","17.67","19.83","20.25","52","50.33","20"
"MuscleTech EAA Hydration Blue Raspberry","2024-07","20","18.00","19.00","20.17","52","54.00","24"
"MuscleTech EAA Hydration Blue Raspberry","2024-08","24","20.00","20.00","20.33","42","48.67","21"
"MuscleTech EAA Hydration Blue Raspberry","2024-09","21","21.67","19.67","20.58","76","56.67","30"
"MuscleTech EAA Hydration Blue Raspberry","2024-10","30","25.00","21.50","21.58","58","58.67","31"
"MuscleTech EAA Hydration Blue Raspberry","2024-11","31","27.33","23.67","22.42","92","75.33","24"
"MuscleTech EAA Hydration Blue Raspberry","2024-12","24","28.33","25.00","22.42","37","62.33","34"
"MuscleTech EAA Hydration Blue Raspberry","2025-01","34","29.67","27.33","23.17","118","82.33","23"
"MuscleTech EAA Hydration Blue Raspberry","2025-02","23","27.00","27.17","23.58","77","77.33","22"
"MuscleTech EAA Hydration Blue Raspberry","2025-03","22","26.33","27.33","23.50","50","81.67","24"
"MuscleTech EAA Hydration Blue Raspberry","2025-04","24","23.00","26.33","23.92","59","62.00","3"
"MuscleTech EAA Hydration Blue Raspberry","2025-05","3","16.33","21.67","22.67","18","42.33","28"
"MuscleTech EAA Hydration Blue Raspberry","2025-06","28","18.33","22.33","23.67","99","58.67","24"
"MuscleTech EAA Hydration Blue Raspberry","2025-07","24","18.33","20.67","24.00","96","71.00","30"
"MuscleTech EAA Hydration Blue Raspberry","2025-08","30","27.33","21.83","24.50","87","94.00","28"
"MuscleTech EAA Hydration Blue Raspberry","2025-09","28","27.33","22.83","25.08","54","79.00","31"
"MuscleTech EAA Hydration Blue Raspberry","2025-10","31","29.67","24.00","25.17","87","76.00","32"
"MuscleTech EAA Hydration Blue Raspberry","2025-11","32","30.33","28.83","25.25","101","80.67","29"
"MuscleTech EAA Hydration Blue Raspberry","2025-12","29","30.67","29.00","25.67","73","87.00","33"
"MuscleTech EAA Hydration Blue Raspberry","2026-01","33","31.33","30.50","25.58","106","93.33","27"
"MuscleTech EAA Hydration Blue Raspberry","2026-02","27","29.67","30.00","25.92","55","78.00","23"
"MuscleTech EAA Hydration Blue Raspberry","2026-03","23","27.67","29.17","26.00","48","69.67","41"
"MuscleTech EAA Hydration Blue Raspberry","2026-04","41","30.33","30.83","27.42","86","63.00","49"
"MuscleTech EAA Hydration Blue Raspberry","2026-05","49","37.67","33.67","31.25","86","73.33","49"
"MuscleTech Glutamine Plus 300 g","2023-06","7","5.33","4.67","5.00","50","38.67","5"
"MuscleTech Glutamine Plus 300 g","2023-07","5","5.67","4.83","5.00","29","38.00","4"
"MuscleTech Glutamine Plus 300 g","2023-08","4","5.33","4.83","4.92","37","38.67","5"
"MuscleTech Glutamine Plus 300 g","2023-09","5","4.67","5.00","4.83","31","32.33","5"
"MuscleTech Glutamine Plus 300 g","2023-10","5","4.67","5.17","4.83","36","34.67","10"
"MuscleTech Glutamine Plus 300 g","2023-11","10","6.67","6.00","5.25","50","39.00","6"
"MuscleTech Glutamine Plus 300 g","2023-12","6","7.00","5.83","5.25","25","37.00","4"
"MuscleTech Glutamine Plus 300 g","2024-01","4","6.67","5.67","5.25","45","40.00","4"
"MuscleTech Glutamine Plus 300 g","2024-02","4","4.67","5.67","5.25","36","35.33","6"
"MuscleTech Glutamine Plus 300 g","2024-03","6","4.67","5.83","5.42","41","40.67","4"
"MuscleTech Glutamine Plus 300 g","2024-04","4","4.67","5.67","5.42","35","37.33","5"
"MuscleTech Glutamine Plus 300 g","2024-05","5","5.00","4.83","5.42","43","39.67","6"
"MuscleTech Glutamine Plus 300 g","2024-06","6","5.00","4.83","5.33","27","35.00","7"
"MuscleTech Glutamine Plus 300 g","2024-07","7","6.00","5.33","5.50","42","37.33","4"
"MuscleTech Glutamine Plus 300 g","2024-08","4","5.67","5.33","5.50","32","33.67","10"
"MuscleTech Glutamine Plus 300 g","2024-09","10","7.00","6.00","5.92","28","34.00","5"
"MuscleTech Glutamine Plus 300 g","2024-10","5","6.33","6.17","5.92","28","29.33","5"
"MuscleTech Glutamine Plus 300 g","2024-11","5","6.67","6.17","5.50","38","31.33","10"
"MuscleTech Glutamine Plus 300 g","2024-12","10","6.67","6.83","5.83","35","33.67","12"
"MuscleTech Glutamine Plus 300 g","2025-01","12","9.00","7.67","6.50","36","36.33","9"
"MuscleTech Glutamine Plus 300 g","2025-02","9","10.33","8.50","6.92","35","35.33","7"
"MuscleTech Glutamine Plus 300 g","2025-03","7","9.33","8.00","7.00","27","32.67","3"
"MuscleTech Glutamine Plus 300 g","2025-04","3","6.33","7.67","6.92","31","31.00","4"
"MuscleTech Glutamine Plus 300 g","2025-05","4","4.67","7.50","6.83","34","30.67","4"
"MuscleTech Glutamine Plus 300 g","2025-06","4","3.67","6.50","6.67","30","31.67","8"
"MuscleTech Glutamine Plus 300 g","2025-07","8","5.33","5.83","6.75","34","32.67","9"
"MuscleTech Glutamine Plus 300 g","2025-08","9","7.00","5.83","7.17","27","30.33","3"
"MuscleTech Glutamine Plus 300 g","2025-09","3","6.67","5.17","6.58","13","24.67","6"
"MuscleTech Glutamine Plus 300 g","2025-10","6","6.00","5.67","6.67","32","24.00","5"
"MuscleTech Glutamine Plus 300 g","2025-11","5","4.67","5.83","6.67","37","27.33","5"
"MuscleTech Glutamine Plus 300 g","2025-12","5","5.33","6.00","6.25","34","34.33","6"
"MuscleTech Glutamine Plus 300 g","2026-01","6","5.33","5.67","5.75","33","34.67","6"
"MuscleTech Glutamine Plus 300 g","2026-02","6","5.67","5.17","5.50","37","34.67","10"
"MuscleTech Glutamine Plus 300 g","2026-03","10","7.33","6.33","5.75","31","33.67","20"
"MuscleTech Glutamine Plus 300 g","2026-04","20","12.00","8.67","7.17","26","31.33","17"
"MuscleTech Glutamine Plus 300 g","2026-05","17","15.67","10.67","8.25","21","26.00","18"
"MuscleTech Grass Fed Whey Vanilla 2 lb","2023-06","13","10.67","8.83","8.00","78","59.00","6"
"MuscleTech Grass Fed Whey Vanilla 2 lb","2023-07","6","10.33","8.50","8.50","48","58.67","9"
"MuscleTech Grass Fed Whey Vanilla 2 lb","2023-08","9","9.33","8.50","8.50","44","56.67","13"
"MuscleTech Grass Fed Whey Vanilla 2 lb","2023-09","13","9.33","10.00","9.08","58","50.00","10"
"MuscleTech Grass Fed Whey Vanilla 2 lb","2023-10","10","10.67","10.50","9.33","61","54.33","16"
"MuscleTech Grass Fed Whey Vanilla 2 lb","2023-11","16","13.00","11.17","9.67","81","66.67","10"
"MuscleTech Grass Fed Whey Vanilla 2 lb","2023-12","10","12.00","10.67","9.75","77","73.00","7"
"MuscleTech Grass Fed Whey Vanilla 2 lb","2024-01","7","11.00","10.83","9.67","43","67.00","0"
"MuscleTech Grass Fed Whey Vanilla 2 lb","2024-02","0","5.67","9.33","8.92","29","49.67","13"
"MuscleTech Grass Fed Whey Vanilla 2 lb","2024-03","13","6.67","9.33","9.67","73","48.33","0"
"MuscleTech Grass Fed Whey Vanilla 2 lb","2024-04","0","4.33","7.67","9.08","37","46.33","11"
"MuscleTech Grass Fed Whey Vanilla 2 lb","2024-05","11","8.00","6.83","9.00","69","59.67","6"
"MuscleTech Grass Fed Whey Vanilla 2 lb","2024-06","6","5.67","6.17","8.42","40","48.67","15"
"MuscleTech Grass Fed Whey Vanilla 2 lb","2024-07","15","10.67","7.50","9.17","57","55.33","9"
"MuscleTech Grass Fed Whey Vanilla 2 lb","2024-08","9","10.00","9.00","9.17","62","53.00","13"
"MuscleTech Grass Fed Whey Vanilla 2 lb","2024-09","13","12.33","9.00","9.17","71","63.33","14"
"MuscleTech Grass Fed Whey Vanilla 2 lb","2024-10","14","12.00","11.33","9.50","108","80.33","16"
"MuscleTech Grass Fed Whey Vanilla 2 lb","2024-11","16","14.33","12.17","9.50","98","92.33","10"
"MuscleTech Grass Fed Whey Vanilla 2 lb","2024-12","10","13.33","12.83","9.50","61","89.00","12"
"MuscleTech Grass Fed Whey Vanilla 2 lb","2025-01","12","12.67","12.33","9.92","51","70.00","11"
"MuscleTech Grass Fed Whey Vanilla 2 lb","2025-02","11","11.00","12.67","10.83","83","65.00","9"
"MuscleTech Grass Fed Whey Vanilla 2 lb","2025-03","9","10.67","12.00","10.50","75","69.67","8"
"MuscleTech Grass Fed Whey Vanilla 2 lb","2025-04","8","9.33","11.00","11.17","53","70.33","15"
"MuscleTech Grass Fed Whey Vanilla 2 lb","2025-05","15","10.67","10.83","11.50","96","74.67","8"
"MuscleTech Grass Fed Whey Vanilla 2 lb","2025-06","8","10.33","10.50","11.67","54","67.67","13"
"MuscleTech Grass Fed Whey Vanilla 2 lb","2025-07","13","12.00","10.67","11.50","60","70.00","8"
"MuscleTech Grass Fed Whey Vanilla 2 lb","2025-08","8","9.67","10.17","11.42","49","54.33","8"
"MuscleTech Grass Fed Whey Vanilla 2 lb","2025-09","8","9.67","10.00","11.00","64","57.67","7"
"MuscleTech Grass Fed Whey Vanilla 2 lb","2025-10","7","7.67","9.83","10.42","84","65.67","9"
"MuscleTech Grass Fed Whey Vanilla 2 lb","2025-11","9","8.00","8.83","9.83","91","79.67","18"
"MuscleTech Grass Fed Whey Vanilla 2 lb","2025-12","18","11.33","10.50","10.50","102","92.33","13"
"MuscleTech Grass Fed Whey Vanilla 2 lb","2026-01","13","13.33","10.50","10.58","85","92.67","14"
"MuscleTech Grass Fed Whey Vanilla 2 lb","2026-02","14","15.00","11.50","10.83","87","91.33","14"
"MuscleTech Grass Fed Whey Vanilla 2 lb","2026-03","14","13.67","12.50","11.25","69","80.33","19"
"MuscleTech Grass Fed Whey Vanilla 2 lb","2026-04","19","15.67","14.50","12.17","74","76.67","18"
"MuscleTech Grass Fed Whey Vanilla 2 lb","2026-05","18","17.00","16.00","12.42","63","68.67","28"
"MuscleTech Hydroxycut Hardcore 100 caps","2023-06","9","10.33","11.83","12.50","29","47.33","9"
"MuscleTech Hydroxycut Hardcore 100 caps","2023-07","9","9.33","10.83","12.33","34","37.33","13"
"MuscleTech Hydroxycut Hardcore 100 caps","2023-08","13","10.33","11.00","12.33","85","49.33","12"
"MuscleTech Hydroxycut Hardcore 100 caps","2023-09","12","11.33","10.83","12.50","61","60.00","15"
"MuscleTech Hydroxycut Hardcore 100 caps","2023-10","15","13.33","11.33","12.67","61","69.00","14"
"MuscleTech Hydroxycut Hardcore 100 caps","2023-11","14","13.67","12.00","12.42","70","64.00","15"
"MuscleTech Hydroxycut Hardcore 100 caps","2023-12","15","14.67","13.00","12.42","97","76.00","15"
"MuscleTech Hydroxycut Hardcore 100 caps","2024-01","15","14.67","14.00","12.42","94","87.00","10"
"MuscleTech Hydroxycut Hardcore 100 caps","2024-02","10","13.33","13.50","12.25","45","78.67","10"
"MuscleTech Hydroxycut Hardcore 100 caps","2024-03","10","11.67","13.17","12.00","36","58.33","10"
"MuscleTech Hydroxycut Hardcore 100 caps","2024-04","10","10.00","12.33","11.83","37","39.33","15"
"MuscleTech Hydroxycut Hardcore 100 caps","2024-05","15","11.67","12.50","12.25","88","53.67","12"
"MuscleTech Hydroxycut Hardcore 100 caps","2024-06","12","12.33","12.00","12.50","62","62.33","14"
"MuscleTech Hydroxycut Hardcore 100 caps","2024-07","14","13.67","11.83","12.92","34","61.33","19"
"MuscleTech Hydroxycut Hardcore 100 caps","2024-08","19","15.00","13.33","13.42","62","52.67","17"
"MuscleTech Hydroxycut Hardcore 100 caps","2024-09","17","16.67","14.50","13.83","49","48.33","15"
"MuscleTech Hydroxycut Hardcore 100 caps","2024-10","15","17.00","15.33","13.83","80","63.67","10"
"MuscleTech Hydroxycut Hardcore 100 caps","2024-11","10","14.00","14.50","13.50","25","51.33","20"
"MuscleTech Hydroxycut Hardcore 100 caps","2024-12","20","15.00","15.83","13.92","41","48.67","14"
"MuscleTech Hydroxycut Hardcore 100 caps","2025-01","14","14.67","15.83","13.83","48","38.00","15"
"MuscleTech Hydroxycut Hardcore 100 caps","2025-02","15","16.33","15.17","14.25","63","50.67","8"
"MuscleTech Hydroxycut Hardcore 100 caps","2025-03","8","12.33","13.67","14.08","49","53.33","18"
"MuscleTech Hydroxycut Hardcore 100 caps","2025-04","18","13.67","14.17","14.75","38","50.00","20"
"MuscleTech Hydroxycut Hardcore 100 caps","2025-05","20","15.33","15.83","15.17","42","43.00","15"
"MuscleTech Hydroxycut Hardcore 100 caps","2025-06","15","17.67","15.00","15.42","72","50.67","22"
"MuscleTech Hydroxycut Hardcore 100 caps","2025-07","22","19.00","16.33","16.08","66","60.00","22"
"MuscleTech Hydroxycut Hardcore 100 caps","2025-08","22","19.67","17.50","16.33","80","72.67","24"
"MuscleTech Hydroxycut Hardcore 100 caps","2025-09","24","22.67","20.17","16.92","51","65.67","21"
"MuscleTech Hydroxycut Hardcore 100 caps","2025-10","21","22.33","20.67","17.42","34","55.00","21"
"MuscleTech Hydroxycut Hardcore 100 caps","2025-11","21","22.00","20.83","18.33","50","45.00","19"
"MuscleTech Hydroxycut Hardcore 100 caps","2025-12","19","20.33","21.50","18.25","47","43.67","27"
"MuscleTech Hydroxycut Hardcore 100 caps","2026-01","27","22.33","22.33","19.33","74","57.00","16"
"MuscleTech Hydroxycut Hardcore 100 caps","2026-02","16","20.67","21.33","19.42","43","54.67","17"
"MuscleTech Hydroxycut Hardcore 100 caps","2026-03","17","20.00","20.17","20.17","64","60.33","22"
"MuscleTech Hydroxycut Hardcore 100 caps","2026-04","22","18.33","20.33","20.50","55","54.00","26"
"MuscleTech Hydroxycut Hardcore 100 caps","2026-05","26","21.67","21.17","21.00","75","64.67","22"
"MuscleTech Mass Tech Extreme Chocolate 7 lb","2023-06","17","16.33","14.67","16.92","76","96.67","16"
"MuscleTech Mass Tech Extreme Chocolate 7 lb","2023-07","16","16.33","14.67","17.00","84","93.33","21"
"MuscleTech Mass Tech Extreme Chocolate 7 lb","2023-08","21","18.00","16.17","17.50","59","73.00","20"
"MuscleTech Mass Tech Extreme Chocolate 7 lb","2023-09","20","19.00","17.67","17.75","72","71.67","24"
"MuscleTech Mass Tech Extreme Chocolate 7 lb","2023-10","24","21.67","19.00","17.75","106","79.00","23"
"MuscleTech Mass Tech Extreme Chocolate 7 lb","2023-11","23","22.33","20.17","18.08","135","104.33","18"
"MuscleTech Mass Tech Extreme Chocolate 7 lb","2023-12","18","21.67","20.33","17.50","95","112.00","21"
"MuscleTech Mass Tech Extreme Chocolate 7 lb","2024-01","21","20.67","21.17","17.92","110","113.33","16"
"MuscleTech Mass Tech Extreme Chocolate 7 lb","2024-02","16","18.33","20.33","18.25","104","103.00","16"
"MuscleTech Mass Tech Extreme Chocolate 7 lb","2024-03","16","17.67","19.67","18.67","98","104.00","15"
"MuscleTech Mass Tech Extreme Chocolate 7 lb","2024-04","15","15.67","18.17","18.58","88","96.67","17"
"MuscleTech Mass Tech Extreme Chocolate 7 lb","2024-05","17","16.00","17.17","18.67","91","92.33","17"
"MuscleTech Mass Tech Extreme Chocolate 7 lb","2024-06","17","16.33","17.00","18.67","65","81.33","33"
"MuscleTech Mass Tech Extreme Chocolate 7 lb","2024-07","33","22.33","19.00","20.08","71","75.67","37"
"MuscleTech Mass Tech Extreme Chocolate 7 lb","2024-08","37","29.00","22.50","21.42","86","74.00","42"
"MuscleTech Mass Tech Extreme Chocolate 7 lb","2024-09","42","37.33","26.83","23.25","76","77.67","35"
"MuscleTech Mass Tech Extreme Chocolate 7 lb","2024-10","35","38.00","30.17","24.17","116","92.67","31"
"MuscleTech Mass Tech Extreme Chocolate 7 lb","2024-11","31","36.00","32.50","24.83","93","95.00","40"
"MuscleTech Mass Tech Extreme Chocolate 7 lb","2024-12","40","35.33","36.33","26.67","118","109.00","41"
"MuscleTech Mass Tech Extreme Chocolate 7 lb","2025-01","41","37.33","37.67","28.33","124","111.67","30"
"MuscleTech Mass Tech Extreme Chocolate 7 lb","2025-02","30","37.00","36.50","29.50","113","118.33","34"
"MuscleTech Mass Tech Extreme Chocolate 7 lb","2025-03","34","35.00","35.17","31.00","80","105.67","33"
"MuscleTech Mass Tech Extreme Chocolate 7 lb","2025-04","33","32.33","34.83","32.50","98","97.00","36"
"MuscleTech Mass Tech Extreme Chocolate 7 lb","2025-05","36","34.33","35.67","34.08","130","102.67","29"
"MuscleTech Mass Tech Extreme Chocolate 7 lb","2025-06","29","32.67","33.83","35.08","74","100.67","26"
"MuscleTech Mass Tech Extreme Chocolate 7 lb","2025-07","26","30.33","31.33","34.50","78","94.00","35"
"MuscleTech Mass Tech Extreme Chocolate 7 lb","2025-08","35","30.00","32.17","34.33","42","64.67","28"
"MuscleTech Mass Tech Extreme Chocolate 7 lb","2025-09","28","29.67","31.17","33.17","70","63.33","13"
"MuscleTech Mass Tech Extreme Chocolate 7 lb","2025-10","13","25.33","27.83","31.33","86","66.00","40"
"MuscleTech Mass Tech Extreme Chocolate 7 lb","2025-11","40","27.00","28.50","32.08","121","92.33","31"
"MuscleTech Mass Tech Extreme Chocolate 7 lb","2025-12","31","28.00","28.83","31.33","66","91.00","50"
"MuscleTech Mass Tech Extreme Chocolate 7 lb","2026-01","50","40.33","32.83","32.08","95","94.00","39"
"MuscleTech Mass Tech Extreme Chocolate 7 lb","2026-02","39","40.00","33.50","32.83","135","98.67","29"
"MuscleTech Mass Tech Extreme Chocolate 7 lb","2026-03","29","39.33","33.67","32.42","65","98.33","38"
"MuscleTech Mass Tech Extreme Chocolate 7 lb","2026-04","38","35.33","37.83","32.83","65","88.33","47"
"MuscleTech Mass Tech Extreme Chocolate 7 lb","2026-05","47","38.00","39.00","33.75","103","77.67","47"
"MuscleTech NitroTech Chocolate 4 lb","2023-06","11","11.67","10.67","12.25","60","72.67","10"
"MuscleTech NitroTech Chocolate 4 lb","2023-07","10","10.67","9.67","11.83","70","72.00","14"
"MuscleTech NitroTech Chocolate 4 lb","2023-08","14","11.67","9.83","11.92","84","71.33","11"
"MuscleTech NitroTech Chocolate 4 lb","2023-09","11","11.67","11.67","11.75","93","82.33","0"
"MuscleTech NitroTech Chocolate 4 lb","2023-10","0","8.33","9.50","10.50","39","72.00","12"
"MuscleTech NitroTech Chocolate 4 lb","2023-11","12","7.67","9.67","10.25","53","61.67","0"
"MuscleTech NitroTech Chocolate 4 lb","2023-12","0","4.00","7.83","9.25","50","47.33","16"
"MuscleTech NitroTech Chocolate 4 lb","2024-01","16","9.33","8.83","9.25","118","73.67","10"
"MuscleTech NitroTech Chocolate 4 lb","2024-02","10","8.67","8.17","9.00","61","76.33","12"
"MuscleTech NitroTech Chocolate 4 lb","2024-03","12","12.67","8.33","10.00","92","90.33","13"
"MuscleTech NitroTech Chocolate 4 lb","2024-04","13","11.67","10.50","10.00","82","78.33","13"
"MuscleTech NitroTech Chocolate 4 lb","2024-05","13","12.67","10.67","10.17","92","88.67","12"
"MuscleTech NitroTech Chocolate 4 lb","2024-06","12","12.67","12.67","10.25","68","80.67","12"
"MuscleTech NitroTech Chocolate 4 lb","2024-07","12","12.33","12.00","10.42","75","78.33","10"
"MuscleTech NitroTech Chocolate 4 lb","2024-08","10","11.33","12.00","10.08","69","70.67","13"
"MuscleTech NitroTech Chocolate 4 lb","2024-09","13","11.67","12.17","10.25","50","64.67","14"
"MuscleTech NitroTech Chocolate 4 lb","2024-10","14","12.33","12.33","11.42","85","68.00","16"
"MuscleTech NitroTech Chocolate 4 lb","2024-11","16","14.33","12.83","11.75","85","73.33","11"
"MuscleTech NitroTech Chocolate 4 lb","2024-12","11","13.67","12.67","12.67","53","74.33","13"
"MuscleTech NitroTech Chocolate 4 lb","2025-01","13","13.33","12.83","12.42","77","71.67","14"
"MuscleTech NitroTech Chocolate 4 lb","2025-02","14","12.67","13.50","12.75","68","66.00","12"
"MuscleTech NitroTech Chocolate 4 lb","2025-03","12","13.00","13.33","12.75","83","76.00","8"
"MuscleTech NitroTech Chocolate 4 lb","2025-04","8","11.33","12.33","12.33","69","73.33","9"
"MuscleTech NitroTech Chocolate 4 lb","2025-05","9","9.67","11.17","12.00","40","64.00","11"
"MuscleTech NitroTech Chocolate 4 lb","2025-06","11","9.33","11.17","11.92","64","57.67","14"
"MuscleTech NitroTech Chocolate 4 lb","2025-07","14","11.33","11.33","12.08","63","55.67","9"
"MuscleTech NitroTech Chocolate 4 lb","2025-08","9","11.33","10.50","12.00","52","59.67","14"
"MuscleTech NitroTech Chocolate 4 lb","2025-09","14","12.33","10.83","12.08","57","57.33","13"
"MuscleTech NitroTech Chocolate 4 lb","2025-10","13","12.00","11.67","12.00","55","54.67","9"
"MuscleTech NitroTech Chocolate 4 lb","2025-11","9","12.00","11.67","11.42","65","59.00","11"
"MuscleTech NitroTech Chocolate 4 lb","2025-12","11","11.00","11.67","11.42","47","55.67","15"
"MuscleTech NitroTech Chocolate 4 lb","2026-01","15","11.67","11.83","11.58","86","66.00","10"
"MuscleTech NitroTech Chocolate 4 lb","2026-02","10","12.00","12.00","11.25","56","63.00","18"
"MuscleTech NitroTech Chocolate 4 lb","2026-03","18","14.33","12.67","11.75","63","68.33","21"
"MuscleTech NitroTech Chocolate 4 lb","2026-04","21","16.33","14.00","12.83","50","56.33","25"
"MuscleTech NitroTech Chocolate 4 lb","2026-05","25","21.33","16.67","14.17","64","59.00","30"
"MuscleTech NitroTech Vanilla 4 lb","2023-06","4","5.67","6.00","5.42","51","62.67","5"
"MuscleTech NitroTech Vanilla 4 lb","2023-07","5","5.33","6.00","5.42","62","62.67","7"
"MuscleTech NitroTech Vanilla 4 lb","2023-08","7","5.33","6.33","5.58","57","56.67","4"
"MuscleTech NitroTech Vanilla 4 lb","2023-09","4","5.33","5.50","5.42","45","54.67","5"
"MuscleTech NitroTech Vanilla 4 lb","2023-10","5","5.33","5.33","5.42","39","47.00","4"
"MuscleTech NitroTech Vanilla 4 lb","2023-11","4","4.33","4.83","5.33","62","48.67","4"
"MuscleTech NitroTech Vanilla 4 lb","2023-12","4","4.33","4.83","5.42","59","53.33","6"
"MuscleTech NitroTech Vanilla 4 lb","2024-01","6","4.67","5.00","5.50","77","66.00","6"
"MuscleTech NitroTech Vanilla 4 lb","2024-02","6","5.33","4.83","5.58","54","63.33","4"
"MuscleTech NitroTech Vanilla 4 lb","2024-03","4","5.33","4.83","5.17","45","58.67","6"
"MuscleTech NitroTech Vanilla 4 lb","2024-04","6","5.33","5.00","5.17","53","50.67","6"
"MuscleTech NitroTech Vanilla 4 lb","2024-05","6","5.33","5.33","5.08","76","58.00","6"
"MuscleTech NitroTech Vanilla 4 lb","2024-06","6","6.00","5.67","5.25","56","61.67","12"
"MuscleTech NitroTech Vanilla 4 lb","2024-07","12","8.00","6.67","5.83","56","62.67","13"
"MuscleTech NitroTech Vanilla 4 lb","2024-08","13","10.33","7.83","6.33","52","54.67","14"
"MuscleTech NitroTech Vanilla 4 lb","2024-09","14","13.00","9.50","7.17","50","52.67","5"
"MuscleTech NitroTech Vanilla 4 lb","2024-10","5","10.67","9.33","7.17","60","54.00","15"
"MuscleTech NitroTech Vanilla 4 lb","2024-11","15","11.33","10.83","8.08","55","55.00","19"
"MuscleTech NitroTech Vanilla 4 lb","2024-12","19","13.00","13.00","9.33","57","57.33","16"
"MuscleTech NitroTech Vanilla 4 lb","2025-01","16","16.67","13.67","10.17","59","57.00","14"
"MuscleTech NitroTech Vanilla 4 lb","2025-02","14","16.33","13.83","10.83","49","55.00","5"
"MuscleTech NitroTech Vanilla 4 lb","2025-03","5","11.67","12.33","10.92","41","49.67","9"
"MuscleTech NitroTech Vanilla 4 lb","2025-04","9","9.33","13.00","11.17","38","42.67","7"
"MuscleTech NitroTech Vanilla 4 lb","2025-05","7","7.00","11.67","11.25","43","40.67","11"
"MuscleTech NitroTech Vanilla 4 lb","2025-06","11","9.00","10.33","11.67","59","46.67","5"
"MuscleTech NitroTech Vanilla 4 lb","2025-07","5","7.67","8.50","11.08","48","50.00","4"
"MuscleTech NitroTech Vanilla 4 lb","2025-08","4","6.67","6.83","10.33","59","55.33","11"
"MuscleTech NitroTech Vanilla 4 lb","2025-09","11","6.67","7.83","10.08","45","50.67","7"
"MuscleTech NitroTech Vanilla 4 lb","2025-10","7","7.33","7.50","10.25","37","47.00","16"
"MuscleTech NitroTech Vanilla 4 lb","2025-11","16","11.33","9.00","10.33","55","45.67","14"
"MuscleTech NitroTech Vanilla 4 lb","2025-12","14","12.33","9.50","9.92","40","44.00","6"
"MuscleTech NitroTech Vanilla 4 lb","2026-01","6","12.00","9.67","9.08","65","53.33","19"
"MuscleTech NitroTech Vanilla 4 lb","2026-02","19","13.00","12.17","9.50","51","52.00","16"
"MuscleTech NitroTech Vanilla 4 lb","2026-03","16","13.67","13.00","10.42","45","53.67","19"
"MuscleTech NitroTech Vanilla 4 lb","2026-04","19","18.00","15.00","11.25","46","47.33","34"
"MuscleTech NitroTech Vanilla 4 lb","2026-05","34","23.00","18.00","13.50","53","48.00","25"
"MuscleTech Platinum Creatine 400 g","2023-06","12","10.00","11.33","11.58","74","56.00","15"
"MuscleTech Platinum Creatine 400 g","2023-07","15","12.00","11.67","11.67","95","70.00","15"
"MuscleTech Platinum Creatine 400 g","2023-08","15","14.00","12.67","12.25","44","71.00","15"
"MuscleTech Platinum Creatine 400 g","2023-09","15","15.00","12.50","12.17","43","60.67","8"
"MuscleTech Platinum Creatine 400 g","2023-10","8","12.67","12.33","11.92","54","47.00","15"
"MuscleTech Platinum Creatine 400 g","2023-11","15","12.67","13.33","12.08","71","56.00","9"
"MuscleTech Platinum Creatine 400 g","2023-12","9","10.67","12.83","12.08","51","58.67","17"
"MuscleTech Platinum Creatine 400 g","2024-01","17","13.67","13.17","12.42","62","61.33","8"
"MuscleTech Platinum Creatine 400 g","2024-02","8","11.33","12.00","12.33","55","56.00","13"
"MuscleTech Platinum Creatine 400 g","2024-03","13","12.67","11.67","12.08","81","66.00","17"
"MuscleTech Platinum Creatine 400 g","2024-04","17","12.67","13.17","12.75","84","73.33","14"
"MuscleTech Platinum Creatine 400 g","2024-05","14","14.67","13.00","13.17","84","83.00","9"
"MuscleTech Platinum Creatine 400 g","2024-06","9","13.33","13.00","12.92","46","71.33","37"
"MuscleTech Platinum Creatine 400 g","2024-07","37","20.00","16.33","14.75","90","73.33","28"
"MuscleTech Platinum Creatine 400 g","2024-08","28","24.67","19.67","15.83","42","59.33","35"
"MuscleTech Platinum Creatine 400 g","2024-09","35","33.33","23.33","17.50","39","57.00","33"
"MuscleTech Platinum Creatine 400 g","2024-10","33","32.00","26.00","19.58","40","40.33","38"
"MuscleTech Platinum Creatine 400 g","2024-11","38","35.33","30.00","21.50","80","53.00","32"
"MuscleTech Platinum Creatine 400 g","2024-12","32","34.33","33.83","23.42","43","54.33","26"
"MuscleTech Platinum Creatine 400 g","2025-01","26","32.00","32.00","24.17","55","59.33","29"
"MuscleTech Platinum Creatine 400 g","2025-02","29","29.00","32.17","25.92","57","51.67","36"
"MuscleTech Platinum Creatine 400 g","2025-03","36","30.33","32.33","27.83","60","57.33","40"
"MuscleTech Platinum Creatine 400 g","2025-04","40","35.00","33.50","29.75","41","52.67","30"
"MuscleTech Platinum Creatine 400 g","2025-05","30","35.33","32.17","31.08","36","45.67","31"
"MuscleTech Platinum Creatine 400 g","2025-06","31","33.67","32.00","32.92","61","46.00","32"
"MuscleTech Platinum Creatine 400 g","2025-07","32","31.00","33.00","32.50","50","49.00","39"
"MuscleTech Platinum Creatine 400 g","2025-08","39","34.00","34.67","33.42","45","52.00","35"
"MuscleTech Platinum Creatine 400 g","2025-09","35","35.33","34.50","33.42","48","47.67","28"
"MuscleTech Platinum Creatine 400 g","2025-10","28","34.00","32.50","33.00","53","48.67","48"
"MuscleTech Platinum Creatine 400 g","2025-11","48","37.00","35.50","33.83","88","63.00","24"
"MuscleTech Platinum Creatine 400 g","2025-12","24","33.33","34.33","33.17","32","57.67","41"
"MuscleTech Platinum Creatine 400 g","2026-01","41","37.67","35.83","34.42","35","51.67","27"
"MuscleTech Platinum Creatine 400 g","2026-02","27","30.67","33.83","34.25","64","43.67","46"
"MuscleTech Platinum Creatine 400 g","2026-03","46","38.00","35.67","35.08","85","61.33","42"
"MuscleTech Platinum Creatine 400 g","2026-04","42","38.33","38.00","35.25","57","68.67","40"
"MuscleTech Platinum Creatine 400 g","2026-05","40","42.67","36.67","36.08","54","65.33","58"
"MuscleTech Platinum Multivitamin 90 tabs","2023-06","11","9.33","9.00","8.58","135","135.00","10"
"MuscleTech Platinum Multivitamin 90 tabs","2023-07","10","9.00","9.50","8.67","113","127.67","8"
"MuscleTech Platinum Multivitamin 90 tabs","2023-08","8","9.67","9.00","8.83","114","120.67","6"
"MuscleTech Platinum Multivitamin 90 tabs","2023-09","6","8.00","8.67","8.83","135","120.67","12"
"MuscleTech Platinum Multivitamin 90 tabs","2023-10","12","8.67","8.83","9.25","125","124.67","10"
"MuscleTech Platinum Multivitamin 90 tabs","2023-11","10","9.33","9.50","9.42","135","131.67","11"
"MuscleTech Platinum Multivitamin 90 tabs","2023-12","11","11.00","9.50","9.25","135","131.67","12"
"MuscleTech Platinum Multivitamin 90 tabs","2024-01","12","11.00","9.83","9.67","105","125.00","6"
"MuscleTech Platinum Multivitamin 90 tabs","2024-02","6","9.67","9.50","9.25","114","118.00","6"
"MuscleTech Platinum Multivitamin 90 tabs","2024-03","6","8.00","9.50","9.08","116","111.67","8"
"MuscleTech Platinum Multivitamin 90 tabs","2024-04","8","6.67","8.83","8.83","113","114.33","9"
"MuscleTech Platinum Multivitamin 90 tabs","2024-05","9","7.67","8.67","9.08","135","121.33","5"
"MuscleTech Platinum Multivitamin 90 tabs","2024-06","5","7.33","7.67","8.58","135","127.67","8"
"MuscleTech Platinum Multivitamin 90 tabs","2024-07","8","7.33","7.00","8.42","135","135.00","6"
"MuscleTech Platinum Multivitamin 90 tabs","2024-08","6","6.33","7.00","8.25","105","125.00","19"
"MuscleTech Platinum Multivitamin 90 tabs","2024-09","19","11.00","9.17","9.33","135","125.00","7"
"MuscleTech Platinum Multivitamin 90 tabs","2024-10","7","10.67","9.00","8.92","99","113.00","10"
"MuscleTech Platinum Multivitamin 90 tabs","2024-11","10","12.00","9.17","8.92","135","123.00","12"
"MuscleTech Platinum Multivitamin 90 tabs","2024-12","12","9.67","10.33","9.00","135","123.00","14"
"MuscleTech Platinum Multivitamin 90 tabs","2025-01","14","12.00","11.33","9.17","110","126.67","15"
"MuscleTech Platinum Multivitamin 90 tabs","2025-02","15","13.67","12.83","9.92","104","116.33","13"
"MuscleTech Platinum Multivitamin 90 tabs","2025-03","13","14.00","11.83","10.50","87","100.33","19"
"MuscleTech Platinum Multivitamin 90 tabs","2025-04","19","15.67","13.83","11.42","132","107.67","13"
"MuscleTech Platinum Multivitamin 90 tabs","2025-05","13","15.00","14.33","11.75","135","118.00","14"
"MuscleTech Platinum Multivitamin 90 tabs","2025-06","14","15.33","14.67","12.50","135","134.00","18"
"MuscleTech Platinum Multivitamin 90 tabs","2025-07","18","15.00","15.33","13.33","122","130.67","7"
"MuscleTech Platinum Multivitamin 90 tabs","2025-08","7","13.00","14.00","13.42","135","130.67","14"
"MuscleTech Platinum Multivitamin 90 tabs","2025-09","14","13.00","14.17","13.00","135","130.67","17"
"MuscleTech Platinum Multivitamin 90 tabs","2025-10","17","12.67","13.83","13.83","106","125.33","18"
"MuscleTech Platinum Multivitamin 90 tabs","2025-11","18","16.33","14.67","14.50","135","125.33","16"
"MuscleTech Platinum Multivitamin 90 tabs","2025-12","16","17.00","15.00","14.83","103","114.67","18"
"MuscleTech Platinum Multivitamin 90 tabs","2026-01","18","17.33","15.00","15.17","135","124.33","16"
"MuscleTech Platinum Multivitamin 90 tabs","2026-02","16","16.67","16.50","15.25","135","124.33","18"
"MuscleTech Platinum Multivitamin 90 tabs","2026-03","18","17.33","17.17","15.67","135","135.00","24"
"MuscleTech Platinum Multivitamin 90 tabs","2026-04","24","19.33","18.33","16.08","135","135.00","22"
"MuscleTech Platinum Multivitamin 90 tabs","2026-05","22","21.33","19.00","16.83","135","135.00","31"
"MuscleTech Protein Cookie Chocolate Chip","2023-06","17","14.33","13.00","13.67","70","67.33","11"
"MuscleTech Protein Cookie Chocolate Chip","2023-07","11","12.33","12.67","13.42","60","61.67","15"
"MuscleTech Protein Cookie Chocolate Chip","2023-08","15","14.33","14.00","13.83","62","64.00","21"
"MuscleTech Protein Cookie Chocolate Chip","2023-09","21","15.67","15.00","14.50","69","63.67","12"
"MuscleTech Protein Cookie Chocolate Chip","2023-10","12","16.00","14.17","14.58","45","58.67","18"
"MuscleTech Protein Cookie Chocolate Chip","2023-11","18","17.00","15.67","14.50","74","62.67","11"
"MuscleTech Protein Cookie Chocolate Chip","2023-12","11","13.67","14.67","13.83","81","66.67","18"
"MuscleTech Protein Cookie Chocolate Chip","2024-01","18","15.67","15.83","14.25","84","79.67","11"
"MuscleTech Protein Cookie Chocolate Chip","2024-02","11","13.33","15.17","14.58","46","70.33","14"
"MuscleTech Protein Cookie Chocolate Chip","2024-03","14","14.33","14.00","14.50","38","56.00","10"
"MuscleTech Protein Cookie Chocolate Chip","2024-04","10","11.67","13.67","13.92","64","49.33","15"
"MuscleTech Protein Cookie Chocolate Chip","2024-05","15","13.00","13.17","14.42","78","60.00","12"
"MuscleTech Protein Cookie Chocolate Chip","2024-06","12","12.33","13.33","14.00","54","65.33","15"
"MuscleTech Protein Cookie Chocolate Chip","2024-07","15","14.00","12.83","14.33","66","66.00","14"
"MuscleTech Protein Cookie Chocolate Chip","2024-08","14","13.67","13.33","14.25","74","64.67","12"
"MuscleTech Protein Cookie Chocolate Chip","2024-09","12","13.67","13.00","13.50","70","70.00","14"
"MuscleTech Protein Cookie Chocolate Chip","2024-10","14","13.33","13.67","13.67","79","74.33","13"
"MuscleTech Protein Cookie Chocolate Chip","2024-11","13","13.00","13.33","13.25","38","62.33","7"
"MuscleTech Protein Cookie Chocolate Chip","2024-12","7","11.33","12.50","12.92","32","49.67","9"
"MuscleTech Protein Cookie Chocolate Chip","2025-01","9","9.67","11.50","12.17","57","42.33","14"
"MuscleTech Protein Cookie Chocolate Chip","2025-02","14","10.00","11.50","12.42","58","49.00","12"
"MuscleTech Protein Cookie Chocolate Chip","2025-03","12","11.67","11.50","12.25","76","63.67","12"
"MuscleTech Protein Cookie Chocolate Chip","2025-04","12","12.67","11.17","12.42","41","58.33","13"
"MuscleTech Protein Cookie Chocolate Chip","2025-05","13","12.33","11.17","12.25","65","60.67","14"
"MuscleTech Protein Cookie Chocolate Chip","2025-06","14","13.00","12.33","12.42","73","59.67","18"
"MuscleTech Protein Cookie Chocolate Chip","2025-07","18","15.00","13.83","12.67","44","60.67","13"
"MuscleTech Protein Cookie Chocolate Chip","2025-08","13","15.00","13.67","12.58","49","55.33","7"
"MuscleTech Protein Cookie Chocolate Chip","2025-09","7","12.67","12.83","12.17","44","45.67","10"
"MuscleTech Protein Cookie Chocolate Chip","2025-10","10","10.00","12.50","11.83","49","47.33","18"
"MuscleTech Protein Cookie Chocolate Chip","2025-11","18","11.67","13.33","12.25","85","59.33","17"
"MuscleTech Protein Cookie Chocolate Chip","2025-12","17","15.00","13.83","13.08","56","63.33","15"
"MuscleTech Protein Cookie Chocolate Chip","2026-01","15","16.67","13.33","13.58","83","74.67","11"
"MuscleTech Protein Cookie Chocolate Chip","2026-02","11","14.33","13.00","13.33","31","56.67","12"
"MuscleTech Protein Cookie Chocolate Chip","2026-03","12","12.67","13.83","13.33","42","52.00","20"
"MuscleTech Protein Cookie Chocolate Chip","2026-04","20","14.33","15.50","14.00","58","43.67","20"
"MuscleTech Protein Cookie Chocolate Chip","2026-05","20","17.33","15.83","14.58","43","47.67","18"
"MuscleTech Test HD 90 caps","2023-06","6","6.33","7.00","7.00","56","54.67","6"
"MuscleTech Test HD 90 caps","2023-07","6","6.33","6.50","7.00","58","56.33","8"
"MuscleTech Test HD 90 caps","2023-08","8","6.67","6.50","7.17","62","58.67","6"
"MuscleTech Test HD 90 caps","2023-09","6","6.67","6.50","7.00","39","53.00","4"
"MuscleTech Test HD 90 caps","2023-10","4","6.00","6.17","6.75","60","53.67","5"
"MuscleTech Test HD 90 caps","2023-11","5","5.00","5.83","6.42","45","48.00","8"
"MuscleTech Test HD 90 caps","2023-12","8","5.67","6.17","6.58","55","53.33","10"
"MuscleTech Test HD 90 caps","2024-01","10","7.67","6.83","6.67","92","64.00","9"
"MuscleTech Test HD 90 caps","2024-02","9","9.00","7.00","6.75","63","70.00","7"
"MuscleTech Test HD 90 caps","2024-03","7","8.67","7.17","6.83","45","66.67","8"
"MuscleTech Test HD 90 caps","2024-04","8","8.00","7.83","7.00","59","55.67","7"
"MuscleTech Test HD 90 caps","2024-05","7","7.33","8.17","7.00","73","59.00","9"
"MuscleTech Test HD 90 caps","2024-06","9","8.00","8.33","7.25","67","66.33","6"
"MuscleTech Test HD 90 caps","2024-07","6","7.33","7.67","7.25","50","63.33","7"
"MuscleTech Test HD 90 caps","2024-08","7","7.33","7.33","7.17","79","65.33","9"
"MuscleTech Test HD 90 caps","2024-09","9","7.33","7.67","7.42","78","69.00","6"
"MuscleTech Test HD 90 caps","2024-10","6","7.33","7.33","7.58","75","77.33","7"
"MuscleTech Test HD 90 caps","2024-11","7","7.33","7.33","7.75","89","80.67","8"
"MuscleTech Test HD 90 caps","2024-12","8","7.00","7.17","7.75","70","78.00","10"
"MuscleTech Test HD 90 caps","2025-01","10","8.33","7.83","7.75","88","82.33","10"
"MuscleTech Test HD 90 caps","2025-02","10","9.33","8.33","7.83","57","71.67","11"
"MuscleTech Test HD 90 caps","2025-03","11","10.33","8.67","8.17","93","79.33","8"
"MuscleTech Test HD 90 caps","2025-04","8","9.67","9.00","8.17","62","70.67","6"
"MuscleTech Test HD 90 caps","2025-05","6","8.33","8.83","8.08","77","77.33","5"
"MuscleTech Test HD 90 caps","2025-06","5","6.33","8.33","7.75","68","69.00","6"
"MuscleTech Test HD 90 caps","2025-07","6","5.67","7.67","7.75","48","64.33","9"
"MuscleTech Test HD 90 caps","2025-08","9","6.67","7.50","7.92","50","55.33","9"
"MuscleTech Test HD 90 caps","2025-09","9","8.00","7.17","7.92","69","55.67","9"
"MuscleTech Test HD 90 caps","2025-10","9","9.00","7.33","8.17","84","67.67","7"
"MuscleTech Test HD 90 caps","2025-11","7","8.33","7.50","8.17","92","81.67","11"
"MuscleTech Test HD 90 caps","2025-12","11","9.00","8.50","8.42","58","78.00","8"
"MuscleTech Test HD 90 caps","2026-01","8","8.67","8.83","8.25","83","77.67","9"
"MuscleTech Test HD 90 caps","2026-02","9","9.33","8.83","8.17","93","78.00","9"
"MuscleTech Test HD 90 caps","2026-03","9","8.67","8.83","8.00","77","84.33","9"
"MuscleTech Test HD 90 caps","2026-04","9","9.00","8.83","8.08","85","85.00","10"
"MuscleTech Test HD 90 caps","2026-05","10","9.33","9.33","8.42","69","77.00","9"
"MuscleTech Vapor X5 Fruit Punch","2023-06","7","9.33","10.50","10.00","111","108.33","10"
"MuscleTech Vapor X5 Fruit Punch","2023-07","10","9.67","9.67","10.25","113","111.00","9"
"MuscleTech Vapor X5 Fruit Punch","2023-08","9","8.67","9.67","10.42","115","113.00","12"
"MuscleTech Vapor X5 Fruit Punch","2023-09","12","10.33","9.83","10.67","95","107.67","12"
"MuscleTech Vapor X5 Fruit Punch","2023-10","12","11.00","10.33","10.83","119","109.67","13"
"MuscleTech Vapor X5 Fruit Punch","2023-11","13","12.33","10.50","10.75","135","116.33","9"
"MuscleTech Vapor X5 Fruit Punch","2023-12","9","11.33","10.83","10.67","104","119.33","8"
"MuscleTech Vapor X5 Fruit Punch","2024-01","8","10.00","10.50","10.08","99","112.67","11"
"MuscleTech Vapor X5 Fruit Punch","2024-02","11","9.33","10.83","10.25","116","106.33","11"
"MuscleTech Vapor X5 Fruit Punch","2024-03","11","10.00","10.67","10.25","91","102.00","7"
"MuscleTech Vapor X5 Fruit Punch","2024-04","7","9.67","9.83","10.08","95","100.67","0"
"MuscleTech Vapor X5 Fruit Punch","2024-05","0","6.00","7.67","9.08","101","95.67","5"
"MuscleTech Vapor X5 Fruit Punch","2024-06","5","4.00","7.00","8.92","79","91.67","10"
"MuscleTech Vapor X5 Fruit Punch","2024-07","10","5.00","7.33","8.92","87","89.00","16"
"MuscleTech Vapor X5 Fruit Punch","2024-08","16","10.33","8.17","9.50","113","93.00","8"
"MuscleTech Vapor X5 Fruit Punch","2024-09","8","11.33","7.67","9.17","79","93.00","8"
"MuscleTech Vapor X5 Fruit Punch","2024-10","8","10.67","7.83","8.83","88","93.33","9"
"MuscleTech Vapor X5 Fruit Punch","2024-11","9","8.33","9.33","8.50","107","91.33","12"
"MuscleTech Vapor X5 Fruit Punch","2024-12","12","9.67","10.50","8.75","109","101.33","8"
"MuscleTech Vapor X5 Fruit Punch","2025-01","8","9.67","10.17","8.75","83","99.67","12"
"MuscleTech Vapor X5 Fruit Punch","2025-02","12","10.67","9.50","8.83","84","92.00","11"
"MuscleTech Vapor X5 Fruit Punch","2025-03","11","10.33","10.00","8.83","118","95.00","7"
"MuscleTech Vapor X5 Fruit Punch","2025-04","7","10.00","9.83","8.83","93","98.33","12"
"MuscleTech Vapor X5 Fruit Punch","2025-05","12","10.00","10.33","9.83","100","103.67","10"
"MuscleTech Vapor X5 Fruit Punch","2025-06","10","9.67","10.00","10.25","103","98.67","9"
"MuscleTech Vapor X5 Fruit Punch","2025-07","9","10.33","10.17","10.17","97","100.00","8"
"MuscleTech Vapor X5 Fruit Punch","2025-08","8","9.00","9.50","9.50","97","99.00","11"
"MuscleTech Vapor X5 Fruit Punch","2025-09","11","9.33","9.50","9.75","89","94.33","9"
"MuscleTech Vapor X5 Fruit Punch","2025-10","9","9.33","9.83","9.83","96","94.00","8"
"MuscleTech Vapor X5 Fruit Punch","2025-11","8","9.33","9.17","9.75","134","106.33","11"
"MuscleTech Vapor X5 Fruit Punch","2025-12","11","9.33","9.33","9.67","109","113.00","8"
"MuscleTech Vapor X5 Fruit Punch","2026-01","8","9.00","9.17","9.67","99","114.00","4"
"MuscleTech Vapor X5 Fruit Punch","2026-02","4","7.67","8.50","9.00","89","99.00","11"
"MuscleTech Vapor X5 Fruit Punch","2026-03","11","7.67","8.50","9.00","103","97.00","18"
"MuscleTech Vapor X5 Fruit Punch","2026-04","18","11.00","10.00","9.92","106","99.33","18"
"MuscleTech Vapor X5 Fruit Punch","2026-05","18","15.67","11.67","10.42","106","105.00","29"
"Optimum Nutrition Amino Energy Blue Raspberry 270 g","2023-06","6","5.67","5.50","5.92","106","122.67","6"
"Optimum Nutrition Amino Energy Blue Raspberry 270 g","2023-07","6","6.00","5.17","5.83","135","122.67","5"
"Optimum Nutrition Amino Energy Blue Raspberry 270 g","2023-08","5","5.67","5.50","5.67","108","116.33","6"
"Optimum Nutrition Amino Energy Blue Raspberry 270 g","2023-09","6","5.67","5.67","5.75","109","117.33","5"
"Optimum Nutrition Amino Energy Blue Raspberry 270 g","2023-10","5","5.33","5.67","5.75","112","109.67","6"
"Optimum Nutrition Amino Energy Blue Raspberry 270 g","2023-11","6","5.67","5.67","5.58","135","118.67","7"
"Optimum Nutrition Amino Energy Blue Raspberry 270 g","2023-12","7","6.00","5.83","5.67","135","127.33","6"
"Optimum Nutrition Amino Energy Blue Raspberry 270 g","2024-01","6","6.33","5.83","5.50","132","134.00","6"
"Optimum Nutrition Amino Energy Blue Raspberry 270 g","2024-02","6","6.33","6.00","5.75","123","130.00","5"
"Optimum Nutrition Amino Energy Blue Raspberry 270 g","2024-03","5","5.67","5.83","5.75","93","116.00","5"
"Optimum Nutrition Amino Energy Blue Raspberry 270 g","2024-04","5","5.33","5.83","5.75","103","106.33","4"
"Optimum Nutrition Amino Energy Blue Raspberry 270 g","2024-05","4","4.67","5.50","5.58","121","105.67","4"
"Optimum Nutrition Amino Energy Blue Raspberry 270 g","2024-06","4","4.33","5.00","5.42","115","113.00","9"
"Optimum Nutrition Amino Energy Blue Raspberry 270 g","2024-07","9","5.67","5.50","5.67","116","117.33","8"
"Optimum Nutrition Amino Energy Blue Raspberry 270 g","2024-08","8","7.00","5.83","5.92","92","107.67","10"
"Optimum Nutrition Amino Energy Blue Raspberry 270 g","2024-09","10","9.00","6.67","6.25","135","114.33","7"
"Optimum Nutrition Amino Energy Blue Raspberry 270 g","2024-10","7","8.33","7.00","6.42","89","105.33","5"
"Optimum Nutrition Amino Energy Blue Raspberry 270 g","2024-11","5","7.33","7.17","6.33","89","104.33","7"
"Optimum Nutrition Amino Energy Blue Raspberry 270 g","2024-12","7","6.33","7.67","6.33","78","85.33","9"
"Optimum Nutrition Amino Energy Blue Raspberry 270 g","2025-01","9","7.00","7.67","6.58","135","100.67","5"
"Optimum Nutrition Amino Energy Blue Raspberry 270 g","2025-02","5","7.00","7.17","6.50","96","103.00","8"
"Optimum Nutrition Amino Energy Blue Raspberry 270 g","2025-03","8","7.33","6.83","6.75","95","108.67","4"
"Optimum Nutrition Amino Energy Blue Raspberry 270 g","2025-04","4","5.67","6.33","6.67","127","106.00","4"
"Optimum Nutrition Amino Energy Blue Raspberry 270 g","2025-05","4","5.33","6.17","6.67","104","108.67","7"
"Optimum Nutrition Amino Energy Blue Raspberry 270 g","2025-06","7","5.00","6.17","6.92","126","119.00","3"
"Optimum Nutrition Amino Energy Blue Raspberry 270 g","2025-07","3","4.67","5.17","6.42","86","105.33","9"
"Optimum Nutrition Amino Energy Blue Raspberry 270 g","2025-08","9","6.33","5.83","6.50","124","112.00","4"
"Optimum Nutrition Amino Energy Blue Raspberry 270 g","2025-09","4","5.33","5.17","6.00","111","107.00","4"
"Optimum Nutrition Amino Energy Blue Raspberry 270 g","2025-10","4","5.67","5.17","5.75","98","111.00","4"
"Optimum Nutrition Amino Energy Blue Raspberry 270 g","2025-11","4","4.00","5.17","5.67","106","105.00","5"
"Optimum Nutrition Amino Energy Blue Raspberry 270 g","2025-12","5","4.33","4.83","5.50","85","96.33","10"
"Optimum Nutrition Amino Energy Blue Raspberry 270 g","2026-01","10","6.33","6.00","5.58","87","92.67","10"
"Optimum Nutrition Amino Energy Blue Raspberry 270 g","2026-02","10","8.33","6.17","6.00","87","86.33","7"
"Optimum Nutrition Amino Energy Blue Raspberry 270 g","2026-03","7","9.00","6.67","5.92","81","85.00","13"
"Optimum Nutrition Amino Energy Blue Raspberry 270 g","2026-04","13","10.00","8.17","6.67","119","95.67","16"
"Optimum Nutrition Amino Energy Blue Raspberry 270 g","2026-05","16","12.00","10.17","7.67","112","104.00","21"
"Optimum Nutrition Amino Energy Watermelon 270 g","2023-06","7","5.67","6.33","6.42","39","39.00","6"
"Optimum Nutrition Amino Energy Watermelon 270 g","2023-07","6","6.00","6.33","6.33","51","43.67","7"
"Optimum Nutrition Amino Energy Watermelon 270 g","2023-08","7","6.67","6.33","6.50","36","42.00","8"
"Optimum Nutrition Amino Energy Watermelon 270 g","2023-09","8","7.00","6.33","6.50","51","46.00","8"
"Optimum Nutrition Amino Energy Watermelon 270 g","2023-10","8","7.67","6.83","6.75","52","46.33","7"
"Optimum Nutrition Amino Energy Watermelon 270 g","2023-11","7","7.67","7.17","6.83","34","45.67","7"
"Optimum Nutrition Amino Energy Watermelon 270 g","2023-12","7","7.33","7.17","6.75","42","42.67","7"
"Optimum Nutrition Amino Energy Watermelon 270 g","2024-01","7","7.00","7.33","6.83","35","37.00","8"
"Optimum Nutrition Amino Energy Watermelon 270 g","2024-02","8","7.33","7.50","6.92","50","42.33","8"
"Optimum Nutrition Amino Energy Watermelon 270 g","2024-03","8","7.67","7.50","6.92","60","48.33","7"
"Optimum Nutrition Amino Energy Watermelon 270 g","2024-04","7","7.67","7.33","7.08","44","51.33","6"
"Optimum Nutrition Amino Energy Watermelon 270 g","2024-05","6","7.00","7.17","7.17","36","46.67","6"
"Optimum Nutrition Amino Energy Watermelon 270 g","2024-06","6","6.33","7.00","7.08","39","39.67","10"
"Optimum Nutrition Amino Energy Watermelon 270 g","2024-07","10","7.33","7.50","7.42","59","44.67","7"
"Optimum Nutrition Amino Energy Watermelon 270 g","2024-08","7","7.67","7.33","7.42","45","47.67","10"
"Optimum Nutrition Amino Energy Watermelon 270 g","2024-09","10","9.00","7.67","7.58","65","56.33","0"
"Optimum Nutrition Amino Energy Watermelon 270 g","2024-10","0","5.67","6.50","6.92","25","45.00","15"
"Optimum Nutrition Amino Energy Watermelon 270 g","2024-11","15","8.33","8.00","7.58","74","54.67","7"
"Optimum Nutrition Amino Energy Watermelon 270 g","2024-12","7","7.33","8.17","7.58","43","47.33","13"
"Optimum Nutrition Amino Energy Watermelon 270 g","2025-01","13","11.67","8.67","8.08","47","54.67","7"
"Optimum Nutrition Amino Energy Watermelon 270 g","2025-02","7","9.00","8.67","8.00","66","52.00","12"
"Optimum Nutrition Amino Energy Watermelon 270 g","2025-03","12","10.67","9.00","8.33","55","56.00","7"
"Optimum Nutrition Amino Energy Watermelon 270 g","2025-04","7","8.67","10.17","8.33","52","57.67","7"
"Optimum Nutrition Amino Energy Watermelon 270 g","2025-05","7","8.67","8.83","8.42","38","48.33","8"
"Optimum Nutrition Amino Energy Watermelon 270 g","2025-06","8","7.33","9.00","8.58","63","51.00","11"
"Optimum Nutrition Amino Energy Watermelon 270 g","2025-07","11","8.67","8.67","8.67","66","55.67","8"
"Optimum Nutrition Amino Energy Watermelon 270 g","2025-08","8","9.00","8.83","8.75","63","64.00","7"
"Optimum Nutrition Amino Energy Watermelon 270 g","2025-09","7","8.67","8.00","8.50","76","68.33","6"
"Optimum Nutrition Amino Energy Watermelon 270 g","2025-10","6","7.00","7.83","9.00","43","60.67","5"
"Optimum Nutrition Amino Energy Watermelon 270 g","2025-11","5","6.00","7.50","8.17","44","54.33","13"
"Optimum Nutrition Amino Energy Watermelon 270 g","2025-12","13","8.00","8.33","8.67","60","49.00","10"
"Optimum Nutrition Amino Energy Watermelon 270 g","2026-01","10","9.33","8.17","8.42","63","55.67","12"
"Optimum Nutrition Amino Energy Watermelon 270 g","2026-02","12","11.67","8.83","8.83","38","53.67","13"
"Optimum Nutrition Amino Energy Watermelon 270 g","2026-03","13","11.67","9.83","8.92","57","52.67","19"
"Optimum Nutrition Amino Energy Watermelon 270 g","2026-04","19","14.67","12.00","9.92","38","44.33","23"
"Optimum Nutrition Amino Energy Watermelon 270 g","2026-05","23","18.33","15.00","11.25","63","52.67","25"
"Optimum Nutrition BCAA 1000 Caps 200 caps","2023-06","9","10.67","11.33","12.25","39","54.00","12"
"Optimum Nutrition BCAA 1000 Caps 200 caps","2023-07","12","12.00","11.17","12.17","85","70.00","11"
"Optimum Nutrition BCAA 1000 Caps 200 caps","2023-08","11","10.67","10.83","12.25","45","56.33","13"
"Optimum Nutrition BCAA 1000 Caps 200 caps","2023-09","13","12.00","11.33","12.50","72","67.33","15"
"Optimum Nutrition BCAA 1000 Caps 200 caps","2023-10","15","13.00","12.50","12.42","65","60.67","9"
"Optimum Nutrition BCAA 1000 Caps 200 caps","2023-11","9","12.33","11.50","11.58","42","59.67","11"
"Optimum Nutrition BCAA 1000 Caps 200 caps","2023-12","11","11.67","11.83","11.58","59","55.33","18"
"Optimum Nutrition BCAA 1000 Caps 200 caps","2024-01","18","12.67","12.83","12.00","74","58.33","10"
"Optimum Nutrition BCAA 1000 Caps 200 caps","2024-02","10","13.00","12.67","11.75","43","58.67","9"
"Optimum Nutrition BCAA 1000 Caps 200 caps","2024-03","9","12.33","12.00","11.67","46","54.33","9"
"Optimum Nutrition BCAA 1000 Caps 200 caps","2024-04","9","9.33","11.00","11.75","46","45.00","15"
"Optimum Nutrition BCAA 1000 Caps 200 caps","2024-05","15","11.00","12.00","11.75","56","49.33","14"
"Optimum Nutrition BCAA 1000 Caps 200 caps","2024-06","14","12.67","12.50","12.17","74","58.67","15"
"Optimum Nutrition BCAA 1000 Caps 200 caps","2024-07","15","14.67","12.00","12.42","86","72.00","10"
"Optimum Nutrition BCAA 1000 Caps 200 caps","2024-08","10","13.00","12.00","12.33","36","65.33","17"
"Optimum Nutrition BCAA 1000 Caps 200 caps","2024-09","17","14.00","13.33","12.67","75","65.67","12"
"Optimum Nutrition BCAA 1000 Caps 200 caps","2024-10","12","13.00","13.83","12.42","46","52.33","11"
"Optimum Nutrition BCAA 1000 Caps 200 caps","2024-11","11","13.33","13.17","12.58","58","59.67","13"
"Optimum Nutrition BCAA 1000 Caps 200 caps","2024-12","13","12.00","13.00","12.75","67","57.00","10"
"Optimum Nutrition BCAA 1000 Caps 200 caps","2025-01","10","11.33","12.17","12.08","76","67.00","18"
"Optimum Nutrition BCAA 1000 Caps 200 caps","2025-02","18","13.67","13.50","12.75","57","66.67","18"
"Optimum Nutrition BCAA 1000 Caps 200 caps","2025-03","18","15.33","13.67","13.50","88","73.67","12"
"Optimum Nutrition BCAA 1000 Caps 200 caps","2025-04","12","16.00","13.67","13.75","50","65.00","12"
"Optimum Nutrition BCAA 1000 Caps 200 caps","2025-05","12","14.00","13.83","13.50","66","68.00","10"
"Optimum Nutrition BCAA 1000 Caps 200 caps","2025-06","10","11.33","13.33","13.17","61","59.00","14"
"Optimum Nutrition BCAA 1000 Caps 200 caps","2025-07","14","12.00","14.00","13.08","67","64.67","21"
"Optimum Nutrition BCAA 1000 Caps 200 caps","2025-08","21","15.00","14.50","14.00","73","67.00","21"
"Optimum Nutrition BCAA 1000 Caps 200 caps","2025-09","21","18.67","15.00","14.33","67","69.00","17"
"Optimum Nutrition BCAA 1000 Caps 200 caps","2025-10","17","19.67","15.83","14.75","61","67.00","14"
"Optimum Nutrition BCAA 1000 Caps 200 caps","2025-11","14","17.33","16.17","15.00","67","65.00","14"
"Optimum Nutrition BCAA 1000 Caps 200 caps","2025-12","14","15.00","16.83","15.08","44","57.33","17"
"Optimum Nutrition BCAA 1000 Caps 200 caps","2026-01","17","15.00","17.33","15.67","55","55.33","11"
"Optimum Nutrition BCAA 1000 Caps 200 caps","2026-02","11","14.00","15.67","15.08","61","53.33","10"
"Optimum Nutrition BCAA 1000 Caps 200 caps","2026-03","10","12.67","13.83","14.42","64","60.00","30"
"Optimum Nutrition BCAA 1000 Caps 200 caps","2026-04","30","17.00","16.00","15.92","75","66.67","24"
"Optimum Nutrition BCAA 1000 Caps 200 caps","2026-05","24","21.33","17.67","16.92","103","80.67","29"
"Optimum Nutrition Casein Chocolate Supreme 2 lb","2023-06","15","13.67","14.17","13.25","58","70.67","13"
"Optimum Nutrition Casein Chocolate Supreme 2 lb","2023-07","13","13.00","13.50","13.33","52","57.67","11"
"Optimum Nutrition Casein Chocolate Supreme 2 lb","2023-08","11","13.00","13.33","13.42","61","57.00","15"
"Optimum Nutrition Casein Chocolate Supreme 2 lb","2023-09","15","13.00","13.33","13.58","77","63.33","12"
"Optimum Nutrition Casein Chocolate Supreme 2 lb","2023-10","12","12.67","12.83","13.58","75","71.00","17"
"Optimum Nutrition Casein Chocolate Supreme 2 lb","2023-11","17","14.67","13.83","13.75","108","86.67","16"
"Optimum Nutrition Casein Chocolate Supreme 2 lb","2023-12","16","15.00","14.00","14.08","93","92.00","12"
"Optimum Nutrition Casein Chocolate Supreme 2 lb","2024-01","12","15.00","13.83","13.67","69","90.00","12"
"Optimum Nutrition Casein Chocolate Supreme 2 lb","2024-02","12","13.33","14.00","13.67","72","78.00","15"
"Optimum Nutrition Casein Chocolate Supreme 2 lb","2024-03","15","13.00","14.00","13.67","54","65.00","12"
"Optimum Nutrition Casein Chocolate Supreme 2 lb","2024-04","12","13.00","14.00","13.42","68","64.67","8"
"Optimum Nutrition Casein Chocolate Supreme 2 lb","2024-05","8","11.67","12.50","13.17","42","54.67","14"
"Optimum Nutrition Casein Chocolate Supreme 2 lb","2024-06","14","11.33","12.17","13.08","56","55.33","4"
"Optimum Nutrition Casein Chocolate Supreme 2 lb","2024-07","4","8.67","10.83","12.33","27","41.67","14"
"Optimum Nutrition Casein Chocolate Supreme 2 lb","2024-08","14","10.67","11.17","12.58","63","48.67","16"
"Optimum Nutrition Casein Chocolate Supreme 2 lb","2024-09","16","11.33","11.33","12.67","81","57.00","16"
"Optimum Nutrition Casein Chocolate Supreme 2 lb","2024-10","16","15.33","12.00","13.00","54","66.00","16"
"Optimum Nutrition Casein Chocolate Supreme 2 lb","2024-11","16","16.00","13.33","12.92","54","63.00","14"
"Optimum Nutrition Casein Chocolate Supreme 2 lb","2024-12","14","15.33","13.33","12.75","84","64.00","22"
"Optimum Nutrition Casein Chocolate Supreme 2 lb","2025-01","22","17.33","16.33","13.58","75","71.00","18"
"Optimum Nutrition Casein Chocolate Supreme 2 lb","2025-02","18","18.00","17.00","14.08","121","93.33","14"
"Optimum Nutrition Casein Chocolate Supreme 2 lb","2025-03","14","18.00","16.67","14.00","94","96.67","16"
"Optimum Nutrition Casein Chocolate Supreme 2 lb","2025-04","16","16.00","16.67","14.33","48","87.67","14"
"Optimum Nutrition Casein Chocolate Supreme 2 lb","2025-05","14","14.67","16.33","14.83","52","64.67","17"
"Optimum Nutrition Casein Chocolate Supreme 2 lb","2025-06","17","15.67","16.83","15.08","92","64.00","19"
"Optimum Nutrition Casein Chocolate Supreme 2 lb","2025-07","19","16.67","16.33","16.33","89","77.67","16"
"Optimum Nutrition Casein Chocolate Supreme 2 lb","2025-08","16","17.33","16.00","16.50","103","94.67","12"
"Optimum Nutrition Casein Chocolate Supreme 2 lb","2025-09","12","15.67","15.67","16.17","65","85.67","19"
"Optimum Nutrition Casein Chocolate Supreme 2 lb","2025-10","19","15.67","16.17","16.42","89","85.67","14"
"Optimum Nutrition Casein Chocolate Supreme 2 lb","2025-11","14","15.00","16.17","16.25","86","80.00","20"
"Optimum Nutrition Casein Chocolate Supreme 2 lb","2025-12","20","17.67","16.67","16.75","113","96.00","15"
"Optimum Nutrition Casein Chocolate Supreme 2 lb","2026-01","15","16.33","16.00","16.17","52","83.67","19"
"Optimum Nutrition Casein Chocolate Supreme 2 lb","2026-02","19","18.00","16.50","16.25","71","78.67","22"
"Optimum Nutrition Casein Chocolate Supreme 2 lb","2026-03","22","18.67","18.17","16.92","59","60.67","21"
"Optimum Nutrition Casein Chocolate Supreme 2 lb","2026-04","21","20.67","18.50","17.33","100","76.67","22"
"Optimum Nutrition Casein Chocolate Supreme 2 lb","2026-05","22","21.67","19.83","18.00","42","67.00","33"
"Optimum Nutrition Electrolyte Mix Lemon Lime","2023-06","11","13.67","14.17","14.17","64","75.00","14"
"Optimum Nutrition Electrolyte Mix Lemon Lime","2023-07","14","13.00","13.67","14.42","91","73.33","12"
"Optimum Nutrition Electrolyte Mix Lemon Lime","2023-08","12","12.33","13.83","14.25","44","66.33","18"
"Optimum Nutrition Electrolyte Mix Lemon Lime","2023-09","18","14.67","14.17","14.42","99","78.00","18"
"Optimum Nutrition Electrolyte Mix Lemon Lime","2023-10","18","16.00","14.50","14.67","73","72.00","10"
"Optimum Nutrition Electrolyte Mix Lemon Lime","2023-11","10","15.33","13.83","14.67","78","83.33","16"
"Optimum Nutrition Electrolyte Mix Lemon Lime","2023-12","16","14.67","14.67","14.42","56","69.00","16"
"Optimum Nutrition Electrolyte Mix Lemon Lime","2024-01","16","14.00","15.00","14.33","82","72.00","18"
"Optimum Nutrition Electrolyte Mix Lemon Lime","2024-02","18","16.67","16.00","14.92","82","73.33","15"
"Optimum Nutrition Electrolyte Mix Lemon Lime","2024-03","15","16.33","15.50","14.83","44","69.33","15"
"Optimum Nutrition Electrolyte Mix Lemon Lime","2024-04","15","16.00","15.00","14.75","54","60.00","12"
"Optimum Nutrition Electrolyte Mix Lemon Lime","2024-05","12","14.00","15.33","14.58","57","51.67","12"
"Optimum Nutrition Electrolyte Mix Lemon Lime","2024-06","12","13.00","14.67","14.67","71","60.67","18"
"Optimum Nutrition Electrolyte Mix Lemon Lime","2024-07","18","14.00","15.00","15.00","81","69.67","21"
"Optimum Nutrition Electrolyte Mix Lemon Lime","2024-08","21","17.00","15.50","15.75","95","82.33","25"
"Optimum Nutrition Electrolyte Mix Lemon Lime","2024-09","25","21.33","17.17","16.33","85","87.00","24"
"Optimum Nutrition Electrolyte Mix Lemon Lime","2024-10","24","23.33","18.67","16.83","67","82.33","15"
"Optimum Nutrition Electrolyte Mix Lemon Lime","2024-11","15","21.33","19.17","17.25","68","73.33","16"
"Optimum Nutrition Electrolyte Mix Lemon Lime","2024-12","16","18.33","19.83","17.25","102","79.00","23"
"Optimum Nutrition Electrolyte Mix Lemon Lime","2025-01","23","18.00","20.67","17.83","109","93.00","15"
"Optimum Nutrition Electrolyte Mix Lemon Lime","2025-02","15","18.00","19.67","17.58","57","89.33","22"
"Optimum Nutrition Electrolyte Mix Lemon Lime","2025-03","22","20.00","19.17","18.17","69","78.33","23"
"Optimum Nutrition Electrolyte Mix Lemon Lime","2025-04","23","20.00","19.00","18.83","69","65.00","18"
"Optimum Nutrition Electrolyte Mix Lemon Lime","2025-05","18","21.00","19.50","19.33","57","65.00","22"
"Optimum Nutrition Electrolyte Mix Lemon Lime","2025-06","22","21.00","20.50","20.17","76","67.33","23"
"Optimum Nutrition Electrolyte Mix Lemon Lime","2025-07","23","21.00","20.50","20.58","76","69.67","21"
"Optimum Nutrition Electrolyte Mix Lemon Lime","2025-08","21","22.00","21.50","20.58","38","63.33","16"
"Optimum Nutrition Electrolyte Mix Lemon Lime","2025-09","16","20.00","20.50","19.83","91","68.33","22"
"Optimum Nutrition Electrolyte Mix Lemon Lime","2025-10","22","19.67","20.33","19.67","81","70.00","27"
"Optimum Nutrition Electrolyte Mix Lemon Lime","2025-11","27","21.67","21.83","20.67","80","84.00","19"
"Optimum Nutrition Electrolyte Mix Lemon Lime","2025-12","19","22.67","21.33","20.92","89","83.33","29"
"Optimum Nutrition Electrolyte Mix Lemon Lime","2026-01","29","25.00","22.33","21.42","55","74.67","16"
"Optimum Nutrition Electrolyte Mix Lemon Lime","2026-02","16","21.33","21.50","21.50","70","71.33","18"
"Optimum Nutrition Electrolyte Mix Lemon Lime","2026-03","18","21.00","21.83","21.17","56","60.33","26"
"Optimum Nutrition Electrolyte Mix Lemon Lime","2026-04","26","20.00","22.50","21.42","87","71.00","28"
"Optimum Nutrition Electrolyte Mix Lemon Lime","2026-05","28","24.00","22.67","22.25","53","65.33","44"
"Optimum Nutrition Fish Oil 100 caps","2023-06","21","16.67","15.00","17.17","72","61.33","17"
"Optimum Nutrition Fish Oil 100 caps","2023-07","17","19.33","14.83","16.92","34","62.33","21"
"Optimum Nutrition Fish Oil 100 caps","2023-08","21","19.67","16.50","17.83","78","61.33","23"
"Optimum Nutrition Fish Oil 100 caps","2023-09","23","20.33","18.50","17.83","62","58.00","16"
"Optimum Nutrition Fish Oil 100 caps","2023-10","16","20.00","19.67","17.67","31","57.00","14"
"Optimum Nutrition Fish Oil 100 caps","2023-11","14","17.67","18.67","16.92","29","40.67","12"
"Optimum Nutrition Fish Oil 100 caps","2023-12","12","14.00","17.17","16.08","48","36.00","16"
"Optimum Nutrition Fish Oil 100 caps","2024-01","16","14.00","17.00","15.92","53","43.33","21"
"Optimum Nutrition Fish Oil 100 caps","2024-02","21","16.33","17.00","16.75","42","47.67","21"
"Optimum Nutrition Fish Oil 100 caps","2024-03","21","19.33","16.67","17.58","58","51.00","17"
"Optimum Nutrition Fish Oil 100 caps","2024-04","17","19.67","16.83","18.25","41","47.00","14"
"Optimum Nutrition Fish Oil 100 caps","2024-05","14","17.33","16.83","17.75","57","52.00","9"
"Optimum Nutrition Fish Oil 100 caps","2024-06","9","13.33","16.33","16.75","21","39.67","33"
"Optimum Nutrition Fish Oil 100 caps","2024-07","33","18.67","19.17","18.08","38","38.67","43"
"Optimum Nutrition Fish Oil 100 caps","2024-08","43","28.33","22.83","19.92","51","36.67","38"
"Optimum Nutrition Fish Oil 100 caps","2024-09","38","38.00","25.67","21.17","43","44.00","39"
"Optimum Nutrition Fish Oil 100 caps","2024-10","39","40.00","29.33","23.08","25","39.67","38"
"Optimum Nutrition Fish Oil 100 caps","2024-11","38","38.33","33.33","25.08","71","46.33","33"
"Optimum Nutrition Fish Oil 100 caps","2024-12","33","36.67","37.33","26.83","42","46.00","43"
"Optimum Nutrition Fish Oil 100 caps","2025-01","43","38.00","39.00","29.08","36","49.67","31"
"Optimum Nutrition Fish Oil 100 caps","2025-02","31","35.67","37.00","29.92","48","42.00","28"
"Optimum Nutrition Fish Oil 100 caps","2025-03","28","34.00","35.33","30.50","33","39.00","42"
"Optimum Nutrition Fish Oil 100 caps","2025-04","42","33.67","35.83","32.58","37","39.33","30"
"Optimum Nutrition Fish Oil 100 caps","2025-05","30","33.33","34.50","33.92","61","43.67","37"
"Optimum Nutrition Fish Oil 100 caps","2025-06","37","36.33","35.17","36.25","63","53.67","35"
"Optimum Nutrition Fish Oil 100 caps","2025-07","35","34.00","33.83","36.42","35","53.00","43"
"Optimum Nutrition Fish Oil 100 caps","2025-08","43","38.33","35.83","36.42","54","50.67","48"
"Optimum Nutrition Fish Oil 100 caps","2025-09","48","42.00","39.17","37.25","88","59.00","41"
"Optimum Nutrition Fish Oil 100 caps","2025-10","41","44.00","39.00","37.42","79","73.67","47"
"Optimum Nutrition Fish Oil 100 caps","2025-11","47","45.33","41.83","38.17","58","75.00","43"
"Optimum Nutrition Fish Oil 100 caps","2025-12","43","43.67","42.83","39.00","35","57.33","40"
"Optimum Nutrition Fish Oil 100 caps","2026-01","40","43.33","43.67","38.75","42","45.00","37"
"Optimum Nutrition Fish Oil 100 caps","2026-02","37","40.00","42.67","39.25","45","40.67","32"
"Optimum Nutrition Fish Oil 100 caps","2026-03","32","36.33","40.00","39.58","28","38.33","37"
"Optimum Nutrition Fish Oil 100 caps","2026-04","37","35.33","39.33","39.17","42","38.33","46"
"Optimum Nutrition Fish Oil 100 caps","2026-05","46","38.33","39.17","40.50","32","34.00","43"
"Optimum Nutrition Glutamine Powder 300 g","2023-06","5","4.00","4.33","4.25","114","102.00","4"
"Optimum Nutrition Glutamine Powder 300 g","2023-07","4","4.33","3.83","4.17","64","94.33","5"
"Optimum Nutrition Glutamine Powder 300 g","2023-08","5","4.67","4.00","4.17","93","90.33","3"
"Optimum Nutrition Glutamine Powder 300 g","2023-09","3","4.00","4.00","4.08","82","79.67","4"
"Optimum Nutrition Glutamine Powder 300 g","2023-10","4","4.00","4.17","4.08","74","83.00","7"
"Optimum Nutrition Glutamine Powder 300 g","2023-11","7","4.67","4.67","4.42","117","91.00","6"
"Optimum Nutrition Glutamine Powder 300 g","2023-12","6","5.67","4.83","4.58","112","101.00","6"
"Optimum Nutrition Glutamine Powder 300 g","2024-01","6","6.33","5.17","4.50","102","110.33","5"
"Optimum Nutrition Glutamine Powder 300 g","2024-02","5","5.67","5.17","4.58","97","103.67","6"
"Optimum Nutrition Glutamine Powder 300 g","2024-03","6","5.67","5.67","4.83","98","99.00","5"
"Optimum Nutrition Glutamine Powder 300 g","2024-04","5","5.33","5.83","5.00","83","92.67","6"
"Optimum Nutrition Glutamine Powder 300 g","2024-05","6","5.67","5.67","5.17","90","90.33","7"
"Optimum Nutrition Glutamine Powder 300 g","2024-06","7","6.00","5.83","5.33","78","83.67","7"
"Optimum Nutrition Glutamine Powder 300 g","2024-07","7","6.67","6.00","5.58","104","90.67","6"
"Optimum Nutrition Glutamine Powder 300 g","2024-08","6","6.67","6.17","5.67","93","91.67","13"
"Optimum Nutrition Glutamine Powder 300 g","2024-09","13","8.67","7.33","6.50","108","101.67","14"
"Optimum Nutrition Glutamine Powder 300 g","2024-10","14","11.00","8.83","7.33","94","98.33","13"
"Optimum Nutrition Glutamine Powder 300 g","2024-11","13","13.33","10.00","7.83","64","88.67","9"
"Optimum Nutrition Glutamine Powder 300 g","2024-12","9","12.00","10.33","8.08","94","84.00","15"
"Optimum Nutrition Glutamine Powder 300 g","2025-01","15","12.33","11.67","8.83","104","87.33","13"
"Optimum Nutrition Glutamine Powder 300 g","2025-02","13","12.33","12.83","9.50","99","99.00","15"
"Optimum Nutrition Glutamine Powder 300 g","2025-03","15","14.33","13.17","10.25","104","102.33","14"
"Optimum Nutrition Glutamine Powder 300 g","2025-04","14","14.00","13.17","11.00","110","104.33","11"
"Optimum Nutrition Glutamine Powder 300 g","2025-05","11","13.33","12.83","11.42","103","105.67","10"
"Optimum Nutrition Glutamine Powder 300 g","2025-06","10","11.67","13.00","11.67","87","100.00","13"
"Optimum Nutrition Glutamine Powder 300 g","2025-07","13","11.33","12.67","12.17","102","97.33","8"
"Optimum Nutrition Glutamine Powder 300 g","2025-08","8","10.33","11.83","12.33","92","93.67","12"
"Optimum Nutrition Glutamine Powder 300 g","2025-09","12","11.00","11.33","12.25","84","92.67","5"
"Optimum Nutrition Glutamine Powder 300 g","2025-10","5","8.33","9.83","11.50","89","88.33","15"
"Optimum Nutrition Glutamine Powder 300 g","2025-11","15","10.67","10.50","11.67","87","86.67","14"
"Optimum Nutrition Glutamine Powder 300 g","2025-12","14","11.33","11.17","12.08","99","91.67","14"
"Optimum Nutrition Glutamine Powder 300 g","2026-01","14","14.33","11.33","12.00","86","90.67","11"
"Optimum Nutrition Glutamine Powder 300 g","2026-02","11","13.00","11.83","11.83","101","95.33","12"
"Optimum Nutrition Glutamine Powder 300 g","2026-03","12","12.33","11.83","11.58","108","98.33","16"
"Optimum Nutrition Glutamine Powder 300 g","2026-04","16","13.00","13.67","11.75","76","95.00","24"
"Optimum Nutrition Glutamine Powder 300 g","2026-05","24","17.33","15.17","12.83","94","92.67","26"
"Optimum Nutrition Gold Standard Pre Workout Fruit Punch","2023-06","7","7.33","7.83","7.92","56","52.33","8"
"Optimum Nutrition Gold Standard Pre Workout Fruit Punch","2023-07","8","7.33","7.67","8.00","63","56.00","7"
"Optimum Nutrition Gold Standard Pre Workout Fruit Punch","2023-08","7","7.33","7.50","8.00","69","62.67","8"
"Optimum Nutrition Gold Standard Pre Workout Fruit Punch","2023-09","8","7.67","7.50","8.00","81","71.00","9"
"Optimum Nutrition Gold Standard Pre Workout Fruit Punch","2023-10","9","8.00","7.67","8.08","78","76.00","10"
"Optimum Nutrition Gold Standard Pre Workout Fruit Punch","2023-11","10","9.00","8.17","8.17","64","74.33","10"
"Optimum Nutrition Gold Standard Pre Workout Fruit Punch","2023-12","10","9.67","8.67","8.25","98","80.00","11"
"Optimum Nutrition Gold Standard Pre Workout Fruit Punch","2024-01","11","10.33","9.17","8.42","96","86.00","10"
"Optimum Nutrition Gold Standard Pre Workout Fruit Punch","2024-02","10","10.33","9.67","8.58","90","94.67","10"
"Optimum Nutrition Gold Standard Pre Workout Fruit Punch","2024-03","10","10.33","10.00","8.75","77","87.67","9"
"Optimum Nutrition Gold Standard Pre Workout Fruit Punch","2024-04","9","9.67","10.00","8.83","65","77.33","10"
"Optimum Nutrition Gold Standard Pre Workout Fruit Punch","2024-05","10","9.67","10.00","9.08","76","72.67","9"
"Optimum Nutrition Gold Standard Pre Workout Fruit Punch","2024-06","9","9.33","9.83","9.25","82","74.33","10"
"Optimum Nutrition Gold Standard Pre Workout Fruit Punch","2024-07","10","9.67","9.67","9.42","68","75.33","10"
"Optimum Nutrition Gold Standard Pre Workout Fruit Punch","2024-08","10","9.67","9.67","9.67","71","73.67","9"
"Optimum Nutrition Gold Standard Pre Workout Fruit Punch","2024-09","9","9.67","9.50","9.75","72","70.33","10"
"Optimum Nutrition Gold Standard Pre Workout Fruit Punch","2024-10","10","9.67","9.67","9.83","57","66.67","15"
"Optimum Nutrition Gold Standard Pre Workout Fruit Punch","2024-11","15","11.33","10.50","10.25","68","65.67","12"
"Optimum Nutrition Gold Standard Pre Workout Fruit Punch","2024-12","12","12.33","11.00","10.42","48","57.67","17"
"Optimum Nutrition Gold Standard Pre Workout Fruit Punch","2025-01","17","14.67","12.17","10.92","82","66.00","9"
"Optimum Nutrition Gold Standard Pre Workout Fruit Punch","2025-02","9","12.67","12.00","10.83","80","70.00","11"
"Optimum Nutrition Gold Standard Pre Workout Fruit Punch","2025-03","11","12.33","12.33","10.92","90","84.00","13"
"Optimum Nutrition Gold Standard Pre Workout Fruit Punch","2025-04","13","11.00","12.83","11.25","84","84.67","15"
"Optimum Nutrition Gold Standard Pre Workout Fruit Punch","2025-05","15","13.00","12.83","11.67","70","81.33","11"
"Optimum Nutrition Gold Standard Pre Workout Fruit Punch","2025-06","11","13.00","12.67","11.83","65","73.00","8"
"Optimum Nutrition Gold Standard Pre Workout Fruit Punch","2025-07","8","11.33","11.17","11.67","65","66.67","15"
"Optimum Nutrition Gold Standard Pre Workout Fruit Punch","2025-08","15","11.33","12.17","12.08","75","68.33","9"
"Optimum Nutrition Gold Standard Pre Workout Fruit Punch","2025-09","9","10.67","11.83","12.08","70","70.00","11"
"Optimum Nutrition Gold Standard Pre Workout Fruit Punch","2025-10","11","11.67","11.50","12.17","90","78.33","14"
"Optimum Nutrition Gold Standard Pre Workout Fruit Punch","2025-11","14","11.33","11.33","12.08","96","85.33","10"
"Optimum Nutrition Gold Standard Pre Workout Fruit Punch","2025-12","10","11.67","11.17","11.92","63","83.00","17"
"Optimum Nutrition Gold Standard Pre Workout Fruit Punch","2026-01","17","13.67","12.67","11.92","60","73.00","14"
"Optimum Nutrition Gold Standard Pre Workout Fruit Punch","2026-02","14","13.67","12.50","12.33","78","67.00","13"
"Optimum Nutrition Gold Standard Pre Workout Fruit Punch","2026-03","13","14.67","13.17","12.50","75","71.00","16"
"Optimum Nutrition Gold Standard Pre Workout Fruit Punch","2026-04","16","14.33","14.00","12.75","57","70.00","21"
"Optimum Nutrition Gold Standard Pre Workout Fruit Punch","2026-05","21","16.67","15.17","13.25","62","64.67","24"
"Optimum Nutrition Hydrowhey Turbo Chocolate 1.6 lb","2023-06","18","15.00","15.17","14.58","113","71.67","13"
"Optimum Nutrition Hydrowhey Turbo Chocolate 1.6 lb","2023-07","13","14.33","14.17","14.58","77","80.00","10"
"Optimum Nutrition Hydrowhey Turbo Chocolate 1.6 lb","2023-08","10","13.67","13.17","14.33","54","81.33","11"
"Optimum Nutrition Hydrowhey Turbo Chocolate 1.6 lb","2023-09","11","11.33","13.17","14.25","42","57.67","14"
"Optimum Nutrition Hydrowhey Turbo Chocolate 1.6 lb","2023-10","14","11.67","13.00","14.00","80","58.67","13"
"Optimum Nutrition Hydrowhey Turbo Chocolate 1.6 lb","2023-11","13","12.67","13.17","13.92","72","64.67","14"
"Optimum Nutrition Hydrowhey Turbo Chocolate 1.6 lb","2023-12","14","13.67","12.50","13.83","60","70.67","18"
"Optimum Nutrition Hydrowhey Turbo Chocolate 1.6 lb","2024-01","18","15.00","13.33","13.75","69","67.00","12"
"Optimum Nutrition Hydrowhey Turbo Chocolate 1.6 lb","2024-02","12","14.67","13.67","13.42","52","60.33","17"
"Optimum Nutrition Hydrowhey Turbo Chocolate 1.6 lb","2024-03","17","15.67","14.67","13.92","67","62.67","12"
"Optimum Nutrition Hydrowhey Turbo Chocolate 1.6 lb","2024-04","12","13.67","14.33","13.67","61","60.00","11"
"Optimum Nutrition Hydrowhey Turbo Chocolate 1.6 lb","2024-05","11","13.33","14.00","13.58","37","55.00","11"
"Optimum Nutrition Hydrowhey Turbo Chocolate 1.6 lb","2024-06","11","11.33","13.50","13.00","52","50.00","18"
"Optimum Nutrition Hydrowhey Turbo Chocolate 1.6 lb","2024-07","18","13.33","13.50","13.42","30","39.67","17"
"Optimum Nutrition Hydrowhey Turbo Chocolate 1.6 lb","2024-08","17","15.33","14.33","14.00","58","46.67","20"
"Optimum Nutrition Hydrowhey Turbo Chocolate 1.6 lb","2024-09","20","18.33","14.83","14.75","46","44.67","24"
"Optimum Nutrition Hydrowhey Turbo Chocolate 1.6 lb","2024-10","24","20.33","16.83","15.58","75","59.67","22"
"Optimum Nutrition Hydrowhey Turbo Chocolate 1.6 lb","2024-11","22","22.00","18.67","16.33","62","61.00","21"
"Optimum Nutrition Hydrowhey Turbo Chocolate 1.6 lb","2024-12","21","22.33","20.33","16.92","70","69.00","18"
"Optimum Nutrition Hydrowhey Turbo Chocolate 1.6 lb","2025-01","18","20.33","20.33","16.92","56","62.67","24"
"Optimum Nutrition Hydrowhey Turbo Chocolate 1.6 lb","2025-02","24","21.00","21.50","17.92","46","57.33","15"
"Optimum Nutrition Hydrowhey Turbo Chocolate 1.6 lb","2025-03","15","19.00","20.67","17.75","48","50.00","13"
"Optimum Nutrition Hydrowhey Turbo Chocolate 1.6 lb","2025-04","13","17.33","18.83","17.83","51","48.33","26"
"Optimum Nutrition Hydrowhey Turbo Chocolate 1.6 lb","2025-05","26","18.00","19.50","19.08","85","61.33","24"
"Optimum Nutrition Hydrowhey Turbo Chocolate 1.6 lb","2025-06","24","21.00","20.00","20.17","50","62.00","18"
"Optimum Nutrition Hydrowhey Turbo Chocolate 1.6 lb","2025-07","18","22.67","20.00","20.17","72","69.00","13"
"Optimum Nutrition Hydrowhey Turbo Chocolate 1.6 lb","2025-08","13","18.33","18.17","19.83","40","54.00","23"
"Optimum Nutrition Hydrowhey Turbo Chocolate 1.6 lb","2025-09","23","18.00","19.50","20.08","108","73.33","18"
"Optimum Nutrition Hydrowhey Turbo Chocolate 1.6 lb","2025-10","18","18.00","20.33","19.58","39","62.33","31"
"Optimum Nutrition Hydrowhey Turbo Chocolate 1.6 lb","2025-11","31","24.00","21.17","20.33","72","73.00","30"
"Optimum Nutrition Hydrowhey Turbo Chocolate 1.6 lb","2025-12","30","26.33","22.17","21.08","101","70.67","21"
"Optimum Nutrition Hydrowhey Turbo Chocolate 1.6 lb","2026-01","21","27.33","22.67","21.33","59","77.33","23"
"Optimum Nutrition Hydrowhey Turbo Chocolate 1.6 lb","2026-02","23","24.67","24.33","21.25","75","78.33","27"
"Optimum Nutrition Hydrowhey Turbo Chocolate 1.6 lb","2026-03","27","23.67","25.00","22.25","41","58.33","22"
"Optimum Nutrition Hydrowhey Turbo Chocolate 1.6 lb","2026-04","22","24.00","25.67","23.00","50","55.33","27"
"Optimum Nutrition Hydrowhey Turbo Chocolate 1.6 lb","2026-05","27","25.33","25.00","23.08","50","47.00","32"
"Optimum Nutrition Micronized Creatine 300 g","2023-06","14","12.67","8.50","9.83","53","65.67","5"
"Optimum Nutrition Micronized Creatine 300 g","2023-07","5","10.33","9.33","9.50","43","55.33","8"
"Optimum Nutrition Micronized Creatine 300 g","2023-08","8","9.00","9.67","9.33","34","43.33","13"
"Optimum Nutrition Micronized Creatine 300 g","2023-09","13","8.67","10.67","9.42","71","49.33","8"
"Optimum Nutrition Micronized Creatine 300 g","2023-10","8","9.67","10.00","9.25","62","55.67","12"
"Optimum Nutrition Micronized Creatine 300 g","2023-11","12","11.00","10.00","9.25","53","62.00","16"
"Optimum Nutrition Micronized Creatine 300 g","2023-12","16","12.00","10.33","9.42","45","53.33","18"
"Optimum Nutrition Micronized Creatine 300 g","2024-01","18","15.33","12.50","10.92","112","70.00","5"
"Optimum Nutrition Micronized Creatine 300 g","2024-02","5","13.00","12.00","10.83","35","64.00","8"
"Optimum Nutrition Micronized Creatine 300 g","2024-03","8","10.33","11.17","10.92","47","64.67","13"
"Optimum Nutrition Micronized Creatine 300 g","2024-04","13","8.67","12.00","11.00","67","49.67","8"
"Optimum Nutrition Micronized Creatine 300 g","2024-05","8","9.67","11.33","10.67","59","57.67","12"
"Optimum Nutrition Micronized Creatine 300 g","2024-06","12","11.00","10.67","10.50","61","62.33","15"
"Optimum Nutrition Micronized Creatine 300 g","2024-07","15","11.67","10.17","11.33","49","56.33","14"
"Optimum Nutrition Micronized Creatine 300 g","2024-08","14","13.67","11.67","11.83","67","59.00","20"
"Optimum Nutrition Micronized Creatine 300 g","2024-09","20","16.33","13.67","12.42","42","52.67","20"
"Optimum Nutrition Micronized Creatine 300 g","2024-10","20","18.00","14.83","13.42","61","56.67","24"
"Optimum Nutrition Micronized Creatine 300 g","2024-11","24","21.33","17.50","14.42","87","63.33","27"
"Optimum Nutrition Micronized Creatine 300 g","2024-12","27","23.67","20.00","15.33","52","66.67","29"
"Optimum Nutrition Micronized Creatine 300 g","2025-01","29","26.67","22.33","16.25","64","67.67","8"
"Optimum Nutrition Micronized Creatine 300 g","2025-02","8","21.33","21.33","16.50","40","52.00","14"
"Optimum Nutrition Micronized Creatine 300 g","2025-03","14","17.00","20.33","17.00","79","61.00","19"
"Optimum Nutrition Micronized Creatine 300 g","2025-04","19","13.67","20.17","17.50","69","62.67","7"
"Optimum Nutrition Micronized Creatine 300 g","2025-05","7","13.33","17.33","17.42","19","55.67","24"
"Optimum Nutrition Micronized Creatine 300 g","2025-06","24","16.67","16.83","18.42","54","47.33","21"
"Optimum Nutrition Micronized Creatine 300 g","2025-07","21","17.33","15.50","18.92","59","44.00","19"
"Optimum Nutrition Micronized Creatine 300 g","2025-08","19","21.33","17.33","19.33","61","58.00","18"
"Optimum Nutrition Micronized Creatine 300 g","2025-09","18","19.33","18.00","19.17","82","67.33","21"
"Optimum Nutrition Micronized Creatine 300 g","2025-10","21","19.33","18.33","19.25","67","70.00","25"
"Optimum Nutrition Micronized Creatine 300 g","2025-11","25","21.33","21.33","19.33","40","63.00","10"
"Optimum Nutrition Micronized Creatine 300 g","2025-12","10","18.67","19.00","17.92","75","60.67","20"
"Optimum Nutrition Micronized Creatine 300 g","2026-01","20","18.33","18.83","17.17","85","66.67","27"
"Optimum Nutrition Micronized Creatine 300 g","2026-02","27","19.00","20.17","18.75","110","90.00","25"
"Optimum Nutrition Micronized Creatine 300 g","2026-03","25","24.00","21.33","19.67","88","94.33","33"
"Optimum Nutrition Micronized Creatine 300 g","2026-04","33","28.33","23.33","20.83","70","89.33","37"
"Optimum Nutrition Micronized Creatine 300 g","2026-05","37","31.67","25.33","23.33","82","80.00","41"
"Optimum Nutrition Opti Men 90 tabs","2023-06","10","9.00","8.50","8.75","60","59.67","10"
"Optimum Nutrition Opti Men 90 tabs","2023-07","10","8.67","9.00","9.08","49","51.00","7"
"Optimum Nutrition Opti Men 90 tabs","2023-08","7","9.00","8.33","9.25","61","56.67","11"
"Optimum Nutrition Opti Men 90 tabs","2023-09","11","9.33","9.17","9.08","66","58.67","9"
"Optimum Nutrition Opti Men 90 tabs","2023-10","9","9.00","8.83","9.08","34","53.67","13"
"Optimum Nutrition Opti Men 90 tabs","2023-11","13","11.00","10.00","9.25","65","55.00","7"
"Optimum Nutrition Opti Men 90 tabs","2023-12","7","9.67","9.50","9.00","43","47.33","12"
"Optimum Nutrition Opti Men 90 tabs","2024-01","12","10.67","9.83","9.42","87","65.00","10"
"Optimum Nutrition Opti Men 90 tabs","2024-02","10","9.67","10.33","9.33","67","65.67","8"
"Optimum Nutrition Opti Men 90 tabs","2024-03","8","10.00","9.83","9.50","36","63.33","13"
"Optimum Nutrition Opti Men 90 tabs","2024-04","13","10.33","10.50","9.67","69","57.33","12"
"Optimum Nutrition Opti Men 90 tabs","2024-05","12","11.00","10.33","10.17","46","50.33","9"
"Optimum Nutrition Opti Men 90 tabs","2024-06","9","11.33","10.67","10.08","56","57.00","13"
"Optimum Nutrition Opti Men 90 tabs","2024-07","13","11.33","10.83","10.33","49","50.33","10"
"Optimum Nutrition Opti Men 90 tabs","2024-08","10","10.67","10.83","10.58","60","55.00","12"
"Optimum Nutrition Opti Men 90 tabs","2024-09","12","11.67","11.50","10.67","49","52.67","7"
"Optimum Nutrition Opti Men 90 tabs","2024-10","7","9.67","10.50","10.50","61","56.67","15"
"Optimum Nutrition Opti Men 90 tabs","2024-11","15","11.33","11.00","10.67","71","60.33","15"
"Optimum Nutrition Opti Men 90 tabs","2024-12","15","12.33","12.00","11.33","54","62.00","11"
"Optimum Nutrition Opti Men 90 tabs","2025-01","11","13.67","11.67","11.25","69","64.67","11"
"Optimum Nutrition Opti Men 90 tabs","2025-02","11","12.33","11.83","11.33","72","65.00","15"
"Optimum Nutrition Opti Men 90 tabs","2025-03","15","12.33","12.33","11.92","83","74.67","10"
"Optimum Nutrition Opti Men 90 tabs","2025-04","10","12.00","12.83","11.67","67","74.00","6"
"Optimum Nutrition Opti Men 90 tabs","2025-05","6","10.33","11.33","11.17","60","70.00","13"
"Optimum Nutrition Opti Men 90 tabs","2025-06","13","9.67","11.00","11.50","50","59.00","10"
"Optimum Nutrition Opti Men 90 tabs","2025-07","10","9.67","10.83","11.25","54","54.67","6"
"Optimum Nutrition Opti Men 90 tabs","2025-08","6","9.67","10.00","10.92","40","48.00","7"
"Optimum Nutrition Opti Men 90 tabs","2025-09","7","7.67","8.67","10.50","62","52.00","13"
"Optimum Nutrition Opti Men 90 tabs","2025-10","13","8.67","9.17","11.00","57","53.00","11"
"Optimum Nutrition Opti Men 90 tabs","2025-11","11","10.33","10.00","10.67","80","66.33","7"
"Optimum Nutrition Opti Men 90 tabs","2025-12","7","10.33","9.00","10.00","77","71.33","16"
"Optimum Nutrition Opti Men 90 tabs","2026-01","16","11.33","10.00","10.42","88","81.67","14"
"Optimum Nutrition Opti Men 90 tabs","2026-02","14","12.33","11.33","10.67","51","72.00","13"
"Optimum Nutrition Opti Men 90 tabs","2026-03","13","14.33","12.33","10.50","55","64.67","16"
"Optimum Nutrition Opti Men 90 tabs","2026-04","16","14.33","12.83","11.00","50","52.00","18"
"Optimum Nutrition Opti Men 90 tabs","2026-05","18","15.67","14.00","12.00","57","54.00","24"
"Optimum Nutrition Opti Women 60 caps","2023-06","13","14.67","15.17","15.67","66","68.00","16"
"Optimum Nutrition Opti Women 60 caps","2023-07","16","15.00","15.50","15.67","65","67.00","14"
"Optimum Nutrition Opti Women 60 caps","2023-08","14","14.33","15.00","15.58","89","73.33","20"
"Optimum Nutrition Opti Women 60 caps","2023-09","20","16.67","15.67","15.67","110","88.00","15"
"Optimum Nutrition Opti Women 60 caps","2023-10","15","16.33","15.67","15.50","52","83.67","28"
"Optimum Nutrition Opti Women 60 caps","2023-11","28","21.00","17.67","16.50","135","99.00","20"
"Optimum Nutrition Opti Women 60 caps","2023-12","20","21.00","18.83","17.00","120","102.33","17"
"Optimum Nutrition Opti Women 60 caps","2024-01","17","21.67","19.00","17.25","75","110.00","13"
"Optimum Nutrition Opti Women 60 caps","2024-02","13","16.67","18.83","16.92","60","85.00","13"
"Optimum Nutrition Opti Women 60 caps","2024-03","13","14.33","17.67","16.67","83","72.67","16"
"Optimum Nutrition Opti Women 60 caps","2024-04","16","14.00","17.83","16.75","70","71.00","23"
"Optimum Nutrition Opti Women 60 caps","2024-05","23","17.33","17.00","17.33","64","72.33","13"
"Optimum Nutrition Opti Women 60 caps","2024-06","13","17.33","15.83","17.33","77","70.33","43"
"Optimum Nutrition Opti Women 60 caps","2024-07","43","26.33","20.17","19.58","56","65.67","13"
"Optimum Nutrition Opti Women 60 caps","2024-08","13","23.00","20.17","19.50","69","67.33","44"
"Optimum Nutrition Opti Women 60 caps","2024-09","44","33.33","25.33","21.50","61","62.00","37"
"Optimum Nutrition Opti Women 60 caps","2024-10","37","31.33","28.83","23.33","65","65.00","33"
"Optimum Nutrition Opti Women 60 caps","2024-11","33","38.00","30.50","23.75","74","66.67","50"
"Optimum Nutrition Opti Women 60 caps","2024-12","50","40.00","36.67","26.25","135","91.33","41"
"Optimum Nutrition Opti Women 60 caps","2025-01","41","41.33","36.33","28.25","106","105.00","46"
"Optimum Nutrition Opti Women 60 caps","2025-02","46","45.67","41.83","31.00","122","121.00","38"
"Optimum Nutrition Opti Women 60 caps","2025-03","38","41.67","40.83","33.08","96","108.00","39"
"Optimum Nutrition Opti Women 60 caps","2025-04","39","41.00","41.17","35.00","119","112.33","30"
"Optimum Nutrition Opti Women 60 caps","2025-05","30","35.67","40.67","35.58","108","107.67","44"
"Optimum Nutrition Opti Women 60 caps","2025-06","44","37.67","39.67","38.17","74","100.33","35"
"Optimum Nutrition Opti Women 60 caps","2025-07","35","36.33","38.67","37.50","75","85.67","46"
"Optimum Nutrition Opti Women 60 caps","2025-08","46","41.67","38.67","40.25","107","85.33","47"
"Optimum Nutrition Opti Women 60 caps","2025-09","47","42.67","40.17","40.50","92","91.33","44"
"Optimum Nutrition Opti Women 60 caps","2025-10","44","45.67","41.00","41.08","127","108.67","45"
"Optimum Nutrition Opti Women 60 caps","2025-11","45","45.33","43.50","42.08","69","96.00","34"
"Optimum Nutrition Opti Women 60 caps","2025-12","34","41.00","41.83","40.75","93","96.33","48"
"Optimum Nutrition Opti Women 60 caps","2026-01","48","42.33","44.00","41.33","62","74.67","52"
"Optimum Nutrition Opti Women 60 caps","2026-02","52","44.67","45.00","41.83","135","96.67","41"
"Optimum Nutrition Opti Women 60 caps","2026-03","41","47.00","44.00","42.08","56","84.33","49"
"Optimum Nutrition Opti Women 60 caps","2026-04","49","47.33","44.83","42.92","135","108.67","53"
"Optimum Nutrition Opti Women 60 caps","2026-05","53","47.67","46.17","44.83","75","88.67","49"
"Optimum Nutrition Plant Protein Vanilla 1.5 lb","2023-06","7","6.33","5.83","6.08","64","63.00","7"
"Optimum Nutrition Plant Protein Vanilla 1.5 lb","2023-07","7","6.33","5.50","6.08","51","55.00","5"
"Optimum Nutrition Plant Protein Vanilla 1.5 lb","2023-08","5","6.33","5.50","6.00","43","52.67","9"
"Optimum Nutrition Plant Protein Vanilla 1.5 lb","2023-09","9","7.00","6.67","6.08","51","48.33","9"
"Optimum Nutrition Plant Protein Vanilla 1.5 lb","2023-10","9","7.67","7.00","6.25","88","60.67","5"
"Optimum Nutrition Plant Protein Vanilla 1.5 lb","2023-11","5","7.67","7.00","6.17","48","62.33","8"
"Optimum Nutrition Plant Protein Vanilla 1.5 lb","2023-12","8","7.33","7.17","6.50","77","71.00","6"
"Optimum Nutrition Plant Protein Vanilla 1.5 lb","2024-01","6","6.33","7.00","6.25","58","61.00","8"
"Optimum Nutrition Plant Protein Vanilla 1.5 lb","2024-02","8","7.33","7.50","6.50","78","71.00","5"
"Optimum Nutrition Plant Protein Vanilla 1.5 lb","2024-03","5","6.33","6.83","6.75","55","63.67","7"
"Optimum Nutrition Plant Protein Vanilla 1.5 lb","2024-04","7","6.67","6.50","6.75","58","63.67","5"
"Optimum Nutrition Plant Protein Vanilla 1.5 lb","2024-05","5","5.67","6.50","6.75","41","51.33","0"
"Optimum Nutrition Plant Protein Vanilla 1.5 lb","2024-06","0","4.00","5.17","6.17","36","45.00","8"
"Optimum Nutrition Plant Protein Vanilla 1.5 lb","2024-07","8","4.33","5.50","6.25","78","51.67","16"
"Optimum Nutrition Plant Protein Vanilla 1.5 lb","2024-08","16","8.00","6.83","7.17","56","56.67","13"
"Optimum Nutrition Plant Protein Vanilla 1.5 lb","2024-09","13","12.33","8.17","7.50","50","61.33","16"
"Optimum Nutrition Plant Protein Vanilla 1.5 lb","2024-10","16","15.00","9.67","8.08","56","54.00","14"
"Optimum Nutrition Plant Protein Vanilla 1.5 lb","2024-11","14","14.33","11.17","8.83","76","60.67","14"
"Optimum Nutrition Plant Protein Vanilla 1.5 lb","2024-12","14","14.67","13.50","9.33","74","68.67","17"
"Optimum Nutrition Plant Protein Vanilla 1.5 lb","2025-01","17","15.00","15.00","10.25","89","79.67","20"
"Optimum Nutrition Plant Protein Vanilla 1.5 lb","2025-02","20","17.00","15.67","11.25","75","79.33","18"
"Optimum Nutrition Plant Protein Vanilla 1.5 lb","2025-03","18","18.33","16.50","12.33","73","79.00","13"
"Optimum Nutrition Plant Protein Vanilla 1.5 lb","2025-04","13","17.00","16.00","12.83","75","74.33","15"
"Optimum Nutrition Plant Protein Vanilla 1.5 lb","2025-05","15","15.33","16.17","13.67","75","74.33","6"
"Optimum Nutrition Plant Protein Vanilla 1.5 lb","2025-06","6","11.33","14.83","14.17","78","76.00","0"
"Optimum Nutrition Plant Protein Vanilla 1.5 lb","2025-07","0","7.00","12.00","13.50","32","61.67","13"
"Optimum Nutrition Plant Protein Vanilla 1.5 lb","2025-08","13","6.33","10.83","13.25","84","64.67","8"
"Optimum Nutrition Plant Protein Vanilla 1.5 lb","2025-09","8","7.00","9.17","12.83","96","70.67","17"
"Optimum Nutrition Plant Protein Vanilla 1.5 lb","2025-10","17","12.67","9.83","12.92","58","79.33","21"
"Optimum Nutrition Plant Protein Vanilla 1.5 lb","2025-11","21","15.33","10.83","13.50","102","85.33","19"
"Optimum Nutrition Plant Protein Vanilla 1.5 lb","2025-12","19","19.00","13.00","13.92","71","77.00","23"
"Optimum Nutrition Plant Protein Vanilla 1.5 lb","2026-01","23","21.00","16.83","14.42","97","90.00","16"
"Optimum Nutrition Plant Protein Vanilla 1.5 lb","2026-02","16","19.33","17.33","14.08","61","76.33","20"
"Optimum Nutrition Plant Protein Vanilla 1.5 lb","2026-03","20","19.67","19.33","14.25","68","75.33","11"
"Optimum Nutrition Plant Protein Vanilla 1.5 lb","2026-04","11","15.67","18.33","14.08","58","62.33","24"
"Optimum Nutrition Plant Protein Vanilla 1.5 lb","2026-05","24","18.33","18.83","14.83","81","69.00","27"
"Optimum Nutrition Serious Mass Chocolate 6 lb","2023-06","6","6.00","6.83","7.00","57","66.00","6"
"Optimum Nutrition Serious Mass Chocolate 6 lb","2023-07","6","6.00","6.50","7.00","44","56.00","5"
"Optimum Nutrition Serious Mass Chocolate 6 lb","2023-08","5","5.67","6.00","7.00","44","48.33","7"
"Optimum Nutrition Serious Mass Chocolate 6 lb","2023-09","7","6.00","6.00","7.00","64","50.67","7"
"Optimum Nutrition Serious Mass Chocolate 6 lb","2023-10","7","6.33","6.17","7.08","67","58.33","6"
"Optimum Nutrition Serious Mass Chocolate 6 lb","2023-11","6","6.67","6.17","6.75","52","61.00","6"
"Optimum Nutrition Serious Mass Chocolate 6 lb","2023-12","6","6.33","6.17","6.50","67","62.00","6"
"Optimum Nutrition Serious Mass Chocolate 6 lb","2024-01","6","6.00","6.17","6.33","63","60.67","7"
"Optimum Nutrition Serious Mass Chocolate 6 lb","2024-02","7","6.33","6.50","6.25","52","60.67","5"
"Optimum Nutrition Serious Mass Chocolate 6 lb","2024-03","5","6.00","6.17","6.08","65","60.00","6"
"Optimum Nutrition Serious Mass Chocolate 6 lb","2024-04","6","6.00","6.00","6.08","67","61.33","5"
"Optimum Nutrition Serious Mass Chocolate 6 lb","2024-05","5","5.33","5.83","6.00","52","61.33","6"
"Optimum Nutrition Serious Mass Chocolate 6 lb","2024-06","6","5.67","5.83","6.00","43","54.00","6"
"Optimum Nutrition Serious Mass Chocolate 6 lb","2024-07","6","5.67","5.83","6.00","45","46.67","7"
"Optimum Nutrition Serious Mass Chocolate 6 lb","2024-08","7","6.33","5.83","6.17","30","39.33","9"
"Optimum Nutrition Serious Mass Chocolate 6 lb","2024-09","9","7.33","6.50","6.33","50","41.67","8"
"Optimum Nutrition Serious Mass Chocolate 6 lb","2024-10","8","8.00","6.83","6.42","50","43.33","5"
"Optimum Nutrition Serious Mass Chocolate 6 lb","2024-11","5","7.33","6.83","6.33","54","51.33","4"
"Optimum Nutrition Serious Mass Chocolate 6 lb","2024-12","4","5.67","6.50","6.17","49","51.00","9"
"Optimum Nutrition Serious Mass Chocolate 6 lb","2025-01","9","6.00","7.00","6.42","66","56.33","4"
"Optimum Nutrition Serious Mass Chocolate 6 lb","2025-02","4","5.67","6.50","6.17","48","54.33","5"
"Optimum Nutrition Serious Mass Chocolate 6 lb","2025-03","5","6.00","5.83","6.17","41","51.67","8"
"Optimum Nutrition Serious Mass Chocolate 6 lb","2025-04","8","5.67","5.83","6.33","42","43.67","11"
"Optimum Nutrition Serious Mass Chocolate 6 lb","2025-05","11","8.00","6.83","6.83","51","44.67","4"
"Optimum Nutrition Serious Mass Chocolate 6 lb","2025-06","4","7.67","6.83","6.67","24","39.00","4"
"Optimum Nutrition Serious Mass Chocolate 6 lb","2025-07","4","6.33","6.00","6.50","43","39.33","4"
"Optimum Nutrition Serious Mass Chocolate 6 lb","2025-08","4","4.00","6.00","6.25","40","35.67","5"
"Optimum Nutrition Serious Mass Chocolate 6 lb","2025-09","5","4.33","6.00","5.92","42","41.67","4"
"Optimum Nutrition Serious Mass Chocolate 6 lb","2025-10","4","4.33","5.33","5.58","43","41.67","6"
"Optimum Nutrition Serious Mass Chocolate 6 lb","2025-11","6","5.00","4.50","5.67","61","48.67","4"
"Optimum Nutrition Serious Mass Chocolate 6 lb","2025-12","4","4.67","4.50","5.67","34","46.00","11"
"Optimum Nutrition Serious Mass Chocolate 6 lb","2026-01","11","7.00","5.67","5.83","47","47.33","8"
"Optimum Nutrition Serious Mass Chocolate 6 lb","2026-02","8","7.67","6.33","6.17","47","42.67","18"
"Optimum Nutrition Serious Mass Chocolate 6 lb","2026-03","18","12.33","8.50","7.25","47","47.00","12"
"Optimum Nutrition Serious Mass Chocolate 6 lb","2026-04","12","12.67","9.83","7.58","43","45.67","23"
"Optimum Nutrition Serious Mass Chocolate 6 lb","2026-05","23","17.67","12.67","8.58","27","39.00","28"
"Optimum Nutrition Whey Gold Cookies Cream 5 lb","2023-06","0","15.67","17.33","18.00","27","74.00","21"
"Optimum Nutrition Whey Gold Cookies Cream 5 lb","2023-07","21","15.00","16.83","18.08","107","77.33","15"
"Optimum Nutrition Whey Gold Cookies Cream 5 lb","2023-08","15","12.00","16.50","17.42","107","80.33","18"
"Optimum Nutrition Whey Gold Cookies Cream 5 lb","2023-09","18","18.00","16.83","17.08","117","110.33","7"
"Optimum Nutrition Whey Gold Cookies Cream 5 lb","2023-10","7","13.33","14.17","16.33","63","95.67","23"
"Optimum Nutrition Whey Gold Cookies Cream 5 lb","2023-11","23","16.00","14.00","17.33","74","84.67","13"
"Optimum Nutrition Whey Gold Cookies Cream 5 lb","2023-12","13","14.33","16.17","16.75","99","78.67","16"
"Optimum Nutrition Whey Gold Cookies Cream 5 lb","2024-01","16","17.33","15.33","16.08","88","87.00","17"
"Optimum Nutrition Whey Gold Cookies Cream 5 lb","2024-02","17","15.33","15.67","16.08","91","92.67","13"
"Optimum Nutrition Whey Gold Cookies Cream 5 lb","2024-03","13","15.33","14.83","15.83","86","88.33","21"
"Optimum Nutrition Whey Gold Cookies Cream 5 lb","2024-04","21","17.00","17.17","15.67","76","84.33","17"
"Optimum Nutrition Whey Gold Cookies Cream 5 lb","2024-05","17","17.00","16.17","15.08","74","78.67","22"
"Optimum Nutrition Whey Gold Cookies Cream 5 lb","2024-06","22","20.00","17.67","16.92","123","91.00","20"
"Optimum Nutrition Whey Gold Cookies Cream 5 lb","2024-07","20","19.67","18.33","16.83","89","95.33","22"
"Optimum Nutrition Whey Gold Cookies Cream 5 lb","2024-08","22","21.33","19.17","17.42","68","93.33","18"
"Optimum Nutrition Whey Gold Cookies Cream 5 lb","2024-09","18","20.00","20.00","17.42","88","81.67","22"
"Optimum Nutrition Whey Gold Cookies Cream 5 lb","2024-10","22","20.67","20.17","18.67","74","76.67","21"
"Optimum Nutrition Whey Gold Cookies Cream 5 lb","2024-11","21","20.33","20.83","18.50","109","90.33","14"
"Optimum Nutrition Whey Gold Cookies Cream 5 lb","2024-12","14","19.00","19.50","18.58","60","81.00","29"
"Optimum Nutrition Whey Gold Cookies Cream 5 lb","2025-01","29","21.33","21.00","19.67","135","101.33","12"
"Optimum Nutrition Whey Gold Cookies Cream 5 lb","2025-02","12","18.33","19.33","19.25","45","80.00","13"
"Optimum Nutrition Whey Gold Cookies Cream 5 lb","2025-03","13","18.00","18.50","19.25","91","90.33","23"
"Optimum Nutrition Whey Gold Cookies Cream 5 lb","2025-04","23","16.00","18.67","19.42","97","77.67","19"
"Optimum Nutrition Whey Gold Cookies Cream 5 lb","2025-05","19","18.33","18.33","19.58","110","99.33","20"
"Optimum Nutrition Whey Gold Cookies Cream 5 lb","2025-06","20","20.67","19.33","19.42","69","92.00","17"
"Optimum Nutrition Whey Gold Cookies Cream 5 lb","2025-07","17","18.67","17.33","19.17","89","89.33","23"
"Optimum Nutrition Whey Gold Cookies Cream 5 lb","2025-08","23","20.00","19.17","19.25","96","84.67","25"
"Optimum Nutrition Whey Gold Cookies Cream 5 lb","2025-09","25","21.67","21.17","19.83","96","93.67","28"
"Optimum Nutrition Whey Gold Cookies Cream 5 lb","2025-10","28","25.33","22.00","20.33","115","102.33","24"
"Optimum Nutrition Whey Gold Cookies Cream 5 lb","2025-11","24","25.67","22.83","20.58","72","94.33","12"
"Optimum Nutrition Whey Gold Cookies Cream 5 lb","2025-12","12","21.33","21.50","20.42","80","89.00","20"
"Optimum Nutrition Whey Gold Cookies Cream 5 lb","2026-01","20","18.67","22.00","19.67","121","91.00","21"
"Optimum Nutrition Whey Gold Cookies Cream 5 lb","2026-02","21","17.67","21.67","20.42","77","92.67","17"
"Optimum Nutrition Whey Gold Cookies Cream 5 lb","2026-03","17","19.33","20.33","20.75","86","94.67","27"
"Optimum Nutrition Whey Gold Cookies Cream 5 lb","2026-04","27","21.67","20.17","21.08","67","76.67","28"
"Optimum Nutrition Whey Gold Cookies Cream 5 lb","2026-05","28","24.00","20.83","21.83","89","80.67","34"
"Optimum Nutrition Whey Gold Double Chocolate 2 lb","2023-06","4","3.00","2.83","2.67","36","28.33","2"
"Optimum Nutrition Whey Gold Double Chocolate 2 lb","2023-07","2","3.00","2.67","2.58","23","30.00","4"
"Optimum Nutrition Whey Gold Double Chocolate 2 lb","2023-08","4","3.33","3.00","2.75","28","29.00","4"
"Optimum Nutrition Whey Gold Double Chocolate 2 lb","2023-09","4","3.33","3.17","3.08","28","26.33","2"
"Optimum Nutrition Whey Gold Double Chocolate 2 lb","2023-10","2","3.33","3.17","2.92","27","27.67","3"
"Optimum Nutrition Whey Gold Double Chocolate 2 lb","2023-11","3","3.00","3.17","2.92","29","28.00","3"
"Optimum Nutrition Whey Gold Double Chocolate 2 lb","2023-12","3","2.67","3.00","2.92","31","29.00","4"
"Optimum Nutrition Whey Gold Double Chocolate 2 lb","2024-01","4","3.33","3.33","3.00","40","33.33","4"
"Optimum Nutrition Whey Gold Double Chocolate 2 lb","2024-02","4","3.67","3.33","3.17","19","30.00","2"
"Optimum Nutrition Whey Gold Double Chocolate 2 lb","2024-03","2","3.33","3.00","3.08","27","28.67","2"
"Optimum Nutrition Whey Gold Double Chocolate 2 lb","2024-04","2","2.67","3.00","3.08","21","22.33","4"
"Optimum Nutrition Whey Gold Double Chocolate 2 lb","2024-05","4","2.67","3.17","3.17","24","24.00","2"
"Optimum Nutrition Whey Gold Double Chocolate 2 lb","2024-06","2","2.67","3.00","3.00","29","24.67","4"
"Optimum Nutrition Whey Gold Double Chocolate 2 lb","2024-07","4","3.33","3.00","3.17","21","24.67","5"
"Optimum Nutrition Whey Gold Double Chocolate 2 lb","2024-08","5","3.67","3.17","3.25","26","25.33","4"
"Optimum Nutrition Whey Gold Double Chocolate 2 lb","2024-09","4","4.33","3.50","3.25","37","28.00","3"
"Optimum Nutrition Whey Gold Double Chocolate 2 lb","2024-10","3","4.00","3.67","3.33","20","27.67","3"
"Optimum Nutrition Whey Gold Double Chocolate 2 lb","2024-11","3","3.33","3.50","3.33","35","30.67","4"
"Optimum Nutrition Whey Gold Double Chocolate 2 lb","2024-12","4","3.33","3.83","3.42","26","27.00","6"
"Optimum Nutrition Whey Gold Double Chocolate 2 lb","2025-01","6","4.33","4.17","3.58","32","31.00","4"
"Optimum Nutrition Whey Gold Double Chocolate 2 lb","2025-02","4","4.67","4.00","3.58","32","30.00","4"
"Optimum Nutrition Whey Gold Double Chocolate 2 lb","2025-03","4","4.67","4.00","3.75","20","28.00","6"
"Optimum Nutrition Whey Gold Double Chocolate 2 lb","2025-04","6","4.67","4.50","4.08","25","25.67","9"
"Optimum Nutrition Whey Gold Double Chocolate 2 lb","2025-05","9","6.33","5.50","4.50","30","25.00","4"
"Optimum Nutrition Whey Gold Double Chocolate 2 lb","2025-06","4","6.33","5.50","4.67","27","27.33","3"
"Optimum Nutrition Whey Gold Double Chocolate 2 lb","2025-07","3","5.33","5.00","4.58","18","25.00","4"
"Optimum Nutrition Whey Gold Double Chocolate 2 lb","2025-08","4","3.67","5.00","4.50","19","21.33","3"
"Optimum Nutrition Whey Gold Double Chocolate 2 lb","2025-09","3","3.33","4.83","4.42","24","20.33","6"
"Optimum Nutrition Whey Gold Double Chocolate 2 lb","2025-10","6","4.33","4.83","4.67","29","24.00","2"
"Optimum Nutrition Whey Gold Double Chocolate 2 lb","2025-11","2","3.67","3.67","4.58","21","24.67","4"
"Optimum Nutrition Whey Gold Double Chocolate 2 lb","2025-12","4","4.00","3.67","4.58","30","26.67","3"
"Optimum Nutrition Whey Gold Double Chocolate 2 lb","2026-01","3","3.00","3.67","4.33","0","17.00","4"
"Optimum Nutrition Whey Gold Double Chocolate 2 lb","2026-02","4","3.67","3.67","4.33","26","18.67","8"
"Optimum Nutrition Whey Gold Double Chocolate 2 lb","2026-03","8","5.00","4.50","4.67","19","15.00","8"
"Optimum Nutrition Whey Gold Double Chocolate 2 lb","2026-04","8","6.67","4.83","4.83","22","22.33","12"
"Optimum Nutrition Whey Gold Double Chocolate 2 lb","2026-05","12","9.33","6.50","5.08","25","22.00","14"
"Optimum Nutrition Whey Gold Vanilla Ice Cream 2 lb","2023-06","4","3.33","2.67","2.92","37","41.33","4"
"Optimum Nutrition Whey Gold Vanilla Ice Cream 2 lb","2023-07","4","3.67","3.33","3.00","42","44.33","0"
"Optimum Nutrition Whey Gold Vanilla Ice Cream 2 lb","2023-08","0","2.67","2.83","2.75","21","33.33","3"
"Optimum Nutrition Whey Gold Vanilla Ice Cream 2 lb","2023-09","3","2.33","2.83","2.75","40","34.33","3"
"Optimum Nutrition Whey Gold Vanilla Ice Cream 2 lb","2023-10","3","2.00","2.83","2.75","47","36.00","5"
"Optimum Nutrition Whey Gold Vanilla Ice Cream 2 lb","2023-11","5","3.67","3.17","2.83","42","43.00","4"
"Optimum Nutrition Whey Gold Vanilla Ice Cream 2 lb","2023-12","4","4.00","3.17","2.92","42","43.67","0"
"Optimum Nutrition Whey Gold Vanilla Ice Cream 2 lb","2024-01","0","3.00","2.50","2.92","56","46.67","2"
"Optimum Nutrition Whey Gold Vanilla Ice Cream 2 lb","2024-02","2","2.00","2.83","2.83","32","43.33","4"
"Optimum Nutrition Whey Gold Vanilla Ice Cream 2 lb","2024-03","4","2.00","3.00","2.92","44","44.00","4"
"Optimum Nutrition Whey Gold Vanilla Ice Cream 2 lb","2024-04","4","3.33","3.17","3.00","36","37.33","4"
"Optimum Nutrition Whey Gold Vanilla Ice Cream 2 lb","2024-05","4","4.00","3.00","3.08","37","39.00","4"
"Optimum Nutrition Whey Gold Vanilla Ice Cream 2 lb","2024-06","4","4.00","3.00","3.08","36","36.33","7"
"Optimum Nutrition Whey Gold Vanilla Ice Cream 2 lb","2024-07","7","5.00","4.17","3.33","45","39.33","12"
"Optimum Nutrition Whey Gold Vanilla Ice Cream 2 lb","2024-08","12","7.67","5.83","4.33","57","46.00","3"
"Optimum Nutrition Whey Gold Vanilla Ice Cream 2 lb","2024-09","3","7.33","5.67","4.33","39","47.00","12"
"Optimum Nutrition Whey Gold Vanilla Ice Cream 2 lb","2024-10","12","9.00","7.00","5.08","52","49.33","9"
"Optimum Nutrition Whey Gold Vanilla Ice Cream 2 lb","2024-11","9","8.00","7.83","5.42","47","46.00","11"
"Optimum Nutrition Whey Gold Vanilla Ice Cream 2 lb","2024-12","11","10.67","9.00","6.00","61","53.33","16"
"Optimum Nutrition Whey Gold Vanilla Ice Cream 2 lb","2025-01","16","12.00","10.50","7.33","50","52.67","4"
"Optimum Nutrition Whey Gold Vanilla Ice Cream 2 lb","2025-02","4","10.33","9.17","7.50","47","52.67","15"
"Optimum Nutrition Whey Gold Vanilla Ice Cream 2 lb","2025-03","15","11.67","11.17","8.42","46","47.67","10"
"Optimum Nutrition Whey Gold Vanilla Ice Cream 2 lb","2025-04","10","9.67","10.83","8.92","66","53.00","8"
"Optimum Nutrition Whey Gold Vanilla Ice Cream 2 lb","2025-05","8","11.00","10.67","9.25","55","55.67","14"
"Optimum Nutrition Whey Gold Vanilla Ice Cream 2 lb","2025-06","14","10.67","11.17","10.08","58","59.67","12"
"Optimum Nutrition Whey Gold Vanilla Ice Cream 2 lb","2025-07","12","11.33","10.50","10.50","54","55.67","11"
"Optimum Nutrition Whey Gold Vanilla Ice Cream 2 lb","2025-08","11","12.33","11.67","10.42","58","56.67","13"
"Optimum Nutrition Whey Gold Vanilla Ice Cream 2 lb","2025-09","13","12.00","11.33","11.25","55","55.67","11"
"Optimum Nutrition Whey Gold Vanilla Ice Cream 2 lb","2025-10","11","11.67","11.50","11.17","39","50.67","9"
"Optimum Nutrition Whey Gold Vanilla Ice Cream 2 lb","2025-11","9","11.00","11.67","11.17","48","47.33","14"
"Optimum Nutrition Whey Gold Vanilla Ice Cream 2 lb","2025-12","14","11.33","11.67","11.42","74","53.67","18"
"Optimum Nutrition Whey Gold Vanilla Ice Cream 2 lb","2026-01","18","13.67","12.67","11.58","63","61.67","6"
"Optimum Nutrition Whey Gold Vanilla Ice Cream 2 lb","2026-02","6","12.67","11.83","11.75","47","61.33","15"
"Optimum Nutrition Whey Gold Vanilla Ice Cream 2 lb","2026-03","15","13.00","12.17","11.75","63","57.67","10"
"Optimum Nutrition Whey Gold Vanilla Ice Cream 2 lb","2026-04","10","10.33","12.00","11.75","54","54.67","18"
"Optimum Nutrition Whey Gold Vanilla Ice Cream 2 lb","2026-05","18","14.33","13.50","12.58","47","54.67","22"
"Playera Fit Training","2023-06","6","6.00","5.67","5.08","53","49.33","5"
"Playera Fit Training","2023-07","5","6.00","5.67","5.17","30","44.67","5"
"Playera Fit Training","2023-08","5","5.33","5.50","5.25","53","45.33","5"
"Playera Fit Training","2023-09","5","5.00","5.50","5.33","34","39.00","6"
"Playera Fit Training","2023-10","6","5.33","5.67","5.50","52","46.33","6"
"Playera Fit Training","2023-11","6","5.67","5.50","5.50","43","43.00","8"
"Playera Fit Training","2023-12","8","6.67","5.83","5.75","31","42.00","0"
"Playera Fit Training","2024-01","0","4.67","5.00","5.33","18","30.67","5"
"Playera Fit Training","2024-02","5","4.33","5.00","5.25","26","25.00","8"
"Playera Fit Training","2024-03","8","4.33","5.50","5.50","52","32.00","6"
"Playera Fit Training","2024-04","6","6.33","5.50","5.58","53","43.67","6"
"Playera Fit Training","2024-05","6","6.67","5.50","5.50","60","55.00","6"
"Playera Fit Training","2024-06","6","6.00","5.17","5.50","47","53.33","10"
"Playera Fit Training","2024-07","10","7.33","6.83","5.92","33","46.67","9"
"Playera Fit Training","2024-08","9","8.33","7.50","6.25","40","40.00","11"
"Playera Fit Training","2024-09","11","10.00","8.00","6.75","44","39.00","16"
"Playera Fit Training","2024-10","16","12.00","9.67","7.58","37","40.33","12"
"Playera Fit Training","2024-11","12","13.00","10.67","8.08","49","43.33","21"
"Playera Fit Training","2024-12","21","16.33","13.17","9.17","47","44.33","7"
"Playera Fit Training","2025-01","7","13.33","12.67","9.75","48","48.00","12"
"Playera Fit Training","2025-02","12","13.33","13.17","10.33","46","47.00","8"
"Playera Fit Training","2025-03","8","9.00","12.67","10.33","36","43.33","8"
"Playera Fit Training","2025-04","8","9.33","11.33","10.50","67","49.67","13"
"Playera Fit Training","2025-05","13","9.67","11.50","11.08","49","50.67","10"
"Playera Fit Training","2025-06","10","10.33","9.67","11.42","37","51.00","18"
"Playera Fit Training","2025-07","18","13.67","11.50","12.08","44","43.33","17"
"Playera Fit Training","2025-08","17","15.00","12.33","12.75","41","40.67","13"
"Playera Fit Training","2025-09","13","16.00","13.17","12.92","55","46.67","12"
"Playera Fit Training","2025-10","12","14.00","13.83","12.58","35","43.67","17"
"Playera Fit Training","2025-11","17","14.00","14.50","13.00","51","47.00","22"
"Playera Fit Training","2025-12","22","17.00","16.50","13.08","68","51.33","7"
"Playera Fit Training","2026-01","7","15.33","14.67","13.08","34","51.00","16"
"Playera Fit Training","2026-02","16","15.00","14.50","13.42","43","48.33","22"
"Playera Fit Training","2026-03","22","15.00","16.00","14.58","66","47.67","20"
"Playera Fit Training","2026-04","20","19.33","17.33","15.58","72","60.33","18"
"Playera Fit Training","2026-05","18","20.00","17.50","16.00","69","69.00","25"
"Playera Training Dry Fit","2023-06","4","4.67","4.50","4.58","39","47.67","4"
"Playera Training Dry Fit","2023-07","4","4.33","4.50","4.58","18","36.00","3"
"Playera Training Dry Fit","2023-08","3","3.67","4.33","4.42","17","24.67","4"
"Playera Training Dry Fit","2023-09","4","3.67","4.17","4.33","35","23.33","4"
"Playera Training Dry Fit","2023-10","4","3.67","4.00","4.25","32","28.00","5"
"Playera Training Dry Fit","2023-11","5","4.33","4.00","4.17","44","37.00","4"
"Playera Training Dry Fit","2023-12","4","4.33","4.00","4.25","24","33.33","5"
"Playera Training Dry Fit","2024-01","5","4.67","4.17","4.33","22","30.00","4"
"Playera Training Dry Fit","2024-02","4","4.33","4.33","4.33","20","22.00","5"
"Playera Training Dry Fit","2024-03","5","4.67","4.50","4.33","20","20.67","4"
"Playera Training Dry Fit","2024-04","4","4.33","4.50","4.25","33","24.33","5"
"Playera Training Dry Fit","2024-05","5","4.67","4.50","4.25","33","28.67","5"
"Playera Training Dry Fit","2024-06","5","4.67","4.67","4.33","29","31.67","9"
"Playera Training Dry Fit","2024-07","9","6.33","5.33","4.75","28","30.00","4"
"Playera Training Dry Fit","2024-08","4","6.00","5.33","4.83","24","27.00","8"
"Playera Training Dry Fit","2024-09","8","7.00","5.83","5.17","33","28.33","10"
"Playera Training Dry Fit","2024-10","10","7.33","6.83","5.67","27","28.00","11"
"Playera Training Dry Fit","2024-11","11","9.67","7.83","6.17","26","28.67","11"
"Playera Training Dry Fit","2024-12","11","10.67","8.83","6.75","49","34.00","14"
"Playera Training Dry Fit","2025-01","14","12.00","9.67","7.50","33","36.00","7"
"Playera Training Dry Fit","2025-02","7","10.67","10.17","7.75","42","41.33","15"
"Playera Training Dry Fit","2025-03","15","12.00","11.33","8.58","50","41.67","11"
"Playera Training Dry Fit","2025-04","11","11.00","11.50","9.17","27","39.67","9"
"Playera Training Dry Fit","2025-05","9","11.67","11.17","9.50","29","35.33","5"
"Playera Training Dry Fit","2025-06","5","8.33","10.17","9.50","40","32.00","8"
"Playera Training Dry Fit","2025-07","8","7.33","9.17","9.42","11","26.67","10"
"Playera Training Dry Fit","2025-08","10","7.67","9.67","9.92","30","27.00","9"
"Playera Training Dry Fit","2025-09","9","9.00","8.67","10.00","25","22.00","9"
"Playera Training Dry Fit","2025-10","9","9.33","8.33","9.92","21","25.33","13"
"Playera Training Dry Fit","2025-11","13","10.33","9.00","10.08","37","27.67","14"
"Playera Training Dry Fit","2025-12","14","12.00","10.50","10.33","46","34.67","4"
"Playera Training Dry Fit","2026-01","4","10.33","9.83","9.50","26","36.33","4"
"Playera Training Dry Fit","2026-02","4","7.33","8.83","9.25","21","31.00","7"
"Playera Training Dry Fit","2026-03","7","5.00","8.50","8.58","39","28.67","11"
"Playera Training Dry Fit","2026-04","11","7.33","8.83","8.58","30","30.00","16"
"Playera Training Dry Fit","2026-05","16","11.33","9.33","9.17","28","32.33","11"
"Pre-entreno C4 Original 30 servicios","2023-06","9","5.33","7.83","8.67","67","51.00","8"
"Pre-entreno C4 Original 30 servicios","2023-07","8","5.67","7.17","8.58","50","46.00","8"
"Pre-entreno C4 Original 30 servicios","2023-08","8","8.33","7.00","8.42","39","52.00","13"
"Pre-entreno C4 Original 30 servicios","2023-09","13","9.67","7.50","8.58","65","51.33","0"
"Pre-entreno C4 Original 30 servicios","2023-10","0","7.00","6.33","8.17","20","41.33","7"
"Pre-entreno C4 Original 30 servicios","2023-11","7","6.67","7.50","7.92","48","44.33","10"
"Pre-entreno C4 Original 30 servicios","2023-12","10","5.67","7.67","7.75","45","37.67","15"
"Pre-entreno C4 Original 30 servicios","2024-01","15","10.67","8.83","8.00","63","52.00","13"
"Pre-entreno C4 Original 30 servicios","2024-02","13","12.67","9.67","8.33","82","63.33","11"
"Pre-entreno C4 Original 30 servicios","2024-03","11","13.00","9.33","8.42","42","62.33","12"
"Pre-entreno C4 Original 30 servicios","2024-04","12","12.00","11.33","8.83","51","58.33","12"
"Pre-entreno C4 Original 30 servicios","2024-05","12","11.67","12.17","9.83","78","57.00","9"
"Pre-entreno C4 Original 30 servicios","2024-06","9","11.00","12.00","9.83","60","63.00","22"
"Pre-entreno C4 Original 30 servicios","2024-07","22","14.33","13.17","11.00","78","72.00","24"
"Pre-entreno C4 Original 30 servicios","2024-08","24","18.33","15.00","12.33","66","68.00","26"
"Pre-entreno C4 Original 30 servicios","2024-09","26","24.00","17.50","13.42","54","66.00","38"
"Pre-entreno C4 Original 30 servicios","2024-10","38","29.33","21.83","16.58","60","60.00","36"
"Pre-entreno C4 Original 30 servicios","2024-11","36","33.33","25.83","19.00","79","64.33","25"
"Pre-entreno C4 Original 30 servicios","2024-12","25","33.00","28.50","20.25","74","71.00","30"
"Pre-entreno C4 Original 30 servicios","2025-01","30","30.33","29.83","21.50","95","82.67","33"
"Pre-entreno C4 Original 30 servicios","2025-02","33","29.33","31.33","23.17","62","77.00","35"
"Pre-entreno C4 Original 30 servicios","2025-03","35","32.67","32.83","25.17","55","70.67","33"
"Pre-entreno C4 Original 30 servicios","2025-04","33","33.67","32.00","26.92","85","67.33","32"
"Pre-entreno C4 Original 30 servicios","2025-05","32","33.33","31.33","28.58","95","78.33","41"
"Pre-entreno C4 Original 30 servicios","2025-06","41","35.33","34.00","31.25","93","91.00","36"
"Pre-entreno C4 Original 30 servicios","2025-07","36","36.33","35.00","32.42","76","88.00","44"
"Pre-entreno C4 Original 30 servicios","2025-08","44","40.33","36.83","34.08","72","80.33","13"
"Pre-entreno C4 Original 30 servicios","2025-09","13","31.00","33.17","33.00","34","60.67","31"
"Pre-entreno C4 Original 30 servicios","2025-10","31","29.33","32.83","32.42","96","67.33","34"
"Pre-entreno C4 Original 30 servicios","2025-11","34","26.00","33.17","32.25","81","70.33","39"
"Pre-entreno C4 Original 30 servicios","2025-12","39","34.67","32.83","33.42","68","81.67","40"
"Pre-entreno C4 Original 30 servicios","2026-01","40","37.67","33.50","34.25","90","79.67","30"
"Pre-entreno C4 Original 30 servicios","2026-02","30","36.33","31.17","34.00","86","81.33","32"
"Pre-entreno C4 Original 30 servicios","2026-03","32","34.00","34.33","33.75","86","87.33","43"
"Pre-entreno C4 Original 30 servicios","2026-04","43","35.00","36.33","34.58","69","80.33","41"
"Pre-entreno C4 Original 30 servicios","2026-05","41","38.67","37.50","35.33","62","72.33","47"
"Pre-entreno C4 Ripped","2023-06","8","8.00","7.50","7.17","63","65.67","8"
"Pre-entreno C4 Ripped","2023-07","8","8.00","7.50","7.33","68","61.67","8"
"Pre-entreno C4 Ripped","2023-08","8","8.00","8.00","7.50","57","62.67","10"
"Pre-entreno C4 Ripped","2023-09","10","8.67","8.33","7.67","70","65.00","0"
"Pre-entreno C4 Ripped","2023-10","0","6.00","7.00","7.08","30","52.33","10"
"Pre-entreno C4 Ripped","2023-11","10","6.67","7.33","7.42","69","56.33","11"
"Pre-entreno C4 Ripped","2023-12","11","7.00","7.83","7.67","78","59.00","12"
"Pre-entreno C4 Ripped","2024-01","12","11.00","8.50","8.00","83","76.67","7"
"Pre-entreno C4 Ripped","2024-02","7","10.00","8.33","8.17","72","77.67","10"
"Pre-entreno C4 Ripped","2024-03","10","9.67","8.33","8.33","69","74.67","8"
"Pre-entreno C4 Ripped","2024-04","8","8.33","9.67","8.33","67","69.33","10"
"Pre-entreno C4 Ripped","2024-05","10","9.33","9.67","8.50","81","72.33","4"
"Pre-entreno C4 Ripped","2024-06","4","7.33","8.50","8.17","44","64.00","13"
"Pre-entreno C4 Ripped","2024-07","13","9.00","8.67","8.58","53","59.33","18"
"Pre-entreno C4 Ripped","2024-08","18","11.67","10.50","9.42","70","55.67","15"
"Pre-entreno C4 Ripped","2024-09","15","15.33","11.33","9.83","60","61.00","18"
"Pre-entreno C4 Ripped","2024-10","18","17.00","13.00","11.33","86","72.00","18"
"Pre-entreno C4 Ripped","2024-11","18","17.00","14.33","12.00","69","71.67","11"
"Pre-entreno C4 Ripped","2024-12","11","15.67","15.50","12.00","91","82.00","14"
"Pre-entreno C4 Ripped","2025-01","14","14.33","15.67","12.17","90","83.33","24"
"Pre-entreno C4 Ripped","2025-02","24","16.33","16.67","13.58","84","88.33","9"
"Pre-entreno C4 Ripped","2025-03","9","15.67","15.67","13.50","73","82.33","17"
"Pre-entreno C4 Ripped","2025-04","17","16.67","15.50","14.25","64","73.67","0"
"Pre-entreno C4 Ripped","2025-05","0","8.67","12.50","13.42","39","58.67","15"
"Pre-entreno C4 Ripped","2025-06","15","10.67","13.17","14.33","77","60.00","17"
"Pre-entreno C4 Ripped","2025-07","17","10.67","13.67","14.67","64","60.00","18"
"Pre-entreno C4 Ripped","2025-08","18","16.67","12.67","14.67","107","82.67","19"
"Pre-entreno C4 Ripped","2025-09","19","18.00","14.33","15.00","97","89.33","20"
"Pre-entreno C4 Ripped","2025-10","20","19.00","14.83","15.17","112","105.33","16"
"Pre-entreno C4 Ripped","2025-11","16","18.33","17.50","15.00","112","107.00","17"
"Pre-entreno C4 Ripped","2025-12","17","17.67","17.83","15.50","52","92.00","22"
"Pre-entreno C4 Ripped","2026-01","22","18.33","18.67","16.17","75","79.67","14"
"Pre-entreno C4 Ripped","2026-02","14","17.67","18.00","15.33","77","68.00","23"
"Pre-entreno C4 Ripped","2026-03","23","19.67","18.67","16.50","66","72.67","21"
"Pre-entreno C4 Ripped","2026-04","21","19.33","18.83","16.83","77","73.33","15"
"Pre-entreno C4 Ripped","2026-05","15","19.67","18.67","18.08","73","72.00","17"
"Proteína Whey Gold Standard 5 lb","2023-06","6","4.67","5.00","5.08","28","31.67","5"
"Proteína Whey Gold Standard 5 lb","2023-07","5","5.00","4.33","5.25","40","35.33","7"
"Proteína Whey Gold Standard 5 lb","2023-08","7","6.00","5.00","5.50","41","36.33","5"
"Proteína Whey Gold Standard 5 lb","2023-09","5","5.67","5.17","5.58","46","42.33","4"
"Proteína Whey Gold Standard 5 lb","2023-10","4","5.33","5.17","5.25","32","39.67","7"
"Proteína Whey Gold Standard 5 lb","2023-11","7","5.33","5.67","5.17","67","48.33","6"
"Proteína Whey Gold Standard 5 lb","2023-12","6","5.67","5.67","5.33","44","47.67","5"
"Proteína Whey Gold Standard 5 lb","2024-01","5","6.00","5.67","5.00","56","55.67","5"
"Proteína Whey Gold Standard 5 lb","2024-02","5","5.33","5.33","5.17","32","44.00","3"
"Proteína Whey Gold Standard 5 lb","2024-03","3","4.33","5.00","5.08","35","41.00","4"
"Proteína Whey Gold Standard 5 lb","2024-04","4","4.00","5.00","5.08","24","30.33","8"
"Proteína Whey Gold Standard 5 lb","2024-05","8","5.00","5.17","5.42","57","38.67","6"
"Proteína Whey Gold Standard 5 lb","2024-06","6","6.00","5.17","5.42","58","46.33","27"
"Proteína Whey Gold Standard 5 lb","2024-07","27","13.67","8.83","7.25","31","48.67","28"
"Proteína Whey Gold Standard 5 lb","2024-08","28","20.33","12.67","9.00","38","42.33","18"
"Proteína Whey Gold Standard 5 lb","2024-09","18","24.33","15.17","10.08","58","42.33","34"
"Proteína Whey Gold Standard 5 lb","2024-10","34","26.67","20.17","12.58","42","46.00","22"
"Proteína Whey Gold Standard 5 lb","2024-11","22","24.67","22.50","13.83","37","45.67","6"
"Proteína Whey Gold Standard 5 lb","2024-12","6","20.67","22.50","13.83","47","42.00","40"
"Proteína Whey Gold Standard 5 lb","2025-01","40","22.67","24.67","16.75","43","42.33","8"
"Proteína Whey Gold Standard 5 lb","2025-02","8","18.00","21.33","17.00","42","44.00","26"
"Proteína Whey Gold Standard 5 lb","2025-03","26","24.67","22.67","18.92","44","43.00","27"
"Proteína Whey Gold Standard 5 lb","2025-04","27","20.33","21.50","20.83","41","42.33","27"
"Proteína Whey Gold Standard 5 lb","2025-05","27","26.67","22.33","22.42","34","39.67","17"
"Proteína Whey Gold Standard 5 lb","2025-06","17","23.67","24.17","23.33","51","42.00","23"
"Proteína Whey Gold Standard 5 lb","2025-07","23","22.33","21.33","23.00","33","39.33","23"
"Proteína Whey Gold Standard 5 lb","2025-08","23","21.00","23.83","22.58","47","43.67","29"
"Proteína Whey Gold Standard 5 lb","2025-09","29","25.00","24.33","23.50","72","50.67","21"
"Proteína Whey Gold Standard 5 lb","2025-10","21","24.33","23.33","22.42","33","50.67","38"
"Proteína Whey Gold Standard 5 lb","2025-11","38","29.33","25.17","23.75","70","58.33","28"
"Proteína Whey Gold Standard 5 lb","2025-12","28","29.00","27.00","25.58","31","44.67","31"
"Proteína Whey Gold Standard 5 lb","2026-01","31","32.33","28.33","24.83","55","52.00","26"
"Proteína Whey Gold Standard 5 lb","2026-02","26","28.33","28.83","26.33","52","46.00","25"
"Proteína Whey Gold Standard 5 lb","2026-03","25","27.33","28.17","26.25","40","49.00","28"
"Proteína Whey Gold Standard 5 lb","2026-04","28","26.33","29.33","26.33","44","45.33","25"
"Proteína Whey Gold Standard 5 lb","2026-05","25","26.00","27.17","26.17","34","39.33","24"
"Prueba","2023-06","4","5.33","4.83","4.83","23","28.33","4"
"Prueba","2023-07","4","4.67","4.83","4.75","26","27.00","5"
"Prueba","2023-08","5","4.33","4.83","4.83","30","26.33","5"
"Prueba","2023-09","5","4.67","5.00","4.83","25","27.00","6"
"Prueba","2023-10","6","5.33","5.00","4.83","24","26.33","4"
"Prueba","2023-11","4","5.00","4.67","4.75","29","26.00","3"
"Prueba","2023-12","3","4.33","4.50","4.67","26","26.33","6"
"Prueba","2024-01","6","4.33","4.83","4.83","43","32.67","3"
"Prueba","2024-02","3","4.00","4.50","4.67","26","31.67","6"
"Prueba","2024-03","6","5.00","4.67","4.83","37","35.33","3"
"Prueba","2024-04","3","4.00","4.17","4.58","19","27.33","3"
"Prueba","2024-05","3","4.00","4.00","4.33","21","25.67","4"
"Prueba","2024-06","4","3.33","4.17","4.33","28","22.67","6"
"Prueba","2024-07","6","4.33","4.17","4.50","25","24.67","3"
"Prueba","2024-08","3","4.33","4.17","4.33","33","28.67","3"
"Prueba","2024-09","3","4.00","3.67","4.17","15","24.33","4"
"Prueba","2024-10","4","3.33","3.83","4.00","32","26.67","4"
"Prueba","2024-11","4","3.67","4.00","4.00","33","26.67","4"
"Prueba","2024-12","4","4.00","4.00","4.08","31","32.00","4"
"Prueba","2025-01","4","4.00","3.67","3.92","35","33.00","5"
"Prueba","2025-02","5","4.33","4.00","4.08","32","32.67","5"
"Prueba","2025-03","5","4.67","4.33","4.00","33","33.33","5"
"Prueba","2025-04","5","5.00","4.50","4.17","28","31.00","4"
"Prueba","2025-05","4","4.67","4.50","4.25","23","28.00","5"
"Prueba","2025-06","5","4.67","4.67","4.33","29","26.67","6"
"Prueba","2025-07","6","5.00","5.00","4.33","37","29.67","0"
"Prueba","2025-08","0","3.67","4.17","4.08","12","26.00","3"
"Prueba","2025-09","3","3.00","3.83","4.08","21","23.33","0"
"Prueba","2025-10","0","1.00","3.00","3.75","16","16.33","7"
"Prueba","2025-11","7","3.33","3.50","4.00","37","24.67","3"
"Prueba","2025-12","3","3.33","3.17","3.92","24","25.67","4"
"Prueba","2026-01","4","4.67","2.83","3.92","28","29.67","5"
"Prueba","2026-02","5","4.00","3.67","3.92","27","26.33","4"
"Prueba","2026-03","4","4.33","3.83","3.83","32","29.00","3"
"Prueba","2026-04","3","4.00","4.33","3.67","19","26.00","3"
"Prueba","2026-05","3","3.33","3.67","3.58","17","22.67","5"
"Short Deportivo Performance","2023-06","4","4.33","3.67","3.83","35","40.00","4"
"Short Deportivo Performance","2023-07","4","4.00","3.83","3.83","34","36.67","4"
"Short Deportivo Performance","2023-08","4","4.00","4.00","3.92","38","35.67","3"
"Short Deportivo Performance","2023-09","3","3.67","4.00","3.92","31","34.33","3"
"Short Deportivo Performance","2023-10","3","3.33","3.67","3.92","39","36.00","4"
"Short Deportivo Performance","2023-11","4","3.33","3.67","3.67","33","34.33","7"
"Short Deportivo Performance","2023-12","7","4.67","4.17","3.92","40","37.33","5"
"Short Deportivo Performance","2024-01","5","5.33","4.33","4.08","53","42.00","4"
"Short Deportivo Performance","2024-02","4","5.33","4.33","4.17","27","40.00","3"
"Short Deportivo Performance","2024-03","3","4.00","4.33","4.17","30","36.67","4"
"Short Deportivo Performance","2024-04","4","3.67","4.50","4.08","27","28.00","5"
"Short Deportivo Performance","2024-05","5","4.00","4.67","4.17","50","35.67","0"
"Short Deportivo Performance","2024-06","0","3.00","3.50","3.83","36","37.67","7"
"Short Deportivo Performance","2024-07","7","4.00","3.83","4.08","23","36.33","4"
"Short Deportivo Performance","2024-08","4","3.67","3.83","4.08","37","32.00","9"
"Short Deportivo Performance","2024-09","9","6.67","4.83","4.58","33","31.00","7"
"Short Deportivo Performance","2024-10","7","6.67","5.33","4.92","29","33.00","7"
"Short Deportivo Performance","2024-11","7","7.67","5.67","5.17","43","35.00","7"
"Short Deportivo Performance","2024-12","7","7.00","6.83","5.17","55","42.33","8"
"Short Deportivo Performance","2025-01","8","7.33","7.00","5.42","49","49.00","4"
"Short Deportivo Performance","2025-02","4","6.33","7.00","5.42","46","50.00","4"
"Short Deportivo Performance","2025-03","4","5.33","6.17","5.50","39","44.67","9"
"Short Deportivo Performance","2025-04","9","5.67","6.50","5.92","39","41.33","6"
"Short Deportivo Performance","2025-05","6","6.33","6.33","6.00","51","43.00","5"
"Short Deportivo Performance","2025-06","5","6.67","6.00","6.42","60","50.00","6"
"Short Deportivo Performance","2025-07","6","5.67","5.67","6.33","37","49.33","3"
"Short Deportivo Performance","2025-08","3","4.67","5.50","6.25","37","44.67","7"
"Short Deportivo Performance","2025-09","7","5.33","6.00","6.08","48","40.67","8"
"Short Deportivo Performance","2025-10","8","6.00","5.83","6.17","32","39.00","5"
"Short Deportivo Performance","2025-11","5","6.67","5.67","6.00","45","41.67","4"
"Short Deportivo Performance","2025-12","4","5.67","5.50","5.75","30","35.67","6"
"Short Deportivo Performance","2026-01","6","5.00","5.50","5.58","31","35.33","8"
"Short Deportivo Performance","2026-02","8","6.00","6.33","5.92","35","32.00","8"
"Short Deportivo Performance","2026-03","8","7.33","6.50","6.25","43","36.33","9"
"Short Deportivo Performance","2026-04","9","8.33","6.67","6.25","27","35.00","12"
"Short Deportivo Performance","2026-05","12","9.67","7.83","6.75","38","36.00","10"
"YoungLA Block Party Tee Negro","2023-06","9","10.67","9.83","9.25","40","45.00","9"
"YoungLA Block Party Tee Negro","2023-07","9","9.67","10.00","9.33","43","41.00","8"
"YoungLA Block Party Tee Negro","2023-08","8","8.67","9.83","9.33","28","37.00","9"
"YoungLA Block Party Tee Negro","2023-09","9","8.67","9.67","9.50","34","35.00","8"
"YoungLA Block Party Tee Negro","2023-10","8","8.33","9.00","9.33","31","31.00","12"
"YoungLA Block Party Tee Negro","2023-11","12","9.67","9.17","9.58","46","37.00","13"
"YoungLA Block Party Tee Negro","2023-12","13","11.00","9.83","9.83","56","44.33","9"
"YoungLA Block Party Tee Negro","2024-01","9","11.33","9.83","9.92","43","48.33","11"
"YoungLA Block Party Tee Negro","2024-02","11","11.00","10.33","10.08","66","55.00","12"
"YoungLA Block Party Tee Negro","2024-03","12","10.67","10.83","10.25","42","50.33","13"
"YoungLA Block Party Tee Negro","2024-04","13","12.00","11.67","10.33","61","56.33","11"
"YoungLA Block Party Tee Negro","2024-05","11","12.00","11.50","10.33","58","53.67","11"
"YoungLA Block Party Tee Negro","2024-06","11","11.67","11.17","10.50","45","54.67","21"
"YoungLA Block Party Tee Negro","2024-07","21","14.33","13.17","11.50","29","44.00","30"
"YoungLA Block Party Tee Negro","2024-08","30","20.67","16.33","13.33","52","42.00","28"
"YoungLA Block Party Tee Negro","2024-09","28","26.33","19.00","14.92","49","43.33","34"
"YoungLA Block Party Tee Negro","2024-10","34","30.67","22.50","17.08","68","56.33","33"
"YoungLA Block Party Tee Negro","2024-11","33","31.67","26.17","18.83","66","61.00","47"
"YoungLA Block Party Tee Negro","2024-12","47","38.00","32.17","21.67","55","63.00","36"
"YoungLA Block Party Tee Negro","2025-01","36","38.67","34.67","23.92","30","50.33","38"
"YoungLA Block Party Tee Negro","2025-02","38","40.33","36.00","26.17","52","45.67","31"
"YoungLA Block Party Tee Negro","2025-03","31","35.00","36.50","27.75","50","44.00","32"
"YoungLA Block Party Tee Negro","2025-04","32","33.67","36.17","29.33","39","47.00","22"
"YoungLA Block Party Tee Negro","2025-05","22","28.33","34.33","30.25","36","41.67","36"
"YoungLA Block Party Tee Negro","2025-06","36","30.00","32.50","32.33","51","42.00","28"
"YoungLA Block Party Tee Negro","2025-07","28","28.67","31.17","32.92","46","44.33","24"
"YoungLA Block Party Tee Negro","2025-08","24","29.33","28.83","32.42","22","39.67","37"
"YoungLA Block Party Tee Negro","2025-09","37","29.67","29.83","33.17","34","34.00","23"
"YoungLA Block Party Tee Negro","2025-10","23","28.00","28.33","32.25","53","36.33","42"
"YoungLA Block Party Tee Negro","2025-11","42","34.00","31.67","33.00","41","42.67","43"
"YoungLA Block Party Tee Negro","2025-12","43","36.00","32.83","32.67","68","54.00","33"
"YoungLA Block Party Tee Negro","2026-01","33","39.33","33.67","32.42","42","50.33","42"
"YoungLA Block Party Tee Negro","2026-02","42","39.33","36.67","32.75","23","44.33","34"
"YoungLA Block Party Tee Negro","2026-03","34","36.33","36.17","33.00","48","37.67","29"
"YoungLA Block Party Tee Negro","2026-04","29","35.00","37.17","32.75","32","34.33","35"
"YoungLA Block Party Tee Negro","2026-05","35","32.67","36.00","33.83","54","44.67","42"
"YoungLA Classic Cutoff Verde Olivo","2023-06","3","2.33","2.33","2.17","14","13.33","2"
"YoungLA Classic Cutoff Verde Olivo","2023-07","2","2.33","2.33","2.33","11","13.00","0"
"YoungLA Classic Cutoff Verde Olivo","2023-08","0","1.67","2.00","2.17","6","10.33","2"
"YoungLA Classic Cutoff Verde Olivo","2023-09","2","1.33","1.83","2.17","12","9.67","2"
"YoungLA Classic Cutoff Verde Olivo","2023-10","2","1.33","1.83","2.17","10","9.33","4"
"YoungLA Classic Cutoff Verde Olivo","2023-11","4","2.67","2.17","2.25","12","11.33","2"
"YoungLA Classic Cutoff Verde Olivo","2023-12","2","2.67","2.00","2.17","16","12.67","3"
"YoungLA Classic Cutoff Verde Olivo","2024-01","3","3.00","2.17","2.25","17","15.00","2"
"YoungLA Classic Cutoff Verde Olivo","2024-02","2","2.33","2.50","2.25","11","14.67","0"
"YoungLA Classic Cutoff Verde Olivo","2024-03","0","1.67","2.17","2.00","5","11.00","0"
"YoungLA Classic Cutoff Verde Olivo","2024-04","0","0.67","1.83","1.83","9","8.33","3"
"YoungLA Classic Cutoff Verde Olivo","2024-05","3","1.00","1.67","1.92","15","9.67","3"
"YoungLA Classic Cutoff Verde Olivo","2024-06","3","2.00","1.83","1.92","15","13.00","10"
"YoungLA Classic Cutoff Verde Olivo","2024-07","10","5.33","3.00","2.58","10","13.33","9"
"YoungLA Classic Cutoff Verde Olivo","2024-08","9","7.33","4.17","3.33","9","11.33","14"
"YoungLA Classic Cutoff Verde Olivo","2024-09","14","11.00","6.50","4.33","10","9.67","12"
"YoungLA Classic Cutoff Verde Olivo","2024-10","12","11.67","8.50","5.17","14","11.00","5"
"YoungLA Classic Cutoff Verde Olivo","2024-11","5","10.33","8.83","5.25","8","10.67","9"
"YoungLA Classic Cutoff Verde Olivo","2024-12","9","8.67","9.83","5.83","10","10.67","14"
"YoungLA Classic Cutoff Verde Olivo","2025-01","14","9.33","10.50","6.75","17","11.67","2"
"YoungLA Classic Cutoff Verde Olivo","2025-02","2","8.33","9.33","6.75","13","13.33","9"
"YoungLA Classic Cutoff Verde Olivo","2025-03","9","8.33","8.50","7.50","7","12.33","11"
"YoungLA Classic Cutoff Verde Olivo","2025-04","11","7.33","8.33","8.42","12","10.67","10"
"YoungLA Classic Cutoff Verde Olivo","2025-05","10","10.00","9.17","9.00","12","10.33","10"
"YoungLA Classic Cutoff Verde Olivo","2025-06","10","10.33","9.33","9.58","8","10.67","2"
"YoungLA Classic Cutoff Verde Olivo","2025-07","2","7.33","7.33","8.92","11","10.33","2"
"YoungLA Classic Cutoff Verde Olivo","2025-08","2","4.67","7.33","8.33","12","10.33","0"
"YoungLA Classic Cutoff Verde Olivo","2025-09","0","1.33","5.83","7.17","6","9.67","7"
"YoungLA Classic Cutoff Verde Olivo","2025-10","7","3.00","5.17","6.75","5","7.67","3"
"YoungLA Classic Cutoff Verde Olivo","2025-11","3","3.33","4.00","6.58","16","9.00","16"
"YoungLA Classic Cutoff Verde Olivo","2025-12","16","8.67","5.00","7.17","16","12.33","0"
"YoungLA Classic Cutoff Verde Olivo","2026-01","0","6.33","4.67","6.00","7","13.00","9"
"YoungLA Classic Cutoff Verde Olivo","2026-02","9","8.33","5.83","6.58","11","11.33","14"
"YoungLA Classic Cutoff Verde Olivo","2026-03","14","7.67","8.17","7.00","14","10.67","13"
"YoungLA Classic Cutoff Verde Olivo","2026-04","13","12.00","9.17","7.17","13","12.67","12"
"YoungLA Classic Cutoff Verde Olivo","2026-05","12","13.00","10.67","7.33","6","11.00","14"
"YoungLA Compression Tee Rojo","2023-06","8","7.67","8.83","9.50","67","63.00","8"
"YoungLA Compression Tee Rojo","2023-07","8","8.33","8.33","9.42","62","65.33","12"
"YoungLA Compression Tee Rojo","2023-08","12","9.33","8.83","9.50","59","62.67","12"
"YoungLA Compression Tee Rojo","2023-09","12","10.67","9.17","9.83","42","54.33","6"
"YoungLA Compression Tee Rojo","2023-10","6","10.00","9.17","9.33","44","48.33","16"
"YoungLA Compression Tee Rojo","2023-11","16","11.33","10.33","9.58","110","65.33","7"
"YoungLA Compression Tee Rojo","2023-12","7","9.67","10.17","9.50","50","68.00","12"
"YoungLA Compression Tee Rojo","2024-01","12","11.67","10.83","9.58","43","67.67","13"
"YoungLA Compression Tee Rojo","2024-02","13","10.67","11.00","9.92","56","49.67","9"
"YoungLA Compression Tee Rojo","2024-03","9","11.33","10.50","9.83","59","52.67","10"
"YoungLA Compression Tee Rojo","2024-04","10","10.67","11.17","10.17","56","57.00","14"
"YoungLA Compression Tee Rojo","2024-05","14","11.00","10.83","10.58","59","58.00","10"
"YoungLA Compression Tee Rojo","2024-06","10","11.33","11.33","10.75","54","56.33","11"
"YoungLA Compression Tee Rojo","2024-07","11","11.67","11.17","11.00","54","55.67","12"
"YoungLA Compression Tee Rojo","2024-08","12","11.00","11.00","11.00","61","56.33","17"
"YoungLA Compression Tee Rojo","2024-09","17","13.33","12.33","11.42","56","57.00","17"
"YoungLA Compression Tee Rojo","2024-10","17","15.33","13.50","12.33","57","58.00","21"
"YoungLA Compression Tee Rojo","2024-11","21","18.33","14.67","12.75","68","60.33","22"
"YoungLA Compression Tee Rojo","2024-12","22","20.00","16.67","14.00","56","60.33","13"
"YoungLA Compression Tee Rojo","2025-01","13","18.67","17.00","14.08","47","57.00","21"
"YoungLA Compression Tee Rojo","2025-02","21","18.67","18.50","14.75","62","55.00","14"
"YoungLA Compression Tee Rojo","2025-03","14","16.00","18.00","15.17","49","52.67","17"
"YoungLA Compression Tee Rojo","2025-04","17","17.33","18.00","15.75","57","56.00","19"
"YoungLA Compression Tee Rojo","2025-05","19","16.67","17.67","16.17","65","57.00","20"
"YoungLA Compression Tee Rojo","2025-06","20","18.67","17.33","17.00","92","71.33","8"
"YoungLA Compression Tee Rojo","2025-07","8","15.67","16.50","16.75","41","66.00","20"
"YoungLA Compression Tee Rojo","2025-08","20","16.00","16.33","17.42","64","65.67","14"
"YoungLA Compression Tee Rojo","2025-09","14","14.00","16.33","17.17","56","53.67","9"
"YoungLA Compression Tee Rojo","2025-10","9","14.33","15.00","16.50","54","58.00","22"
"YoungLA Compression Tee Rojo","2025-11","22","15.00","15.50","16.58","79","63.00","14"
"YoungLA Compression Tee Rojo","2025-12","14","15.00","14.50","15.92","63","65.33","15"
"YoungLA Compression Tee Rojo","2026-01","15","17.00","15.67","16.08","48","63.33","16"
"YoungLA Compression Tee Rojo","2026-02","16","15.00","15.00","15.67","55","55.33","16"
"YoungLA Compression Tee Rojo","2026-03","16","15.67","15.33","15.83","67","56.67","21"
"YoungLA Compression Tee Rojo","2026-04","21","17.67","17.33","16.17","65","62.33","27"
"YoungLA Compression Tee Rojo","2026-05","27","21.33","18.17","16.83","51","61.00","21"
"YoungLA Core Tank Blanco","2023-06","6","3.33","3.83","4.17","81","77.33","4"
"YoungLA Core Tank Blanco","2023-07","4","3.33","3.83","4.33","69","77.00","4"
"YoungLA Core Tank Blanco","2023-08","4","4.67","3.83","4.42","79","76.33","4"
"YoungLA Core Tank Blanco","2023-09","4","4.00","3.67","4.33","78","75.33","4"
"YoungLA Core Tank Blanco","2023-10","4","4.00","3.67","4.25","67","74.67","4"
"YoungLA Core Tank Blanco","2023-11","4","4.00","4.33","4.08","79","74.67","6"
"YoungLA Core Tank Blanco","2023-12","6","4.67","4.33","4.08","72","72.67","5"
"YoungLA Core Tank Blanco","2024-01","5","5.00","4.50","4.17","76","75.67","3"
"YoungLA Core Tank Blanco","2024-02","3","4.67","4.33","4.08","103","83.67","5"
"YoungLA Core Tank Blanco","2024-03","5","4.33","4.50","4.08","87","88.67","4"
"YoungLA Core Tank Blanco","2024-04","4","4.00","4.50","4.08","85","91.67","4"
"YoungLA Core Tank Blanco","2024-05","4","4.33","4.50","4.42","98","90.00","4"
"YoungLA Core Tank Blanco","2024-06","4","4.00","4.17","4.25","69","84.00","12"
"YoungLA Core Tank Blanco","2024-07","12","6.67","5.33","4.92","77","81.33","9"
"YoungLA Core Tank Blanco","2024-08","9","8.33","6.33","5.33","71","72.33","7"
"YoungLA Core Tank Blanco","2024-09","7","9.33","6.67","5.58","92","80.00","10"
"YoungLA Core Tank Blanco","2024-10","10","8.67","7.67","6.08","86","83.00","17"
"YoungLA Core Tank Blanco","2024-11","17","11.33","9.83","7.17","82","86.67","12"
"YoungLA Core Tank Blanco","2024-12","12","13.00","11.17","7.67","104","90.67","6"
"YoungLA Core Tank Blanco","2025-01","6","11.67","10.17","7.75","84","90.00","16"
"YoungLA Core Tank Blanco","2025-02","16","11.33","11.33","8.83","83","90.33","14"
"YoungLA Core Tank Blanco","2025-03","14","12.00","12.50","9.58","111","92.67","11"
"YoungLA Core Tank Blanco","2025-04","11","13.67","12.67","10.17","107","100.33","15"
"YoungLA Core Tank Blanco","2025-05","15","13.33","12.33","11.08","102","106.67","14"
"YoungLA Core Tank Blanco","2025-06","14","13.33","12.67","11.92","76","95.00","12"
"YoungLA Core Tank Blanco","2025-07","12","13.67","13.67","11.92","91","89.67","13"
"YoungLA Core Tank Blanco","2025-08","13","13.00","13.17","12.25","68","78.33","11"
"YoungLA Core Tank Blanco","2025-09","11","12.00","12.67","12.58","108","89.00","4"
"YoungLA Core Tank Blanco","2025-10","4","9.33","11.50","12.08","72","82.67","15"
"YoungLA Core Tank Blanco","2025-11","15","10.00","11.50","11.92","105","95.00","6"
"YoungLA Core Tank Blanco","2025-12","6","8.33","10.17","11.42","117","98.00","3"
"YoungLA Core Tank Blanco","2026-01","3","8.00","8.67","11.17","103","108.33","15"
"YoungLA Core Tank Blanco","2026-02","15","8.00","9.00","11.08","78","99.33","9"
"YoungLA Core Tank Blanco","2026-03","9","9.00","8.67","10.67","118","99.67","11"
"YoungLA Core Tank Blanco","2026-04","11","11.67","9.83","10.67","94","96.67","19"
"YoungLA Core Tank Blanco","2026-05","19","13.00","10.50","11.00","106","106.00","13"
"YoungLA Essential Sweatpants Gris","2023-06","4","4.67","4.67","4.50","34","33.00","1"
"YoungLA Essential Sweatpants Gris","2023-07","1","3.67","4.00","4.33","12","28.00","5"
"YoungLA Essential Sweatpants Gris","2023-08","5","3.33","4.17","4.50","41","29.00","5"
"YoungLA Essential Sweatpants Gris","2023-09","5","3.67","4.17","4.58","31","28.00","3"
"YoungLA Essential Sweatpants Gris","2023-10","3","4.33","4.00","4.42","28","33.33","4"
"YoungLA Essential Sweatpants Gris","2023-11","4","4.00","3.67","4.33","29","29.33","2"
"YoungLA Essential Sweatpants Gris","2023-12","2","3.00","3.33","4.00","21","26.00","0"
"YoungLA Essential Sweatpants Gris","2024-01","0","2.00","3.17","3.58","18","22.67","5"
"YoungLA Essential Sweatpants Gris","2024-02","5","2.33","3.17","3.67","29","22.67","3"
"YoungLA Essential Sweatpants Gris","2024-03","3","2.67","2.83","3.50","32","26.33","3"
"YoungLA Essential Sweatpants Gris","2024-04","3","3.67","2.83","3.42","30","30.33","5"
"YoungLA Essential Sweatpants Gris","2024-05","5","3.67","3.00","3.33","30","30.67","5"
"YoungLA Essential Sweatpants Gris","2024-06","5","4.33","3.50","3.42","30","30.00","16"
"YoungLA Essential Sweatpants Gris","2024-07","16","8.67","6.17","4.67","27","29.00","12"
"YoungLA Essential Sweatpants Gris","2024-08","12","11.00","7.33","5.25","29","28.67","9"
"YoungLA Essential Sweatpants Gris","2024-09","9","12.33","8.33","5.58","26","27.33","10"
"YoungLA Essential Sweatpants Gris","2024-10","10","10.33","9.50","6.17","28","27.67","8"
"YoungLA Essential Sweatpants Gris","2024-11","8","9.00","10.00","6.50","25","26.33","14"
"YoungLA Essential Sweatpants Gris","2024-12","14","10.67","11.50","7.50","36","29.67","11"
"YoungLA Essential Sweatpants Gris","2025-01","11","11.00","10.67","8.42","35","32.00","13"
"YoungLA Essential Sweatpants Gris","2025-02","13","12.67","10.83","9.08","24","31.67","11"
"YoungLA Essential Sweatpants Gris","2025-03","11","11.67","11.17","9.75","30","29.67","11"
"YoungLA Essential Sweatpants Gris","2025-04","11","11.67","11.33","10.42","42","32.00","12"
"YoungLA Essential Sweatpants Gris","2025-05","12","11.33","12.00","11.00","42","38.00","17"
"YoungLA Essential Sweatpants Gris","2025-06","17","13.33","12.50","12.00","38","40.67","0"
"YoungLA Essential Sweatpants Gris","2025-07","0","9.67","10.67","10.67","11","30.33","12"
"YoungLA Essential Sweatpants Gris","2025-08","12","9.67","10.50","10.67","28","25.67","14"
"YoungLA Essential Sweatpants Gris","2025-09","14","8.67","11.00","11.08","35","24.67","5"
"YoungLA Essential Sweatpants Gris","2025-10","5","10.33","10.00","10.67","34","32.33","6"
"YoungLA Essential Sweatpants Gris","2025-11","6","8.33","9.00","10.50","35","34.67","14"
"YoungLA Essential Sweatpants Gris","2025-12","14","8.33","8.50","10.50","32","33.67","13"
"YoungLA Essential Sweatpants Gris","2026-01","13","11.00","10.67","10.67","28","31.67","13"
"YoungLA Essential Sweatpants Gris","2026-02","13","13.33","10.83","10.67","17","25.67","17"
"YoungLA Essential Sweatpants Gris","2026-03","17","14.33","11.33","11.17","34","26.33","8"
"YoungLA Essential Sweatpants Gris","2026-04","8","12.67","11.83","10.92","22","24.33","18"
"YoungLA Essential Sweatpants Gris","2026-05","18","14.33","13.83","11.42","37","31.00","19"
"YoungLA Immortal Joggers Gris","2023-06","3","3.00","2.33","2.25","52","47.67","3"
"YoungLA Immortal Joggers Gris","2023-07","3","3.00","2.83","2.50","27","40.00","0"
"YoungLA Immortal Joggers Gris","2023-08","0","2.00","2.50","2.33","26","35.00","0"
"YoungLA Immortal Joggers Gris","2023-09","0","1.00","2.00","2.08","40","31.00","3"
"YoungLA Immortal Joggers Gris","2023-10","3","1.00","2.00","2.17","38","34.67","3"
"YoungLA Immortal Joggers Gris","2023-11","3","2.00","2.00","2.17","39","39.00","3"
"YoungLA Immortal Joggers Gris","2023-12","3","3.00","2.00","2.17","39","38.67","2"
"YoungLA Immortal Joggers Gris","2024-01","2","2.67","1.83","2.33","39","39.00","2"
"YoungLA Immortal Joggers Gris","2024-02","2","2.33","2.17","2.33","25","34.33","3"
"YoungLA Immortal Joggers Gris","2024-03","3","2.33","2.67","2.33","48","37.33","3"
"YoungLA Immortal Joggers Gris","2024-04","3","2.67","2.67","2.33","56","43.00","4"
"YoungLA Immortal Joggers Gris","2024-05","4","3.33","2.83","2.42","55","53.00","3"
"YoungLA Immortal Joggers Gris","2024-06","3","3.33","2.83","2.42","38","49.67","15"
"YoungLA Immortal Joggers Gris","2024-07","15","7.33","5.00","3.42","53","48.67","13"
"YoungLA Immortal Joggers Gris","2024-08","13","10.33","6.83","4.50","52","47.67","11"
"YoungLA Immortal Joggers Gris","2024-09","11","13.00","8.17","5.42","38","47.67","14"
"YoungLA Immortal Joggers Gris","2024-10","14","12.67","10.00","6.33","48","46.00","15"
"YoungLA Immortal Joggers Gris","2024-11","15","13.33","11.83","7.33","53","46.33","21"
"YoungLA Immortal Joggers Gris","2024-12","21","16.67","14.83","8.83","66","55.67","17"
"YoungLA Immortal Joggers Gris","2025-01","17","17.67","15.17","10.08","52","57.00","13"
"YoungLA Immortal Joggers Gris","2025-02","13","17.00","15.17","11.00","29","49.00","19"
"YoungLA Immortal Joggers Gris","2025-03","19","16.33","16.50","12.33","57","46.00","18"
"YoungLA Immortal Joggers Gris","2025-04","18","16.67","17.17","13.58","40","42.00","25"
"YoungLA Immortal Joggers Gris","2025-05","25","20.67","18.83","15.33","66","54.33","12"
"YoungLA Immortal Joggers Gris","2025-06","12","18.33","17.33","16.08","52","52.67","17"
"YoungLA Immortal Joggers Gris","2025-07","17","18.00","17.33","16.25","31","49.67","25"
"YoungLA Immortal Joggers Gris","2025-08","25","18.00","19.33","17.25","45","42.67","18"
"YoungLA Immortal Joggers Gris","2025-09","18","20.00","19.17","17.83","53","43.00","16"
"YoungLA Immortal Joggers Gris","2025-10","16","19.67","18.83","18.00","52","50.00","23"
"YoungLA Immortal Joggers Gris","2025-11","23","19.00","18.50","18.67","70","58.33","19"
"YoungLA Immortal Joggers Gris","2025-12","19","19.33","19.67","18.50","48","56.67","18"
"YoungLA Immortal Joggers Gris","2026-01","18","20.00","19.83","18.58","47","55.00","21"
"YoungLA Immortal Joggers Gris","2026-02","21","19.33","19.17","19.25","60","51.67","27"
"YoungLA Immortal Joggers Gris","2026-03","27","22.00","20.67","19.92","58","55.00","32"
"YoungLA Immortal Joggers Gris","2026-04","32","26.67","23.33","21.08","65","61.00","21"
"YoungLA Immortal Joggers Gris","2026-05","21","26.67","23.00","20.75","46","56.33","28"
"YoungLA Lift Shorts Gris","2023-06","11","10.33","9.50","9.25","46","51.33","8"
"YoungLA Lift Shorts Gris","2023-07","8","9.33","9.00","9.33","33","41.00","0"
"YoungLA Lift Shorts Gris","2023-08","0","6.33","7.67","8.75","12","30.33","10"
"YoungLA Lift Shorts Gris","2023-09","10","6.00","8.17","8.75","42","29.00","7"
"YoungLA Lift Shorts Gris","2023-10","7","5.67","7.50","8.50","32","28.67","8"
"YoungLA Lift Shorts Gris","2023-11","8","8.33","7.33","8.25","47","40.33","10"
"YoungLA Lift Shorts Gris","2023-12","10","8.33","7.17","8.33","32","37.00","7"
"YoungLA Lift Shorts Gris","2024-01","7","8.33","7.00","8.00","36","38.33","8"
"YoungLA Lift Shorts Gris","2024-02","8","8.33","8.33","8.00","23","30.33","10"
"YoungLA Lift Shorts Gris","2024-03","10","8.33","8.33","8.25","54","37.67","12"
"YoungLA Lift Shorts Gris","2024-04","12","10.00","9.17","8.33","66","47.67","9"
"YoungLA Lift Shorts Gris","2024-05","9","10.33","9.33","8.33","58","59.33","6"
"YoungLA Lift Shorts Gris","2024-06","6","9.00","8.67","7.92","32","52.00","13"
"YoungLA Lift Shorts Gris","2024-07","13","9.33","9.67","8.33","46","45.33","7"
"YoungLA Lift Shorts Gris","2024-08","7","8.67","9.50","8.92","48","42.00","13"
"YoungLA Lift Shorts Gris","2024-09","13","11.00","10.00","9.17","25","39.67","15"
"YoungLA Lift Shorts Gris","2024-10","15","11.67","10.50","9.83","45","39.33","10"
"YoungLA Lift Shorts Gris","2024-11","10","12.67","10.67","10.00","22","30.67","17"
"YoungLA Lift Shorts Gris","2024-12","17","14.00","12.50","10.58","37","34.67","15"
"YoungLA Lift Shorts Gris","2025-01","15","14.00","12.83","11.25","24","27.67","14"
"YoungLA Lift Shorts Gris","2025-02","14","15.33","14.00","11.75","29","30.00","9"
"YoungLA Lift Shorts Gris","2025-03","9","12.67","13.33","11.67","33","28.67","22"
"YoungLA Lift Shorts Gris","2025-04","22","15.00","14.50","12.50","59","40.33","15"
"YoungLA Lift Shorts Gris","2025-05","15","15.33","15.33","13.00","47","46.33","20"
"YoungLA Lift Shorts Gris","2025-06","20","19.00","15.83","14.17","40","48.67","14"
"YoungLA Lift Shorts Gris","2025-07","14","16.33","15.67","14.25","32","39.67","15"
"YoungLA Lift Shorts Gris","2025-08","15","16.33","15.83","14.92","29","33.67","10"
"YoungLA Lift Shorts Gris","2025-09","10","13.00","16.00","14.67","33","31.33","15"
"YoungLA Lift Shorts Gris","2025-10","15","13.33","14.83","14.67","42","34.67","19"
"YoungLA Lift Shorts Gris","2025-11","19","14.67","15.50","15.42","46","40.33","21"
"YoungLA Lift Shorts Gris","2025-12","21","18.33","15.67","15.75","38","42.00","15"
"YoungLA Lift Shorts Gris","2026-01","15","18.33","15.83","15.75","47","43.67","15"
"YoungLA Lift Shorts Gris","2026-02","15","17.00","15.83","15.83","25","36.67","16"
"YoungLA Lift Shorts Gris","2026-03","16","15.33","16.83","16.42","42","38.00","18"
"YoungLA Lift Shorts Gris","2026-04","18","16.33","17.33","16.08","49","38.67","26"
"YoungLA Lift Shorts Gris","2026-05","26","20.00","18.50","17.00","22","37.67","29"
"YoungLA Minimal Sports Bra Lila","2023-06","9","5.00","4.67","5.00","30","34.33","5"
"YoungLA Minimal Sports Bra Lila","2023-07","5","6.67","5.00","5.00","34","38.33","5"
"YoungLA Minimal Sports Bra Lila","2023-08","5","6.33","5.00","5.00","38","34.00","5"
"YoungLA Minimal Sports Bra Lila","2023-09","5","5.00","5.00","5.00","39","37.00","5"
"YoungLA Minimal Sports Bra Lila","2023-10","5","5.00","5.83","5.08","39","38.67","7"
"YoungLA Minimal Sports Bra Lila","2023-11","7","5.67","6.00","5.08","35","37.67","7"
"YoungLA Minimal Sports Bra Lila","2023-12","7","6.33","5.67","5.17","43","39.00","5"
"YoungLA Minimal Sports Bra Lila","2024-01","5","6.33","5.67","5.33","27","35.00","6"
"YoungLA Minimal Sports Bra Lila","2024-02","6","6.00","5.83","5.42","43","37.67","6"
"YoungLA Minimal Sports Bra Lila","2024-03","6","5.67","6.00","5.50","52","40.67","7"
"YoungLA Minimal Sports Bra Lila","2024-04","7","6.33","6.33","6.08","39","44.67","6"
"YoungLA Minimal Sports Bra Lila","2024-05","6","6.33","6.17","6.08","33","41.33","6"
"YoungLA Minimal Sports Bra Lila","2024-06","6","6.33","6.00","5.83","48","40.00","6"
"YoungLA Minimal Sports Bra Lila","2024-07","6","6.00","6.17","5.92","42","41.00","5"
"YoungLA Minimal Sports Bra Lila","2024-08","5","5.67","6.00","5.92","30","40.00","16"
"YoungLA Minimal Sports Bra Lila","2024-09","16","9.00","7.67","6.83","37","36.33","10"
"YoungLA Minimal Sports Bra Lila","2024-10","10","10.33","8.17","7.25","29","32.00","15"
"YoungLA Minimal Sports Bra Lila","2024-11","15","13.67","9.67","7.92","48","38.00","7"
"YoungLA Minimal Sports Bra Lila","2024-12","7","10.67","9.83","7.92","29","35.33","15"
"YoungLA Minimal Sports Bra Lila","2025-01","15","12.33","11.33","8.75","34","37.00","12"
"YoungLA Minimal Sports Bra Lila","2025-02","12","11.33","12.50","9.25","42","35.00","17"
"YoungLA Minimal Sports Bra Lila","2025-03","17","14.67","12.67","10.17","38","38.00","12"
"YoungLA Minimal Sports Bra Lila","2025-04","12","13.67","13.00","10.58","27","35.67","14"
"YoungLA Minimal Sports Bra Lila","2025-05","14","14.33","12.83","11.25","57","40.67","7"
"YoungLA Minimal Sports Bra Lila","2025-06","7","11.00","12.83","11.33","39","41.00","17"
"YoungLA Minimal Sports Bra Lila","2025-07","17","12.67","13.17","12.25","45","47.00","12"
"YoungLA Minimal Sports Bra Lila","2025-08","12","12.00","13.17","12.83","41","41.67","14"
"YoungLA Minimal Sports Bra Lila","2025-09","14","14.33","12.67","12.67","34","40.00","7"
"YoungLA Minimal Sports Bra Lila","2025-10","7","11.00","11.83","12.42","48","41.00","13"
"YoungLA Minimal Sports Bra Lila","2025-11","13","11.33","11.67","12.25","37","39.67","17"
"YoungLA Minimal Sports Bra Lila","2025-12","17","12.33","13.33","13.08","48","44.33","12"
"YoungLA Minimal Sports Bra Lila","2026-01","12","14.00","12.50","12.83","39","41.33","14"
"YoungLA Minimal Sports Bra Lila","2026-02","14","14.33","12.83","13.00","37","41.33","17"
"YoungLA Minimal Sports Bra Lila","2026-03","17","14.33","13.33","13.00","46","40.67","21"
"YoungLA Minimal Sports Bra Lila","2026-04","21","17.33","15.67","13.75","49","44.00","14"
"YoungLA Minimal Sports Bra Lila","2026-05","14","17.33","15.83","13.75","59","51.33","26"
"YoungLA Motion Jacket Negro","2023-06","2","1.67","0.83","1.17","24","40.00","2"
"YoungLA Motion Jacket Negro","2023-07","2","2.00","1.17","1.17","25","33.33","2"
"YoungLA Motion Jacket Negro","2023-08","2","2.00","1.50","1.25","43","30.67","1"
"YoungLA Motion Jacket Negro","2023-09","1","1.67","1.67","1.25","37","35.00","0"
"YoungLA Motion Jacket Negro","2023-10","0","1.00","1.50","1.17","36","38.67","2"
"YoungLA Motion Jacket Negro","2023-11","2","1.00","1.50","1.17","55","42.67","0"
"YoungLA Motion Jacket Negro","2023-12","0","0.67","1.17","1.00","44","45.00","1"
"YoungLA Motion Jacket Negro","2024-01","1","1.00","1.00","1.08","45","48.00","2"
"YoungLA Motion Jacket Negro","2024-02","2","1.00","1.00","1.25","46","45.00","2"
"YoungLA Motion Jacket Negro","2024-03","2","1.67","1.17","1.42","33","41.33","2"
"YoungLA Motion Jacket Negro","2024-04","2","2.00","1.50","1.50","50","43.00","2"
"YoungLA Motion Jacket Negro","2024-05","2","2.00","1.50","1.50","53","45.33","3"
"YoungLA Motion Jacket Negro","2024-06","3","2.33","2.00","1.58","39","47.33","8"
"YoungLA Motion Jacket Negro","2024-07","8","4.33","3.17","2.08","44","45.33","9"
"YoungLA Motion Jacket Negro","2024-08","9","6.67","4.33","2.67","46","43.00","8"
"YoungLA Motion Jacket Negro","2024-09","8","8.33","5.33","3.25","29","39.67","7"
"YoungLA Motion Jacket Negro","2024-10","7","8.00","6.17","3.83","47","40.67","2"
"YoungLA Motion Jacket Negro","2024-11","2","5.67","6.17","3.83","34","36.67","5"
"YoungLA Motion Jacket Negro","2024-12","5","4.67","6.50","4.25","50","43.67","10"
"YoungLA Motion Jacket Negro","2025-01","10","5.67","6.83","5.00","49","44.33","9"
"YoungLA Motion Jacket Negro","2025-02","9","8.00","6.83","5.58","29","42.67","9"
"YoungLA Motion Jacket Negro","2025-03","9","9.33","7.00","6.17","32","36.67","11"
"YoungLA Motion Jacket Negro","2025-04","11","9.67","7.67","6.92","33","31.33","8"
"YoungLA Motion Jacket Negro","2025-05","8","9.33","8.67","7.42","47","37.33","4"
"YoungLA Motion Jacket Negro","2025-06","4","7.67","8.50","7.50","27","35.67","12"
"YoungLA Motion Jacket Negro","2025-07","12","8.00","8.83","7.83","55","43.00","11"
"YoungLA Motion Jacket Negro","2025-08","11","9.00","9.17","8.00","37","39.67","7"
"YoungLA Motion Jacket Negro","2025-09","7","10.00","8.83","7.92","27","39.67","8"
"YoungLA Motion Jacket Negro","2025-10","8","8.67","8.33","8.00","41","35.00","6"
"YoungLA Motion Jacket Negro","2025-11","6","7.00","8.00","8.33","34","34.00","7"
"YoungLA Motion Jacket Negro","2025-12","7","7.00","8.50","8.50","48","41.00","7"
"YoungLA Motion Jacket Negro","2026-01","7","6.67","7.67","8.25","29","37.00","11"
"YoungLA Motion Jacket Negro","2026-02","11","8.33","7.67","8.42","61","46.00","13"
"YoungLA Motion Jacket Negro","2026-03","13","10.33","8.67","8.75","55","48.33","16"
"YoungLA Motion Jacket Negro","2026-04","16","13.33","10.00","9.17","39","51.67","7"
"YoungLA Motion Jacket Negro","2026-05","7","12.00","10.17","9.08","46","46.67","12"
"YoungLA Perfect Shorts Azul","2023-06","5","4.00","4.00","3.83","39","34.67","4"
"YoungLA Perfect Shorts Azul","2023-07","4","4.33","4.00","3.83","38","37.67","4"
"YoungLA Perfect Shorts Azul","2023-08","4","4.33","4.00","3.83","29","35.33","4"
"YoungLA Perfect Shorts Azul","2023-09","4","4.00","4.00","3.92","44","37.00","0"
"YoungLA Perfect Shorts Azul","2023-10","0","2.67","3.50","3.67","22","31.67","3"
"YoungLA Perfect Shorts Azul","2023-11","3","2.33","3.33","3.58","33","33.00","3"
"YoungLA Perfect Shorts Azul","2023-12","3","2.00","3.00","3.50","37","30.67","4"
"YoungLA Perfect Shorts Azul","2024-01","4","3.33","3.00","3.50","36","35.33","3"
"YoungLA Perfect Shorts Azul","2024-02","3","3.33","2.83","3.42","26","33.00","5"
"YoungLA Perfect Shorts Azul","2024-03","5","4.00","3.00","3.50","33","31.67","3"
"YoungLA Perfect Shorts Azul","2024-04","3","3.67","3.50","3.50","40","33.00","5"
"YoungLA Perfect Shorts Azul","2024-05","5","4.33","3.83","3.58","46","39.67","5"
"YoungLA Perfect Shorts Azul","2024-06","5","4.33","4.17","3.58","43","43.00","13"
"YoungLA Perfect Shorts Azul","2024-07","13","7.67","5.67","4.33","33","40.67","15"
"YoungLA Perfect Shorts Azul","2024-08","15","11.00","7.67","5.25","25","33.67","9"
"YoungLA Perfect Shorts Azul","2024-09","9","12.33","8.33","5.67","27","28.33","15"
"YoungLA Perfect Shorts Azul","2024-10","15","13.00","10.33","6.92","39","30.33","16"
"YoungLA Perfect Shorts Azul","2024-11","16","13.33","12.17","8.00","46","37.33","14"
"YoungLA Perfect Shorts Azul","2024-12","14","15.00","13.67","8.92","33","39.33","12"
"YoungLA Perfect Shorts Azul","2025-01","12","14.00","13.50","9.58","43","40.67","13"
"YoungLA Perfect Shorts Azul","2025-02","13","13.00","13.17","10.42","45","40.33","14"
"YoungLA Perfect Shorts Azul","2025-03","14","13.00","14.00","11.17","43","43.67","12"
"YoungLA Perfect Shorts Azul","2025-04","12","13.00","13.50","11.92","32","40.00","11"
"YoungLA Perfect Shorts Azul","2025-05","11","12.33","12.67","12.42","31","35.33","13"
"YoungLA Perfect Shorts Azul","2025-06","13","12.00","12.50","13.08","34","32.33","10"
"YoungLA Perfect Shorts Azul","2025-07","10","11.33","12.17","12.83","33","32.67","3"
"YoungLA Perfect Shorts Azul","2025-08","3","8.67","10.50","11.83","39","35.33","4"
"YoungLA Perfect Shorts Azul","2025-09","4","5.67","8.83","11.42","37","36.33","7"
"YoungLA Perfect Shorts Azul","2025-10","7","4.67","8.00","10.75","34","36.67","3"
"YoungLA Perfect Shorts Azul","2025-11","3","4.67","6.67","9.67","27","32.67","8"
"YoungLA Perfect Shorts Azul","2025-12","8","6.00","5.83","9.17","40","33.67","9"
"YoungLA Perfect Shorts Azul","2026-01","9","6.67","5.67","8.92","39","35.33","12"
"YoungLA Perfect Shorts Azul","2026-02","12","9.67","7.17","8.83","44","41.00","11"
"YoungLA Perfect Shorts Azul","2026-03","11","10.67","8.33","8.58","40","41.00","15"
"YoungLA Perfect Shorts Azul","2026-04","15","12.67","9.67","8.83","27","37.00","15"
"YoungLA Perfect Shorts Azul","2026-05","15","13.67","11.67","9.17","33","33.33","20"
"YoungLA Performance Polo Negro","2023-06","2","1.00","1.33","1.25","17","26.00","1"
"YoungLA Performance Polo Negro","2023-07","1","1.00","1.17","1.25","28","25.00","1"
"YoungLA Performance Polo Negro","2023-08","1","1.33","1.17","1.33","20","21.67","2"
"YoungLA Performance Polo Negro","2023-09","2","1.33","1.17","1.33","31","26.33","0"
"YoungLA Performance Polo Negro","2023-10","0","1.00","1.00","1.17","0","17.00","2"
"YoungLA Performance Polo Negro","2023-11","2","1.33","1.33","1.33","19","16.67","2"
"YoungLA Performance Polo Negro","2023-12","2","1.33","1.33","1.33","21","13.33","2"
"YoungLA Performance Polo Negro","2024-01","2","2.00","1.50","1.33","19","19.67","1"
"YoungLA Performance Polo Negro","2024-02","1","1.67","1.50","1.33","20","20.00","2"
"YoungLA Performance Polo Negro","2024-03","2","1.67","1.50","1.33","26","21.67","2"
"YoungLA Performance Polo Negro","2024-04","2","1.67","1.83","1.42","32","26.00","2"
"YoungLA Performance Polo Negro","2024-05","2","2.00","1.83","1.58","17","25.00","1"
"YoungLA Performance Polo Negro","2024-06","1","1.67","1.67","1.50","14","21.00","7"
"YoungLA Performance Polo Negro","2024-07","7","3.33","2.50","2.00","19","16.67","6"
"YoungLA Performance Polo Negro","2024-08","6","4.67","3.33","2.42","17","16.67","7"
"YoungLA Performance Polo Negro","2024-09","7","6.67","4.17","2.83","12","16.00","11"
"YoungLA Performance Polo Negro","2024-10","11","8.00","5.67","3.75","33","20.67","2"
"YoungLA Performance Polo Negro","2024-11","2","6.67","5.67","3.75","20","21.67","2"
"YoungLA Performance Polo Negro","2024-12","2","5.00","5.83","3.75","24","25.67","9"
"YoungLA Performance Polo Negro","2025-01","9","4.33","6.17","4.33","30","24.67","13"
"YoungLA Performance Polo Negro","2025-02","13","8.00","7.33","5.33","16","23.33","10"
"YoungLA Performance Polo Negro","2025-03","10","10.67","7.83","6.00","31","25.67","12"
"YoungLA Performance Polo Negro","2025-04","12","11.67","8.00","6.83","32","26.33","15"
"YoungLA Performance Polo Negro","2025-05","15","12.33","10.17","7.92","26","29.67","12"
"YoungLA Performance Polo Negro","2025-06","12","13.00","11.83","8.83","17","25.00","1"
"YoungLA Performance Polo Negro","2025-07","1","9.33","10.50","8.33","24","22.33","2"
"YoungLA Performance Polo Negro","2025-08","2","5.00","8.67","8.00","21","20.67","14"
"YoungLA Performance Polo Negro","2025-09","14","5.67","9.33","8.58","20","21.67","12"
"YoungLA Performance Polo Negro","2025-10","12","9.33","9.33","8.67","23","21.33","1"
"YoungLA Performance Polo Negro","2025-11","1","9.00","7.00","8.58","23","22.00","12"
"YoungLA Performance Polo Negro","2025-12","12","8.33","7.00","9.42","20","22.00","13"
"YoungLA Performance Polo Negro","2026-01","13","8.67","9.00","9.75","30","24.33","10"
"YoungLA Performance Polo Negro","2026-02","10","11.67","10.33","9.50","24","24.67","11"
"YoungLA Performance Polo Negro","2026-03","11","11.33","9.83","9.58","21","25.00","21"
"YoungLA Performance Polo Negro","2026-04","21","14.00","11.33","10.33","20","21.67","16"
"YoungLA Performance Polo Negro","2026-05","16","16.00","13.83","10.42","24","21.67","12"
"YoungLA Pump Cover Tee Blanco","2023-06","6","6.33","6.33","5.50","45","45.00","3"
"YoungLA Pump Cover Tee Blanco","2023-07","3","4.67","5.67","5.50","28","40.00","4"
"YoungLA Pump Cover Tee Blanco","2023-08","4","4.33","5.67","5.42","36","36.33","5"
"YoungLA Pump Cover Tee Blanco","2023-09","5","4.00","5.17","5.33","46","36.67","4"
"YoungLA Pump Cover Tee Blanco","2023-10","4","4.33","4.50","5.25","40","40.67","9"
"YoungLA Pump Cover Tee Blanco","2023-11","9","6.00","5.17","5.67","60","48.67","7"
"YoungLA Pump Cover Tee Blanco","2023-12","7","6.67","5.33","5.83","53","51.00","0"
"YoungLA Pump Cover Tee Blanco","2024-01","0","5.33","4.83","5.25","17","43.33","8"
"YoungLA Pump Cover Tee Blanco","2024-02","8","5.00","5.50","5.58","53","41.00","8"
"YoungLA Pump Cover Tee Blanco","2024-03","8","5.33","6.00","5.58","48","39.33","8"
"YoungLA Pump Cover Tee Blanco","2024-04","8","8.00","6.67","5.58","58","53.00","5"
"YoungLA Pump Cover Tee Blanco","2024-05","5","7.00","6.00","5.58","46","50.67","5"
"YoungLA Pump Cover Tee Blanco","2024-06","5","6.00","5.67","5.50","37","47.00","12"
"YoungLA Pump Cover Tee Blanco","2024-07","12","7.33","7.67","6.25","34","39.00","18"
"YoungLA Pump Cover Tee Blanco","2024-08","18","11.67","9.33","7.42","38","36.33","11"
"YoungLA Pump Cover Tee Blanco","2024-09","11","13.67","9.83","7.92","52","41.33","11"
"YoungLA Pump Cover Tee Blanco","2024-10","11","13.33","10.33","8.50","52","47.33","11"
"YoungLA Pump Cover Tee Blanco","2024-11","11","11.00","11.33","8.67","58","54.00","13"
"YoungLA Pump Cover Tee Blanco","2024-12","13","11.67","12.67","9.17","52","54.00","16"
"YoungLA Pump Cover Tee Blanco","2025-01","16","13.33","13.33","10.50","72","60.67","14"
"YoungLA Pump Cover Tee Blanco","2025-02","14","14.33","12.67","11.00","65","63.00","10"
"YoungLA Pump Cover Tee Blanco","2025-03","10","13.33","12.50","11.17","54","63.67","15"
"YoungLA Pump Cover Tee Blanco","2025-04","15","13.00","13.17","11.75","64","61.00","16"
"YoungLA Pump Cover Tee Blanco","2025-05","16","13.67","14.00","12.67","47","55.00","18"
"YoungLA Pump Cover Tee Blanco","2025-06","18","16.33","14.83","13.75","38","49.67","12"
"YoungLA Pump Cover Tee Blanco","2025-07","12","15.33","14.17","13.75","46","43.67","13"
"YoungLA Pump Cover Tee Blanco","2025-08","13","14.33","14.00","13.33","39","41.00","9"
"YoungLA Pump Cover Tee Blanco","2025-09","9","11.33","13.83","13.17","41","42.00","10"
"YoungLA Pump Cover Tee Blanco","2025-10","10","10.67","13.00","13.08","47","42.33","18"
"YoungLA Pump Cover Tee Blanco","2025-11","18","12.33","13.33","13.67","66","51.33","21"
"YoungLA Pump Cover Tee Blanco","2025-12","21","16.33","13.83","14.33","57","56.67","16"
"YoungLA Pump Cover Tee Blanco","2026-01","16","18.33","14.50","14.33","48","57.00","7"
"YoungLA Pump Cover Tee Blanco","2026-02","7","14.67","13.50","13.75","50","51.67","22"
"YoungLA Pump Cover Tee Blanco","2026-03","22","15.00","15.67","14.75","56","51.33","31"
"YoungLA Pump Cover Tee Blanco","2026-04","31","20.00","19.17","16.08","56","54.00","21"
"YoungLA Pump Cover Tee Blanco","2026-05","21","24.67","19.67","16.50","64","58.67","18"
"YoungLA Ribbed Leggings Negro","2023-06","2","2.00","1.67","1.50","69","84.33","2"
"YoungLA Ribbed Leggings Negro","2023-07","2","2.00","1.67","1.58","71","81.00","0"
"YoungLA Ribbed Leggings Negro","2023-08","0","1.33","1.33","1.50","77","72.33","1"
"YoungLA Ribbed Leggings Negro","2023-09","1","1.00","1.50","1.42","92","80.00","2"
"YoungLA Ribbed Leggings Negro","2023-10","2","1.00","1.50","1.42","62","77.00","2"
"YoungLA Ribbed Leggings Negro","2023-11","2","1.67","1.50","1.58","76","76.67","2"
"YoungLA Ribbed Leggings Negro","2023-12","2","2.00","1.50","1.58","115","84.33","2"
"YoungLA Ribbed Leggings Negro","2024-01","2","2.00","1.50","1.58","83","91.33","0"
"YoungLA Ribbed Leggings Negro","2024-02","0","1.33","1.50","1.42","98","98.67","0"
"YoungLA Ribbed Leggings Negro","2024-03","0","0.67","1.33","1.42","72","84.33","2"
"YoungLA Ribbed Leggings Negro","2024-04","2","0.67","1.33","1.42","104","91.33","3"
"YoungLA Ribbed Leggings Negro","2024-05","3","1.67","1.50","1.50","98","91.33","2"
"YoungLA Ribbed Leggings Negro","2024-06","2","2.33","1.50","1.50","95","99.00","0"
"YoungLA Ribbed Leggings Negro","2024-07","0","1.67","1.17","1.33","94","95.67","10"
"YoungLA Ribbed Leggings Negro","2024-08","10","4.00","2.83","2.17","98","95.67","9"
"YoungLA Ribbed Leggings Negro","2024-09","9","6.33","4.33","2.83","78","90.00","13"
"YoungLA Ribbed Leggings Negro","2024-10","13","10.67","6.17","3.75","97","91.00","2"
"YoungLA Ribbed Leggings Negro","2024-11","2","8.00","6.00","3.75","91","88.67","5"
"YoungLA Ribbed Leggings Negro","2024-12","5","6.67","6.50","4.00","83","90.33","10"
"YoungLA Ribbed Leggings Negro","2025-01","10","5.67","8.17","4.67","77","83.67","12"
"YoungLA Ribbed Leggings Negro","2025-02","12","9.00","8.50","5.67","111","90.33","7"
"YoungLA Ribbed Leggings Negro","2025-03","7","9.67","8.17","6.25","75","87.67","7"
"YoungLA Ribbed Leggings Negro","2025-04","7","8.67","7.17","6.67","65","83.67","9"
"YoungLA Ribbed Leggings Negro","2025-05","9","7.67","8.33","7.17","114","84.67","10"
"YoungLA Ribbed Leggings Negro","2025-06","10","8.67","9.17","7.83","122","100.33","8"
"YoungLA Ribbed Leggings Negro","2025-07","8","9.00","8.83","8.50","89","108.33","7"
"YoungLA Ribbed Leggings Negro","2025-08","7","8.33","8.00","8.25","102","104.33","10"
"YoungLA Ribbed Leggings Negro","2025-09","10","8.33","8.50","8.33","87","92.67","9"
"YoungLA Ribbed Leggings Negro","2025-10","9","8.67","8.83","8.00","83","90.67","9"
"YoungLA Ribbed Leggings Negro","2025-11","9","9.33","8.83","8.58","93","87.67","12"
"YoungLA Ribbed Leggings Negro","2025-12","12","10.00","9.17","9.17","120","98.67","7"
"YoungLA Ribbed Leggings Negro","2026-01","7","9.33","9.00","8.92","99","104.00","12"
"YoungLA Ribbed Leggings Negro","2026-02","12","10.33","9.83","8.92","94","104.33","13"
"YoungLA Ribbed Leggings Negro","2026-03","13","10.67","10.33","9.42","0","64.33","18"
"YoungLA Ribbed Leggings Negro","2026-04","18","14.33","11.83","10.33","135","76.33","23"
"YoungLA Ribbed Leggings Negro","2026-05","23","18.00","14.17","11.50","107","80.67","22"
"YoungLA Thermal Long Sleeve Azul Marino","2023-06","3","1.67","1.33","1.25","26","20.00","2"
"YoungLA Thermal Long Sleeve Azul Marino","2023-07","2","1.67","1.50","1.42","15","17.00","2"
"YoungLA Thermal Long Sleeve Azul Marino","2023-08","2","2.33","1.50","1.50","13","18.00","3"
"YoungLA Thermal Long Sleeve Azul Marino","2023-09","3","2.33","2.00","1.58","17","15.00","2"
"YoungLA Thermal Long Sleeve Azul Marino","2023-10","2","2.33","2.00","1.58","18","16.00","3"
"YoungLA Thermal Long Sleeve Azul Marino","2023-11","3","2.67","2.50","1.67","23","19.33","2"
"YoungLA Thermal Long Sleeve Azul Marino","2023-12","2","2.33","2.33","1.83","14","18.33","1"
"YoungLA Thermal Long Sleeve Azul Marino","2024-01","1","2.00","2.17","1.83","12","16.33","2"
"YoungLA Thermal Long Sleeve Azul Marino","2024-02","2","1.67","2.17","1.83","17","14.33","2"
"YoungLA Thermal Long Sleeve Azul Marino","2024-03","2","1.67","2.00","2.00","13","14.00","3"
"YoungLA Thermal Long Sleeve Azul Marino","2024-04","3","2.33","2.17","2.08","23","17.67","2"
"YoungLA Thermal Long Sleeve Azul Marino","2024-05","2","2.33","2.00","2.25","18","18.00","3"
"YoungLA Thermal Long Sleeve Azul Marino","2024-06","3","2.67","2.17","2.25","22","21.00","3"
"YoungLA Thermal Long Sleeve Azul Marino","2024-07","3","2.67","2.50","2.33","15","18.33","0"
"YoungLA Thermal Long Sleeve Azul Marino","2024-08","0","2.00","2.17","2.17","9","15.33","2"
"YoungLA Thermal Long Sleeve Azul Marino","2024-09","2","1.67","2.17","2.08","22","15.33","0"
"YoungLA Thermal Long Sleeve Azul Marino","2024-10","0","0.67","1.67","1.92","16","15.67","3"
"YoungLA Thermal Long Sleeve Azul Marino","2024-11","3","1.67","1.83","1.92","19","19.00","4"
"YoungLA Thermal Long Sleeve Azul Marino","2024-12","4","2.33","2.00","2.08","20","18.33","6"
"YoungLA Thermal Long Sleeve Azul Marino","2025-01","6","4.33","2.50","2.50","21","20.00","5"
"YoungLA Thermal Long Sleeve Azul Marino","2025-02","5","5.00","3.33","2.75","12","17.67","7"
"YoungLA Thermal Long Sleeve Azul Marino","2025-03","7","6.00","4.17","3.17","25","19.33","4"
"YoungLA Thermal Long Sleeve Azul Marino","2025-04","4","5.33","4.83","3.25","29","22.00","0"
"YoungLA Thermal Long Sleeve Azul Marino","2025-05","0","3.67","4.33","3.08","9","21.00","4"
"YoungLA Thermal Long Sleeve Azul Marino","2025-06","4","2.67","4.33","3.17","23","20.33","6"
"YoungLA Thermal Long Sleeve Azul Marino","2025-07","6","3.33","4.33","3.42","16","16.00","2"
"YoungLA Thermal Long Sleeve Azul Marino","2025-08","2","4.00","3.83","3.58","23","20.67","1"
"YoungLA Thermal Long Sleeve Azul Marino","2025-09","1","3.00","2.83","3.50","17","18.67","4"
"YoungLA Thermal Long Sleeve Azul Marino","2025-10","4","2.33","2.83","3.83","20","20.00","3"
"YoungLA Thermal Long Sleeve Azul Marino","2025-11","3","2.67","3.33","3.83","19","18.67","6"
"YoungLA Thermal Long Sleeve Azul Marino","2025-12","6","4.33","3.67","4.00","25","21.33","4"
"YoungLA Thermal Long Sleeve Azul Marino","2026-01","4","4.33","3.33","3.83","18","20.67","0"
"YoungLA Thermal Long Sleeve Azul Marino","2026-02","0","3.33","3.00","3.42","0","14.33","7"
"YoungLA Thermal Long Sleeve Azul Marino","2026-03","7","3.67","4.00","3.42","23","13.67","1"
"YoungLA Thermal Long Sleeve Azul Marino","2026-04","1","2.67","3.50","3.17","12","11.67","9"
"YoungLA Thermal Long Sleeve Azul Marino","2026-05","9","5.67","4.50","3.92","27","20.67","13"
"YoungLA Training Stringer Negro","2023-06","5","5.00","4.33","4.50","33","33.33","4"
"YoungLA Training Stringer Negro","2023-07","4","4.33","4.33","4.58","28","32.33","3"
"YoungLA Training Stringer Negro","2023-08","3","4.00","4.33","4.50","21","27.33","5"
"YoungLA Training Stringer Negro","2023-09","5","4.00","4.50","4.50","30","26.33","4"
"YoungLA Training Stringer Negro","2023-10","4","4.00","4.17","4.42","32","27.67","5"
"YoungLA Training Stringer Negro","2023-11","5","4.67","4.33","4.33","25","29.00","6"
"YoungLA Training Stringer Negro","2023-12","6","5.00","4.50","4.42","29","28.67","4"
"YoungLA Training Stringer Negro","2024-01","4","5.00","4.50","4.42","32","28.67","5"
"YoungLA Training Stringer Negro","2024-02","5","5.00","4.83","4.58","31","30.67","4"
"YoungLA Training Stringer Negro","2024-03","4","4.33","4.67","4.58","29","30.67","5"
"YoungLA Training Stringer Negro","2024-04","5","4.67","4.83","4.50","43","34.33","6"
"YoungLA Training Stringer Negro","2024-05","6","5.00","5.00","4.67","39","37.00","4"
"YoungLA Training Stringer Negro","2024-06","4","5.00","4.67","4.58","27","36.33","5"
"YoungLA Training Stringer Negro","2024-07","5","5.00","4.83","4.67","33","33.00","12"
"YoungLA Training Stringer Negro","2024-08","12","7.00","6.00","5.42","32","30.67","12"
"YoungLA Training Stringer Negro","2024-09","12","9.67","7.33","6.00","29","31.33","5"
"YoungLA Training Stringer Negro","2024-10","5","9.67","7.33","6.08","19","26.67","12"
"YoungLA Training Stringer Negro","2024-11","12","9.67","8.33","6.67","35","27.67","4"
"YoungLA Training Stringer Negro","2024-12","4","7.00","8.33","6.50","34","29.33","11"
"YoungLA Training Stringer Negro","2025-01","11","9.00","9.33","7.08","30","33.00","10"
"YoungLA Training Stringer Negro","2025-02","10","8.33","9.00","7.50","39","34.33","10"
"YoungLA Training Stringer Negro","2025-03","10","10.33","8.67","8.00","36","35.00","9"
"YoungLA Training Stringer Negro","2025-04","9","9.67","9.33","8.33","34","36.33","12"
"YoungLA Training Stringer Negro","2025-05","12","10.33","9.33","8.83","36","35.33","12"
"YoungLA Training Stringer Negro","2025-06","12","11.00","10.67","9.50","42","37.33","14"
"YoungLA Training Stringer Negro","2025-07","14","12.67","11.17","10.25","30","36.00","9"
"YoungLA Training Stringer Negro","2025-08","9","11.67","11.00","10.00","30","34.00","12"
"YoungLA Training Stringer Negro","2025-09","12","11.67","11.33","10.00","31","30.33","4"
"YoungLA Training Stringer Negro","2025-10","4","8.33","10.50","9.92","19","26.67","15"
"YoungLA Training Stringer Negro","2025-11","15","10.33","11.00","10.17","44","31.33","5"
"YoungLA Training Stringer Negro","2025-12","5","8.00","9.83","10.25","39","34.00","11"
"YoungLA Training Stringer Negro","2026-01","11","10.33","9.33","10.25","29","37.33","12"
"YoungLA Training Stringer Negro","2026-02","12","9.33","9.83","10.42","39","35.67","8"
"YoungLA Training Stringer Negro","2026-03","8","10.33","9.17","10.25","40","36.00","14"
"YoungLA Training Stringer Negro","2026-04","14","11.33","10.83","10.67","26","35.00","18"
"YoungLA Training Stringer Negro","2026-05","18","13.33","11.33","11.17","32","32.67","7"
"YoungLA Varsity Hoodie Verde","2023-06","0","0.67","0.67","1.08","39","33.67","2"
"YoungLA Varsity Hoodie Verde","2023-07","2","0.67","0.67","1.08","30","35.33","2"
"YoungLA Varsity Hoodie Verde","2023-08","2","1.33","1.00","1.08","37","35.33","0"
"YoungLA Varsity Hoodie Verde","2023-09","0","1.33","1.00","0.92","21","29.33","3"
"YoungLA Varsity Hoodie Verde","2023-10","3","1.67","1.17","1.17","30","29.33","0"
"YoungLA Varsity Hoodie Verde","2023-11","0","1.00","1.17","1.17","23","24.67","3"
"YoungLA Varsity Hoodie Verde","2023-12","3","2.00","1.67","1.17","34","29.00","2"
"YoungLA Varsity Hoodie Verde","2024-01","2","1.67","1.67","1.17","24","27.00","3"
"YoungLA Varsity Hoodie Verde","2024-02","3","2.67","1.83","1.42","35","31.00","0"
"YoungLA Varsity Hoodie Verde","2024-03","0","1.67","1.83","1.42","0","19.67","3"
"YoungLA Varsity Hoodie Verde","2024-04","3","2.00","1.83","1.50","53","29.33","3"
"YoungLA Varsity Hoodie Verde","2024-05","3","2.00","2.33","1.75","36","29.67","3"
"YoungLA Varsity Hoodie Verde","2024-06","3","3.00","2.33","2.00","43","44.00","10"
"YoungLA Varsity Hoodie Verde","2024-07","10","5.33","3.67","2.67","31","36.67","8"
"YoungLA Varsity Hoodie Verde","2024-08","8","7.00","4.50","3.17","41","38.33","7"
"YoungLA Varsity Hoodie Verde","2024-09","7","8.33","5.67","3.75","38","36.67","11"
"YoungLA Varsity Hoodie Verde","2024-10","11","8.67","7.00","4.42","45","41.33","13"
"YoungLA Varsity Hoodie Verde","2024-11","13","10.33","8.67","5.50","36","39.67","10"
"YoungLA Varsity Hoodie Verde","2024-12","10","11.33","9.83","6.08","61","47.33","13"
"YoungLA Varsity Hoodie Verde","2025-01","13","12.00","10.33","7.00","41","46.00","9"
"YoungLA Varsity Hoodie Verde","2025-02","9","10.67","10.50","7.50","48","50.00","4"
"YoungLA Varsity Hoodie Verde","2025-03","4","8.67","10.00","7.83","53","47.33","12"
"YoungLA Varsity Hoodie Verde","2025-04","12","8.33","10.17","8.58","39","46.67","10"
"YoungLA Varsity Hoodie Verde","2025-05","10","8.67","9.67","9.17","37","43.00","9"
"YoungLA Varsity Hoodie Verde","2025-06","9","10.33","9.50","9.67","43","39.67","13"
"YoungLA Varsity Hoodie Verde","2025-07","13","10.67","9.50","9.92","29","36.33","14"
"YoungLA Varsity Hoodie Verde","2025-08","14","12.00","10.33","10.42","32","34.67","14"
"YoungLA Varsity Hoodie Verde","2025-09","14","13.67","12.00","11.00","32","31.00","15"
"YoungLA Varsity Hoodie Verde","2025-10","15","14.33","12.50","11.33","38","34.00","15"
"YoungLA Varsity Hoodie Verde","2025-11","15","14.67","13.33","11.50","59","43.00","12"
"YoungLA Varsity Hoodie Verde","2025-12","12","14.00","13.83","11.67","64","53.67","13"
"YoungLA Varsity Hoodie Verde","2026-01","13","13.33","13.83","11.67","34","52.33","10"
"YoungLA Varsity Hoodie Verde","2026-02","10","11.67","13.17","11.75","56","51.33","8"
"YoungLA Varsity Hoodie Verde","2026-03","8","10.33","12.17","12.08","41","43.67","12"
"YoungLA Varsity Hoodie Verde","2026-04","12","10.00","11.67","12.08","39","45.33","12"
"YoungLA Varsity Hoodie Verde","2026-05","12","10.67","11.17","12.25","62","47.33","21"
